[2026-08-15 05:09:08.349 +00:00] [INF] [4] Emby.Server.Implementations.AppBase.BaseConfigurationManager: Setting cache path: "/cache"
[2026-08-15 05:09:08.545 +00:00] [INF] [4] Jellyfin.Server.ServerSetupApp.SetupServer: Kestrel is listening on "0.0.0.0"
[2026-08-15 05:09:08.578 +00:00] [INF] [4] Main: Jellyfin version: "10.11.11"
[2026-08-15 05:09:08.581 +00:00] [INF] [4] Main: Environment Variables: ["[JELLYFIN_CACHE_DIR, /cache]", "[JELLYFIN_CONFIG_DIR, /config/config]", "[JELLYFIN_WEB_DIR, /jellyfin/jellyfin-web]", "[JELLYFIN_DATA_DIR, /config]", "[JELLYFIN_FFMPEG, /usr/lib/jellyfin-ffmpeg/ffmpeg]", "[JELLYFIN_LOG_DIR, /config/log]"]
[2026-08-15 05:09:08.583 +00:00] [INF] [4] Main: Arguments: ["/jellyfin/jellyfin.dll"]
[2026-08-15 05:09:08.584 +00:00] [INF] [4] Main: Operating system: "Debian GNU/Linux 13 (trixie)"
[2026-08-15 05:09:08.584 +00:00] [INF] [4] Main: Architecture: Arm64
[2026-08-15 05:09:08.584 +00:00] [INF] [4] Main: 64-Bit Process: True
[2026-08-15 05:09:08.585 +00:00] [INF] [4] Main: User Interactive: True
[2026-08-15 05:09:08.585 +00:00] [INF] [4] Main: Processor count: 2
[2026-08-15 05:09:08.585 +00:00] [INF] [4] Main: Program data path: "/config"
[2026-08-15 05:09:08.585 +00:00] [INF] [4] Main: Log directory path: "/config/log"
[2026-08-15 05:09:08.585 +00:00] [INF] [4] Main: Config directory path: "/config/config"
[2026-08-15 05:09:08.585 +00:00] [INF] [4] Main: Cache path: "/cache"
[2026-08-15 05:09:08.585 +00:00] [INF] [4] Main: Temp directory path: "/tmp/jellyfin"
[2026-08-15 05:09:08.585 +00:00] [INF] [4] Main: Web resources path: "/jellyfin/jellyfin-web"
[2026-08-15 05:09:08.585 +00:00] [INF] [4] Main: Application directory: "/jellyfin/"
[2026-08-15 05:09:08.600 +00:00] [INF] [4] Jellyfin.Server.Startup: Storage path `"/config/data"` (Fixed) successfully checked with "91.2GiB" free which is over the minimum of "2GiB".
[2026-08-15 05:09:08.600 +00:00] [INF] [4] Jellyfin.Server.Startup: Storage path `"/cache"` (Fixed) successfully checked with "91.2GiB" free which is over the minimum of "2GiB".
[2026-08-15 05:09:08.601 +00:00] [INF] [4] Jellyfin.Server.Startup: Storage path `"/config"` (Fixed) successfully checked with "91.2GiB" free which is over the minimum of "2GiB".
[2026-08-15 05:09:08.647 +00:00] [INF] [4] Emby.Server.Implementations.AppBase.BaseConfigurationManager: Setting cache path: "/cache"
[2026-08-15 05:09:08.710 +00:00] [INF] [4] Jellyfin.Database.Providers.Sqlite.SqliteDatabaseProvider: SQLite connection string: "Data Source=/config/data/jellyfin.db;Cache=Default;Default Timeout=30;Pooling=True"
[2026-08-15 05:09:08.717 +00:00] [INF] [4] Jellyfin.Database.Providers.Sqlite.SqliteDatabaseProvider: SQLITE connection pragma command set to: 
"PRAGMA locking_mode=NORMAL;
PRAGMA journal_size_limit=134217728;
PRAGMA synchronous=1;
PRAGMA temp_store=2;
"
[2026-08-15 05:09:08.718 +00:00] [INF] [4] Jellyfin.Database.Implementations.Locking.NoLockBehavior: The database locking mode has been set to: NoLock.
[2026-08-15 05:09:08.754 +00:00] [INF] [4] Jellyfin.Server.Migrations.JellyfinMigrationService: Initialise Migration service.
[2026-08-15 05:09:08.755 +00:00] [INF] [4] Jellyfin.Server.Migrations.JellyfinMigrationService: System initialisation detected. Seed data.
[2026-08-15 05:09:10.023 +00:00] [INF] [4] Jellyfin.Server.Migrations.JellyfinMigrationService: Seed migration null-"UpdateNormalizedUsername".
[2026-08-15 05:09:10.027 +00:00] [INF] [4] Jellyfin.Server.Migrations.JellyfinMigrationService: Seed migration null-"CleanMusicArtist".
[2026-08-15 05:09:10.027 +00:00] [INF] [4] Jellyfin.Server.Migrations.JellyfinMigrationService: Seed migration ef103419-8451-40d8-9f34-d1a8e93a1679-"CreateUserLoggingConfigFile".
[2026-08-15 05:09:10.030 +00:00] [INF] [4] Jellyfin.Server.Migrations.JellyfinMigrationService: Seed migration 4124c2cd-e939-4ffb-9be9-9b311c413638-"DisableTranscodingThrottling".
[2026-08-15 05:09:10.030 +00:00] [INF] [4] Jellyfin.Server.Migrations.JellyfinMigrationService: Seed migration cf6fabc2-9fbe-4933-84a5-ffe52ef22a58-"FixAudioData".
[2026-08-15 05:09:10.030 +00:00] [INF] [4] Jellyfin.Server.Migrations.JellyfinMigrationService: Seed migration null-"FixDates".
[2026-08-15 05:09:10.030 +00:00] [INF] [4] Jellyfin.Server.Migrations.JellyfinMigrationService: Seed migration null-"FixLibrarySubtitleDownloadLanguages".
[2026-08-15 05:09:10.030 +00:00] [INF] [4] Jellyfin.Server.Migrations.JellyfinMigrationService: Seed migration 615dfa9e-2497-4dbb-a472-61938b752c5b-"FixPlaylistOwner".
[2026-08-15 05:09:10.031 +00:00] [INF] [4] Jellyfin.Server.Migrations.JellyfinMigrationService: Seed migration 3793eb59-bc8c-456c-8b9f-bd5a62a42978-"MigrateActivityLogDb".
[2026-08-15 05:09:10.031 +00:00] [INF] [4] Jellyfin.Server.Migrations.JellyfinMigrationService: Seed migration 5bd72f41-e6f3-4f60-90aa-09869abe0e22-"MigrateAuthenticationDb".
[2026-08-15 05:09:10.032 +00:00] [INF] [4] Jellyfin.Server.Migrations.JellyfinMigrationService: Seed migration 06387815-c3cc-421f-a888-fb5f9992bea8-"MigrateDisplayPreferencesDb".
[2026-08-15 05:09:10.032 +00:00] [INF] [4] Jellyfin.Server.Migrations.JellyfinMigrationService: Seed migration null-"MigrateKeyframeData".
[2026-08-15 05:09:10.032 +00:00] [INF] [4] Jellyfin.Server.Migrations.JellyfinMigrationService: Seed migration null-"MigrateLibraryDb".
[2026-08-15 05:09:10.032 +00:00] [INF] [4] Jellyfin.Server.Migrations.JellyfinMigrationService: Seed migration null-"MigrateLibraryDbCompatibilityCheck".
[2026-08-15 05:09:10.033 +00:00] [INF] [4] Jellyfin.Server.Migrations.JellyfinMigrationService: Seed migration null-"MigrateLibraryUserData".
[2026-08-15 05:09:10.033 +00:00] [INF] [4] Jellyfin.Server.Migrations.JellyfinMigrationService: Seed migration null-"MigrateRatingLevels".
[2026-08-15 05:09:10.033 +00:00] [INF] [4] Jellyfin.Server.Migrations.JellyfinMigrationService: Seed migration 5c4b82a2-f053-4009-bd05-b6fcad82f14c-"MigrateUserDb".
[2026-08-15 05:09:10.034 +00:00] [INF] [4] Jellyfin.Server.Migrations.JellyfinMigrationService: Seed migration null-"MoveExtractedFiles".
[2026-08-15 05:09:10.034 +00:00] [INF] [4] Jellyfin.Server.Migrations.JellyfinMigrationService: Seed migration null-"RefreshInternalDateModified".
[2026-08-15 05:09:10.034 +00:00] [INF] [4] Jellyfin.Server.Migrations.JellyfinMigrationService: Seed migration a81f75e0-8f43-416f-a5e8-516ccab4d8cc-"RemoveDownloadImagesInAdvance".
[2026-08-15 05:09:10.034 +00:00] [INF] [4] Jellyfin.Server.Migrations.JellyfinMigrationService: Seed migration acbe17b7-8435-4a83-8b64-6fcf162cb9bd-"RemoveDuplicateExtras".
[2026-08-15 05:09:10.035 +00:00] [INF] [4] Jellyfin.Server.Migrations.JellyfinMigrationService: Seed migration 96c156a2-7a13-4b3b-a8b8-fb80c94d20c0-"RemoveDuplicatePlaylistChildren".
[2026-08-15 05:09:10.035 +00:00] [INF] [4] Jellyfin.Server.Migrations.JellyfinMigrationService: Seed migration null-"ReseedFolderFlag".
[2026-08-15 05:09:10.035 +00:00] [INF] [4] Jellyfin.Server.Migrations.JellyfinMigrationService: Seed migration 9b354818-94d5-4b68-ac49-e35cb85f9d84-"CreateNetworkConfiguration".
[2026-08-15 05:09:10.036 +00:00] [INF] [4] Jellyfin.Server.Migrations.JellyfinMigrationService: Seed migration a8e61960-7726-4450-8f3d-82c12daabbcb-"MigrateEncodingOptions".
[2026-08-15 05:09:10.036 +00:00] [INF] [4] Jellyfin.Server.Migrations.JellyfinMigrationService: Seed migration a6dcacf4-c057-4ef9-80d3-61cef9ddb4f0-"MigrateMusicBrainzTimeout".
[2026-08-15 05:09:10.036 +00:00] [INF] [4] Jellyfin.Server.Migrations.JellyfinMigrationService: Seed migration 4fb5c950-1991-11ee-9b4b-0800200c9a66-"MigrateNetworkConfiguration".
[2026-08-15 05:09:10.036 +00:00] [INF] [4] Jellyfin.Server.Migrations.JellyfinMigrationService: Seed migration e73b777d-cd5c-4e71-957a-b86b3660b7cf-"RenameEnableGroupingIntoCollections".
[2026-08-15 05:09:10.043 +00:00] [INF] [4] Jellyfin.Server.Migrations.JellyfinMigrationService: Migration system initialisation completed.
[2026-08-15 05:09:10.050 +00:00] [INF] [4] Jellyfin.Server.Migrations.JellyfinMigrationService: There are 0 migrations for stage PreInitialisation.
[2026-08-15 05:09:10.058 +00:00] [INF] [4] Emby.Server.Implementations.AppBase.BaseConfigurationManager: Setting cache path: "/cache"
[2026-08-15 05:09:10.067 +00:00] [INF] [4] Emby.Server.Implementations.ApplicationHost: Loading assemblies
[2026-08-15 05:09:10.103 +00:00] [INF] [4] Jellyfin.Networking.Manager.NetworkManager: Defined LAN subnets: ["127.0.0.1/8", "10.0.0.0/8", "172.16.0.0/12", "192.168.0.0/16"]
[2026-08-15 05:09:10.103 +00:00] [INF] [4] Jellyfin.Networking.Manager.NetworkManager: Defined LAN exclusions: []
[2026-08-15 05:09:10.104 +00:00] [INF] [4] Jellyfin.Networking.Manager.NetworkManager: Used LAN subnets: ["127.0.0.1/8", "10.0.0.0/8", "172.16.0.0/12", "192.168.0.0/16"]
[2026-08-15 05:09:10.105 +00:00] [INF] [4] Jellyfin.Networking.Manager.NetworkManager: Filtered interface addresses: ["127.0.0.1", "172.17.0.2"]
[2026-08-15 05:09:10.105 +00:00] [INF] [4] Jellyfin.Networking.Manager.NetworkManager: Bind Addresses ["0.0.0.0"]
[2026-08-15 05:09:10.106 +00:00] [INF] [4] Jellyfin.Networking.Manager.NetworkManager: Remote IP filter is "Allowlist"
[2026-08-15 05:09:10.106 +00:00] [INF] [4] Jellyfin.Networking.Manager.NetworkManager: Filtered subnets: []
[2026-08-15 05:09:10.194 +00:00] [INF] [4] Jellyfin.Database.Providers.Sqlite.SqliteDatabaseProvider: SQLite connection string: "Data Source=/config/data/jellyfin.db;Cache=Default;Default Timeout=30;Pooling=True"
[2026-08-15 05:09:10.194 +00:00] [INF] [4] Jellyfin.Database.Providers.Sqlite.SqliteDatabaseProvider: SQLITE connection pragma command set to: 
"PRAGMA locking_mode=NORMAL;
PRAGMA journal_size_limit=134217728;
PRAGMA synchronous=1;
PRAGMA temp_store=2;
"
[2026-08-15 05:09:10.195 +00:00] [INF] [4] Jellyfin.Database.Implementations.Locking.NoLockBehavior: The database locking mode has been set to: NoLock.
[2026-08-15 05:09:10.200 +00:00] [INF] [4] Main: Prepare system for possible migrations
[2026-08-15 05:09:10.237 +00:00] [INF] [4] Main: A migration will attempt to modify the jellyfin.db, will attempt to backup the file now.
[2026-08-15 05:09:10.237 +00:00] [INF] [4] Main: Jellyfin database has been backed up as "20260815050910"
[2026-08-15 05:09:10.241 +00:00] [INF] [4] Jellyfin.Server.Migrations.JellyfinMigrationService: There are 0 migrations for stage CoreInitialisation.
[2026-08-15 05:09:10.243 +00:00] [INF] [4] InternalDatabaseMigration: Perform migration "20200514181226_AddActivityLog"
[2026-08-15 05:09:10.286 +00:00] [INF] [4] InternalDatabaseMigration: Migration "20200514181226_AddActivityLog" was successfully applied
[2026-08-15 05:09:10.286 +00:00] [INF] [4] InternalDatabaseMigration: Perform migration "20200613202153_AddUsers"
[2026-08-15 05:09:10.323 +00:00] [INF] [4] InternalDatabaseMigration: Migration "20200613202153_AddUsers" was successfully applied
[2026-08-15 05:09:10.323 +00:00] [INF] [4] InternalDatabaseMigration: Perform migration "20200728005145_AddDisplayPreferences"
[2026-08-15 05:09:10.356 +00:00] [INF] [4] InternalDatabaseMigration: Migration "20200728005145_AddDisplayPreferences" was successfully applied
[2026-08-15 05:09:10.357 +00:00] [INF] [4] InternalDatabaseMigration: Perform migration "20200905220533_FixDisplayPreferencesIndex"
[2026-08-15 05:09:10.368 +00:00] [INF] [4] InternalDatabaseMigration: Migration "20200905220533_FixDisplayPreferencesIndex" was successfully applied
[2026-08-15 05:09:10.368 +00:00] [INF] [4] InternalDatabaseMigration: Perform migration "20201004171403_AddMaxActiveSessions"
[2026-08-15 05:09:10.387 +00:00] [INF] [4] InternalDatabaseMigration: Migration "20201004171403_AddMaxActiveSessions" was successfully applied
[2026-08-15 05:09:10.387 +00:00] [INF] [4] InternalDatabaseMigration: Perform migration "20201204223655_AddCustomDisplayPreferences"
[2026-08-15 05:09:10.417 +00:00] [INF] [4] InternalDatabaseMigration: Migration "20201204223655_AddCustomDisplayPreferences" was successfully applied
[2026-08-15 05:09:10.417 +00:00] [INF] [4] InternalDatabaseMigration: Perform migration "20210320181425_AddIndexesAndCollations"
[2026-08-15 05:09:10.444 +00:00] [WRN] [4] Microsoft.EntityFrameworkCore.Migrations: An operation of type '"SqlOperation"' will be attempted while a rebuild of table '"ImageInfos"' is pending. The database may not be in an expected state. Review the SQL generated by this migration to help diagnose any failures. Consider moving these operations to a subsequent migration.
[2026-08-15 05:09:10.445 +00:00] [WRN] [4] Microsoft.EntityFrameworkCore.Migrations: An operation of type '"SqlOperation"' will be attempted while a rebuild of table '"ImageInfos"' is pending. The database may not be in an expected state. Review the SQL generated by this migration to help diagnose any failures. Consider moving these operations to a subsequent migration.
[2026-08-15 05:09:10.446 +00:00] [WRN] [4] Microsoft.EntityFrameworkCore.Migrations: An operation of type '"SqlOperation"' will be attempted while a rebuild of table '"Permissions"' is pending. The database may not be in an expected state. Review the SQL generated by this migration to help diagnose any failures. Consider moving these operations to a subsequent migration.
[2026-08-15 05:09:10.447 +00:00] [WRN] [4] Microsoft.EntityFrameworkCore.Migrations: An operation of type '"SqlOperation"' will be attempted while a rebuild of table '"Permissions"' is pending. The database may not be in an expected state. Review the SQL generated by this migration to help diagnose any failures. Consider moving these operations to a subsequent migration.
[2026-08-15 05:09:10.448 +00:00] [WRN] [4] Microsoft.EntityFrameworkCore.Migrations: An operation of type '"SqlOperation"' will be attempted while a rebuild of table '"Preferences"' is pending. The database may not be in an expected state. Review the SQL generated by this migration to help diagnose any failures. Consider moving these operations to a subsequent migration.
[2026-08-15 05:09:10.448 +00:00] [WRN] [4] Microsoft.EntityFrameworkCore.Migrations: An operation of type '"SqlOperation"' will be attempted while a rebuild of table '"Preferences"' is pending. The database may not be in an expected state. Review the SQL generated by this migration to help diagnose any failures. Consider moving these operations to a subsequent migration.
[2026-08-15 05:09:10.449 +00:00] [WRN] [4] Microsoft.EntityFrameworkCore.Migrations: An operation of type '"SqlOperation"' will be attempted while a rebuild of table '"Users"' is pending. The database may not be in an expected state. Review the SQL generated by this migration to help diagnose any failures. Consider moving these operations to a subsequent migration.
[2026-08-15 05:09:10.449 +00:00] [WRN] [4] Microsoft.EntityFrameworkCore.Migrations: An operation of type '"SqlOperation"' will be attempted while a rebuild of table '"Users"' is pending. The database may not be in an expected state. Review the SQL generated by this migration to help diagnose any failures. Consider moving these operations to a subsequent migration.
[2026-08-15 05:09:10.463 +00:00] [INF] [4] InternalDatabaseMigration: Migration "20210320181425_AddIndexesAndCollations" was successfully applied
[2026-08-15 05:09:10.463 +00:00] [INF] [4] InternalDatabaseMigration: Perform migration "20210407110544_NullableCustomPrefValue"
[2026-08-15 05:09:10.484 +00:00] [INF] [4] InternalDatabaseMigration: Migration "20210407110544_NullableCustomPrefValue" was successfully applied
[2026-08-15 05:09:10.485 +00:00] [INF] [4] InternalDatabaseMigration: Perform migration "20210814002109_AddDevices"
[2026-08-15 05:09:10.502 +00:00] [INF] [4] InternalDatabaseMigration: Migration "20210814002109_AddDevices" was successfully applied
[2026-08-15 05:09:10.502 +00:00] [INF] [4] InternalDatabaseMigration: Perform migration "20221022080052_AddIndexActivityLogsDateCreated"
[2026-08-15 05:09:10.516 +00:00] [INF] [4] InternalDatabaseMigration: Migration "20221022080052_AddIndexActivityLogsDateCreated" was successfully applied
[2026-08-15 05:09:10.516 +00:00] [INF] [4] InternalDatabaseMigration: Perform migration "20230526173516_RemoveEasyPassword"
[2026-08-15 05:09:10.543 +00:00] [INF] [4] InternalDatabaseMigration: Migration "20230526173516_RemoveEasyPassword" was successfully applied
[2026-08-15 05:09:10.543 +00:00] [INF] [4] InternalDatabaseMigration: Perform migration "20230626233818_AddTrickplayInfos"
[2026-08-15 05:09:10.559 +00:00] [INF] [4] InternalDatabaseMigration: Migration "20230626233818_AddTrickplayInfos" was successfully applied
[2026-08-15 05:09:10.559 +00:00] [INF] [4] InternalDatabaseMigration: Perform migration "20230923170422_UserCastReceiver"
[2026-08-15 05:09:10.573 +00:00] [INF] [4] InternalDatabaseMigration: Migration "20230923170422_UserCastReceiver" was successfully applied
[2026-08-15 05:09:10.574 +00:00] [INF] [4] InternalDatabaseMigration: Perform migration "20240729140605_AddMediaSegments"
[2026-08-15 05:09:10.589 +00:00] [INF] [4] InternalDatabaseMigration: Migration "20240729140605_AddMediaSegments" was successfully applied
[2026-08-15 05:09:10.589 +00:00] [INF] [4] InternalDatabaseMigration: Perform migration "20240928082930_MarkSegmentProviderIdNonNullable"
[2026-08-15 05:09:10.619 +00:00] [INF] [4] InternalDatabaseMigration: Migration "20240928082930_MarkSegmentProviderIdNonNullable" was successfully applied
[2026-08-15 05:09:10.619 +00:00] [INF] [4] InternalDatabaseMigration: Perform migration "20241020103111_LibraryDbMigration"
[2026-08-15 05:09:10.686 +00:00] [INF] [4] InternalDatabaseMigration: Migration "20241020103111_LibraryDbMigration" was successfully applied
[2026-08-15 05:09:10.686 +00:00] [INF] [4] InternalDatabaseMigration: Perform migration "20241111131257_AddedCustomDataKey"
[2026-08-15 05:09:10.718 +00:00] [INF] [4] InternalDatabaseMigration: Migration "20241111131257_AddedCustomDataKey" was successfully applied
[2026-08-15 05:09:10.718 +00:00] [INF] [4] InternalDatabaseMigration: Perform migration "20241111135439_AddedCustomDataKeyKey"
[2026-08-15 05:09:10.783 +00:00] [INF] [4] InternalDatabaseMigration: Migration "20241111135439_AddedCustomDataKeyKey" was successfully applied
[2026-08-15 05:09:10.784 +00:00] [INF] [4] InternalDatabaseMigration: Perform migration "20241112152323_FixAncestorIdConfig"
[2026-08-15 05:09:10.844 +00:00] [INF] [4] InternalDatabaseMigration: Migration "20241112152323_FixAncestorIdConfig" was successfully applied
[2026-08-15 05:09:10.844 +00:00] [INF] [4] InternalDatabaseMigration: Perform migration "20241112232041_FixMediaStreams"
[2026-08-15 05:09:10.914 +00:00] [INF] [4] InternalDatabaseMigration: Migration "20241112232041_FixMediaStreams" was successfully applied
[2026-08-15 05:09:10.914 +00:00] [INF] [4] InternalDatabaseMigration: Perform migration "20241112234144_FixMediaStreams2"
[2026-08-15 05:09:10.983 +00:00] [INF] [4] InternalDatabaseMigration: Migration "20241112234144_FixMediaStreams2" was successfully applied
[2026-08-15 05:09:10.983 +00:00] [INF] [4] InternalDatabaseMigration: Perform migration "20241113133548_EnforceUniqueItemValue"
[2026-08-15 05:09:11.013 +00:00] [INF] [4] InternalDatabaseMigration: Migration "20241113133548_EnforceUniqueItemValue" was successfully applied
[2026-08-15 05:09:11.013 +00:00] [INF] [4] InternalDatabaseMigration: Perform migration "20250202021306_FixedCollation"
[2026-08-15 05:09:11.077 +00:00] [INF] [4] InternalDatabaseMigration: Migration "20250202021306_FixedCollation" was successfully applied
[2026-08-15 05:09:11.078 +00:00] [INF] [4] InternalDatabaseMigration: Perform migration "20250204092455_MakeStartEndDateNullable"
[2026-08-15 05:09:11.146 +00:00] [INF] [4] InternalDatabaseMigration: Migration "20250204092455_MakeStartEndDateNullable" was successfully applied
[2026-08-15 05:09:11.146 +00:00] [INF] [4] InternalDatabaseMigration: Perform migration "20250214031148_ChannelIdGuid"
[2026-08-15 05:09:11.179 +00:00] [INF] [4] InternalDatabaseMigration: Migration "20250214031148_ChannelIdGuid" was successfully applied
[2026-08-15 05:09:11.179 +00:00] [INF] [4] InternalDatabaseMigration: Perform migration "20250326065026_AddInheritedParentalRatingSubValue"
[2026-08-15 05:09:11.214 +00:00] [INF] [4] InternalDatabaseMigration: Migration "20250326065026_AddInheritedParentalRatingSubValue" was successfully applied
[2026-08-15 05:09:11.215 +00:00] [INF] [4] InternalDatabaseMigration: Perform migration "20250327101120_AddKeyframeData"
[2026-08-15 05:09:11.249 +00:00] [INF] [4] InternalDatabaseMigration: Migration "20250327101120_AddKeyframeData" was successfully applied
[2026-08-15 05:09:11.249 +00:00] [INF] [4] InternalDatabaseMigration: Perform migration "20250327171413_AddHdr10PlusFlag"
[2026-08-15 05:09:11.280 +00:00] [INF] [4] InternalDatabaseMigration: Migration "20250327171413_AddHdr10PlusFlag" was successfully applied
[2026-08-15 05:09:11.280 +00:00] [INF] [4] InternalDatabaseMigration: Perform migration "20250331182844_FixAttachmentMigration"
[2026-08-15 05:09:11.342 +00:00] [INF] [4] InternalDatabaseMigration: Migration "20250331182844_FixAttachmentMigration" was successfully applied
[2026-08-15 05:09:11.342 +00:00] [INF] [4] InternalDatabaseMigration: Perform migration "20250401142247_FixAncestors"
[2026-08-15 05:09:11.373 +00:00] [INF] [4] InternalDatabaseMigration: Migration "20250401142247_FixAncestors" was successfully applied
[2026-08-15 05:09:11.373 +00:00] [INF] [4] InternalDatabaseMigration: Perform migration "20250405075612_FixItemValuesIndices"
[2026-08-15 05:09:11.405 +00:00] [INF] [4] InternalDatabaseMigration: Migration "20250405075612_FixItemValuesIndices" was successfully applied
[2026-08-15 05:09:11.405 +00:00] [INF] [4] InternalDatabaseMigration: Perform migration "20250609115616_DetachUserDataInsteadOfDelete"
[2026-08-15 05:09:11.474 +00:00] [INF] [4] InternalDatabaseMigration: Migration "20250609115616_DetachUserDataInsteadOfDelete" was successfully applied
[2026-08-15 05:09:11.474 +00:00] [INF] [4] InternalDatabaseMigration: Perform migration "20250622170802_BaseItemImageInfoDateModifiedNullable"
[2026-08-15 05:09:11.539 +00:00] [INF] [4] InternalDatabaseMigration: Migration "20250622170802_BaseItemImageInfoDateModifiedNullable" was successfully applied
[2026-08-15 05:09:11.540 +00:00] [INF] [4] InternalDatabaseMigration: Perform migration "20250714044826_ResetJournalMode"
[2026-08-15 05:09:11.571 +00:00] [INF] [4] InternalDatabaseMigration: Migration "20250714044826_ResetJournalMode" was successfully applied
[2026-08-15 05:09:11.571 +00:00] [INF] [4] InternalDatabaseMigration: Perform migration "20250913211637_AddProperParentChildRelationBaseItemWithCascade"
[2026-08-15 05:09:11.647 +00:00] [INF] [4] InternalDatabaseMigration: Migration "20250913211637_AddProperParentChildRelationBaseItemWithCascade" was successfully applied
[2026-08-15 05:09:11.647 +00:00] [INF] [4] InternalDatabaseMigration: Perform migration "20250925203415_ExtendPeopleMapKey"
[2026-08-15 05:09:11.709 +00:00] [INF] [4] InternalDatabaseMigration: Migration "20250925203415_ExtendPeopleMapKey" was successfully applied
[2026-08-15 05:09:11.709 +00:00] [INF] [4] InternalDatabaseMigration: Perform migration "20260522092303_AddNormalizedUsername"
[2026-08-15 05:09:11.742 +00:00] [INF] [4] InternalDatabaseMigration: Migration "20260522092303_AddNormalizedUsername" was successfully applied
[2026-08-15 05:09:11.742 +00:00] [INF] [4] InternalDatabaseMigration: Perform migration "20260524120336_AddUniqueNormalizedUsernameIndex"
[2026-08-15 05:09:11.778 +00:00] [INF] [4] InternalDatabaseMigration: Migration "20260524120336_AddUniqueNormalizedUsernameIndex" was successfully applied
[2026-08-15 05:09:11.952 +00:00] [INF] [4] Emby.Server.Implementations.AppBase.BaseConfigurationManager: Saving system configuration
[2026-08-15 05:09:11.952 +00:00] [INF] [4] Emby.Server.Implementations.AppBase.BaseConfigurationManager: Setting cache path: "/cache"
[2026-08-15 05:09:11.957 +00:00] [INF] [4] Emby.Server.Implementations.Plugins.PluginManager: Loaded plugin: "TMDb" "10.11.11.0"
[2026-08-15 05:09:11.958 +00:00] [INF] [4] Emby.Server.Implementations.Plugins.PluginManager: Loaded plugin: "Studio Images" "10.11.11.0"
[2026-08-15 05:09:11.958 +00:00] [INF] [4] Emby.Server.Implementations.Plugins.PluginManager: Loaded plugin: "OMDb" "10.11.11.0"
[2026-08-15 05:09:11.969 +00:00] [INF] [4] Emby.Server.Implementations.Plugins.PluginManager: Loaded plugin: "MusicBrainz" "10.11.11.0"
[2026-08-15 05:09:11.970 +00:00] [INF] [4] Emby.Server.Implementations.Plugins.PluginManager: Loaded plugin: "AudioDB" "10.11.11.0"
[2026-08-15 05:09:12.018 +00:00] [INF] [4] Jellyfin.Server.Migrations.JellyfinMigrationService: There are 5 migrations for stage AppInitialisation.
[2026-08-15 05:09:12.020 +00:00] [INF] [4] InternalCodeMigration: Perform migration "20250420090000_AddDefaultPluginRepository"
[2026-08-15 05:09:12.023 +00:00] [INF] [4] Emby.Server.Implementations.AppBase.BaseConfigurationManager: Saving system configuration
[2026-08-15 05:09:12.024 +00:00] [INF] [4] Emby.Server.Implementations.AppBase.BaseConfigurationManager: Setting cache path: "/cache"
[2026-08-15 05:09:12.024 +00:00] [INF] [4] InternalCodeMigration: Migration "20250420090000_AddDefaultPluginRepository" was successfully applied
[2026-08-15 05:09:12.024 +00:00] [INF] [4] InternalCodeMigration: Perform migration "20250420110000_ReaddDefaultPluginRepository"
[2026-08-15 05:09:12.025 +00:00] [INF] [4] InternalCodeMigration: Migration "20250420110000_ReaddDefaultPluginRepository" was successfully applied
[2026-08-15 05:09:12.025 +00:00] [INF] [4] InternalCodeMigration: Perform migration "20250420160000_AddDefaultCastReceivers"
[2026-08-15 05:09:12.026 +00:00] [INF] [4] Emby.Server.Implementations.AppBase.BaseConfigurationManager: Saving system configuration
[2026-08-15 05:09:12.027 +00:00] [INF] [4] Emby.Server.Implementations.AppBase.BaseConfigurationManager: Setting cache path: "/cache"
[2026-08-15 05:09:12.027 +00:00] [INF] [4] InternalCodeMigration: Migration "20250420160000_AddDefaultCastReceivers" was successfully applied
[2026-08-15 05:09:12.027 +00:00] [INF] [4] InternalCodeMigration: Perform migration "20250420170000_UpdateDefaultPluginRepository"
[2026-08-15 05:09:12.028 +00:00] [INF] [4] Emby.Server.Implementations.AppBase.BaseConfigurationManager: Saving system configuration
[2026-08-15 05:09:12.028 +00:00] [INF] [4] Emby.Server.Implementations.AppBase.BaseConfigurationManager: Setting cache path: "/cache"
[2026-08-15 05:09:12.029 +00:00] [INF] [4] InternalCodeMigration: Migration "20250420170000_UpdateDefaultPluginRepository" was successfully applied
[2026-08-15 05:09:12.029 +00:00] [INF] [4] InternalCodeMigration: Perform migration "20250420230000_MoveTrickplayFiles"
[2026-08-15 05:09:12.576 +00:00] [INF] [4] Jellyfin.Server.Migrations.Routines.MoveTrickplayFiles: Checked: 5000 - Moved: 0 - Time: 00:00:00.5446765
[2026-08-15 05:09:12.577 +00:00] [INF] [4] Jellyfin.Server.Migrations.Routines.MoveTrickplayFiles: Moved 0 items in 00:00:00.5461082
[2026-08-15 05:09:12.577 +00:00] [INF] [4] InternalCodeMigration: Migration "20250420230000_MoveTrickplayFiles" was successfully applied
[2026-08-15 05:09:12.578 +00:00] [INF] [4] Main: Attempt to cleanup JellyfinDb backup.
[2026-08-15 05:09:12.620 +00:00] [INF] [6] Main: Kestrel is listening on "0.0.0.0"
[2026-08-15 05:09:12.654 +00:00] [WRN] [4] Microsoft.AspNetCore.DataProtection.KeyManagement.XmlKeyManager: No XML encryptor configured. Key {a081b81e-0432-4b46-960a-89b57a48079b} may be persisted to storage in unencrypted form.
[2026-08-15 05:09:13.341 +00:00] [WRN] [6] Microsoft.AspNetCore.StaticFiles.StaticFileMiddleware: The WebRootPath was not found: "/wwwroot". Static files may be unavailable.
[2026-08-15 05:09:13.948 +00:00] [INF] [6] Emby.Server.Implementations.ApplicationHost: Running startup tasks
[2026-08-15 05:09:13.960 +00:00] [INF] [6] Emby.Server.Implementations.ScheduledTasks.TaskManager: Daily trigger for "Generate Trickplay Images" set to fire at 2026-08-16 03:00:00.000 +00:00, which is 21:50:46.0392248 from now.
[2026-08-15 05:09:13.964 +00:00] [INF] [6] Emby.Server.Implementations.ScheduledTasks.TaskManager: Daily trigger for "Extract Chapter Images" set to fire at 2026-08-16 02:00:00.000 +00:00, which is 20:50:46.0358230 from now.
[2026-08-15 05:09:14.028 +00:00] [INF] [6] MediaBrowser.MediaEncoding.Encoder.MediaEncoder: Found ffmpeg version "7.1.4"
[2026-08-15 05:09:14.077 +00:00] [INF] [6] MediaBrowser.MediaEncoding.Encoder.MediaEncoder: Available "decoders": ["libdav1d", "av1", "av1_cuvid", "av1_rkmpp", "h264", "h264_rkmpp", "h264_cuvid", "hevc", "hevc_rkmpp", "hevc_cuvid", "mpeg1_rkmpp", "mpeg2video", "mpeg2_rkmpp", "mpeg2_cuvid", "mpeg4", "mpeg4_rkmpp", "mpeg4_cuvid", "msmpeg4", "vc1_cuvid", "vp8", "vp8_rkmpp", "libvpx", "vp8_cuvid", "vp9", "vp9_rkmpp", "libvpx-vp9", "vp9_cuvid", "aac", "ac3", "ac4", "dca", "flac", "mp3", "truehd"]
[2026-08-15 05:09:14.097 +00:00] [INF] [6] MediaBrowser.MediaEncoding.Encoder.MediaEncoder: Available "encoders": ["libsvtav1", "av1_nvenc", "libx264", "h264_nvenc", "h264_v4l2m2m", "h264_rkmpp", "libx265", "hevc_nvenc", "hevc_rkmpp", "mjpeg_rkmpp", "aac", "libfdk_aac", "ac3", "alac", "dca", "flac", "libmp3lame", "libopus", "truehd", "libvorbis", "srt"]
[2026-08-15 05:09:14.118 +00:00] [INF] [6] MediaBrowser.MediaEncoding.Encoder.MediaEncoder: Available filters: ["bwdif_cuda", "bwdif_opencl", "hwupload_cuda", "overlay_opencl", "overlay_cuda", "overlay_rkrga", "scale_cuda", "scale_opencl", "scale_rkrga", "tonemapx", "tonemap_cuda", "tonemap_opencl", "transpose_cuda", "transpose_opencl", "vpp_rkrga", "yadif_cuda", "yadif_opencl", "zscale", "alphasrc"]
[2026-08-15 05:09:14.199 +00:00] [WRN] [6] MediaBrowser.MediaEncoding.Encoder.MediaEncoder: Filter: "overlay_vaapi" with option "Action to take when encountering EOF from secondary input" is not available
[2026-08-15 05:09:14.215 +00:00] [WRN] [6] MediaBrowser.MediaEncoding.Encoder.MediaEncoder: Filter: "overlay_vulkan" with option "Action to take when encountering EOF from secondary input" is not available
[2026-08-15 05:09:14.356 +00:00] [INF] [6] MediaBrowser.MediaEncoding.Encoder.MediaEncoder: Available hwaccel types: ["cuda", "drm", "opencl", "rkmpp"]
[2026-08-15 05:09:16.984 +00:00] [INF] [4] Emby.Server.Implementations.ScheduledTasks.TaskManager: "Clean up collections and playlists" Completed after 0 minute(s) and 0 seconds
[2026-08-15 05:09:17.026 +00:00] [INF] [4] Emby.Server.Implementations.ScheduledTasks.TaskManager: "Clean Transcode Directory" Completed after 0 minute(s) and 0 seconds
[2026-08-15 05:09:17.563 +00:00] [INF] [4] Emby.Server.Implementations.ScheduledTasks.TaskManager: "Update Plugins" Completed after 0 minute(s) and 0 seconds
[2026-08-15 05:09:19.183 +00:00] [INF] [6] MediaBrowser.MediaEncoding.Encoder.MediaEncoder: FFmpeg: "/usr/lib/jellyfin-ffmpeg/ffmpeg"
[2026-08-15 05:09:19.185 +00:00] [INF] [6] Emby.Server.Implementations.ApplicationHost: ServerId: "16648ad2fd2544f0bf4e573c8c2f7441"
[2026-08-15 05:09:19.185 +00:00] [INF] [6] Emby.Server.Implementations.ApplicationHost: Core startup complete
[2026-08-15 05:09:19.185 +00:00] [INF] [6] Main: Startup complete 0:00:11.096242
[2026-08-15 05:13:48.286 +00:00] [INF] [28] Emby.Server.Implementations.AppBase.BaseConfigurationManager: Saving system configuration
[2026-08-15 05:13:48.288 +00:00] [INF] [28] Emby.Server.Implementations.AppBase.BaseConfigurationManager: Setting cache path: "/cache"
[2026-08-15 05:13:49.265 +00:00] [WRN] [28] Jellyfin.Server.Implementations.Users.UserManager: No users, creating one with username "root"
[2026-08-15 05:13:49.506 +00:00] [WRN] [28] Microsoft.EntityFrameworkCore.Query: The query uses the 'First'/'FirstOrDefault' operator without 'OrderBy' and filter operators. This may lead to unpredictable results.
[2026-08-15 05:15:08.612 +00:00] [INF] [22] Emby.Server.Implementations.AppBase.BaseConfigurationManager: Saving system configuration
[2026-08-15 05:15:08.613 +00:00] [INF] [22] Emby.Server.Implementations.AppBase.BaseConfigurationManager: Setting cache path: "/cache"
[2026-08-15 05:15:14.858 +00:00] [INF] [22] Jellyfin.Networking.Manager.NetworkManager: Defined LAN subnets: ["127.0.0.1/8", "10.0.0.0/8", "172.16.0.0/12", "192.168.0.0/16"]
[2026-08-15 05:15:14.859 +00:00] [INF] [22] Jellyfin.Networking.Manager.NetworkManager: Defined LAN exclusions: []
[2026-08-15 05:15:14.859 +00:00] [INF] [22] Jellyfin.Networking.Manager.NetworkManager: Used LAN subnets: ["127.0.0.1/8", "10.0.0.0/8", "172.16.0.0/12", "192.168.0.0/16"]
[2026-08-15 05:15:14.859 +00:00] [INF] [22] Jellyfin.Networking.Manager.NetworkManager: Filtered interface addresses: ["127.0.0.1", "172.17.0.2"]
[2026-08-15 05:15:14.859 +00:00] [INF] [22] Jellyfin.Networking.Manager.NetworkManager: Bind Addresses ["0.0.0.0"]
[2026-08-15 05:15:14.860 +00:00] [INF] [22] Jellyfin.Networking.Manager.NetworkManager: Remote IP filter is "Allowlist"
[2026-08-15 05:15:14.860 +00:00] [INF] [22] Jellyfin.Networking.Manager.NetworkManager: Filtered subnets: []
[2026-08-15 05:15:18.263 +00:00] [INF] [22] Emby.Server.Implementations.AppBase.BaseConfigurationManager: Saving system configuration
[2026-08-15 05:15:18.264 +00:00] [INF] [22] Emby.Server.Implementations.AppBase.BaseConfigurationManager: Setting cache path: "/cache"
[2026-08-15 05:15:18.270 +00:00] [INF] [22] Emby.Server.Implementations.Library.LibraryManager: Validating media library
[2026-08-15 05:15:18.464 +00:00] [WRN] [22] MediaBrowser.Controller.Entities.BaseItem: Library folder "/config/data/playlists" is inaccessible or empty, skipping
[2026-08-15 05:15:18.495 +00:00] [WRN] [22] MediaBrowser.Controller.Entities.BaseItem: Library folder "/config/data/playlists" is inaccessible or empty, skipping
[2026-08-15 05:15:18.783 +00:00] [INF] [22] Emby.Server.Implementations.ScheduledTasks.TaskManager: "Scan Media Library" Completed after 0 minute(s) and 0 seconds
[2026-08-15 05:15:25.091 +00:00] [INF] [27] Jellyfin.Server.Implementations.Users.UserManager: Authentication request for "shamal" has succeeded.
[2026-08-15 05:15:25.092 +00:00] [INF] [27] Emby.Server.Implementations.Session.SessionManager: Current/Max sessions for user "shamal": 0/0
[2026-08-15 05:15:25.095 +00:00] [INF] [27] Emby.Server.Implementations.Session.SessionManager: Creating new access token for user 1d21ff1b-c632-4489-9d44-c77ec0f48f34
[2026-08-15 05:15:26.086 +00:00] [INF] [15] Emby.Server.Implementations.HttpServer.WebSocketManager: WS "172.17.0.1" request
[2026-08-15 05:15:37.308 +00:00] [INF] [29] Emby.Server.Implementations.Library.LibraryManager: Validating media library
[2026-08-15 05:15:37.322 +00:00] [WRN] [29] MediaBrowser.Controller.Entities.BaseItem: Library folder "/config/data/playlists" is inaccessible or empty, skipping
[2026-08-15 05:15:37.328 +00:00] [WRN] [29] MediaBrowser.Controller.Entities.BaseItem: Library folder "/config/data/playlists" is inaccessible or empty, skipping
[2026-08-15 05:15:37.339 +00:00] [INF] [29] Emby.Server.Implementations.ScheduledTasks.TaskManager: "Scan Media Library" Completed after 0 minute(s) and 0 seconds
[2026-08-15 05:15:38.415 +00:00] [INF] [27] Emby.Server.Implementations.Library.LibraryManager: Validating media library
[2026-08-15 05:15:38.420 +00:00] [WRN] [27] MediaBrowser.Controller.Entities.BaseItem: Library folder "/config/data/playlists" is inaccessible or empty, skipping
[2026-08-15 05:15:38.425 +00:00] [WRN] [27] MediaBrowser.Controller.Entities.BaseItem: Library folder "/config/data/playlists" is inaccessible or empty, skipping
[2026-08-15 05:15:38.435 +00:00] [INF] [27] Emby.Server.Implementations.ScheduledTasks.TaskManager: "Scan Media Library" Completed after 0 minute(s) and 0 seconds
[2026-08-15 05:16:59.194 +00:00] [INF] [25] Emby.Server.Implementations.Library.LibraryManager: Validating media library
[2026-08-15 05:16:59.199 +00:00] [WRN] [25] MediaBrowser.Controller.Entities.BaseItem: Library folder "/config/data/playlists" is inaccessible or empty, skipping
[2026-08-15 05:16:59.204 +00:00] [WRN] [25] MediaBrowser.Controller.Entities.BaseItem: Library folder "/config/data/playlists" is inaccessible or empty, skipping
[2026-08-15 05:16:59.214 +00:00] [INF] [25] Emby.Server.Implementations.ScheduledTasks.TaskManager: "Scan Media Library" Completed after 0 minute(s) and 0 seconds
[2026-08-15 05:17:25.820 +00:00] [INF] [23] Emby.Server.Implementations.AppBase.BaseConfigurationManager: Saving system configuration
[2026-08-15 05:17:25.821 +00:00] [INF] [23] Emby.Server.Implementations.AppBase.BaseConfigurationManager: Setting cache path: "/cache"
[2026-08-15 05:17:45.534 +00:00] [INF] [20] Emby.Server.Implementations.Library.LibraryManager: Validating media library
[2026-08-15 05:17:45.538 +00:00] [WRN] [20] MediaBrowser.Controller.Entities.BaseItem: Library folder "/config/data/playlists" is inaccessible or empty, skipping
[2026-08-15 05:17:45.542 +00:00] [WRN] [20] MediaBrowser.Controller.Entities.BaseItem: Library folder "/config/data/playlists" is inaccessible or empty, skipping
[2026-08-15 05:17:45.552 +00:00] [INF] [20] Emby.Server.Implementations.ScheduledTasks.TaskManager: "Scan Media Library" Completed after 0 minute(s) and 0 seconds
[2026-08-15 05:19:50.100 +00:00] [INF] [11] Emby.Server.Implementations.Session.SessionWebSocketListener: Sending ForceKeepAlive message to 1 inactive WebSockets.
[2026-08-15 05:23:22.776 +00:00] [WRN] [24] MediaBrowser.Controller.Entities.BaseItem: Library folder "/config/data/playlists" is inaccessible or empty, skipping
[2026-08-15 05:23:22.850 +00:00] [INF] [19] Emby.Server.Implementations.Library.LibraryManager: Validating media library
[2026-08-15 05:23:22.858 +00:00] [WRN] [19] MediaBrowser.Controller.Entities.BaseItem: Library folder "/config/data/playlists" is inaccessible or empty, skipping
[2026-08-15 05:23:22.866 +00:00] [WRN] [19] MediaBrowser.Controller.Entities.BaseItem: Library folder "/config/data/playlists" is inaccessible or empty, skipping
[2026-08-15 05:23:24.549 +00:00] [WRN] [19] Microsoft.EntityFrameworkCore.Query: Compiling a query which loads related collections for more than one collection navigation, either via 'Include' or through projection, but no 'QuerySplittingBehavior' has been configured. By default, Entity Framework will use 'QuerySplittingBehavior.SingleQuery', which can potentially result in slow query performance. See https://go.microsoft.com/fwlink/?linkid=2134277 for more information. To identify the query that's triggering this warning call 'ConfigureWarnings(w => w.Throw(RelationalEventId.MultipleCollectionIncludeWarning))'.
[2026-08-15 05:23:25.368 +00:00] [INF] [15] Emby.Server.Implementations.ScheduledTasks.TaskManager: "Scan Media Library" Completed after 0 minute(s) and 2 seconds
[2026-08-15 05:23:25.406 +00:00] [INF] [31] Emby.Server.Implementations.IO.LibraryMonitor: Watching directory "/media/movies"
[2026-08-15 05:24:01.062 +00:00] [INF] [15] Emby.Server.Implementations.IO.LibraryMonitor: Stopping directory watching for path "/media/movies"
[2026-08-15 05:24:01.125 +00:00] [WRN] [15] MediaBrowser.Controller.Entities.BaseItem: Library folder "/media/tv" is inaccessible or empty, skipping
[2026-08-15 05:24:01.125 +00:00] [WRN] [15] MediaBrowser.Controller.Entities.BaseItem: Library folder "/config/data/playlists" is inaccessible or empty, skipping
[2026-08-15 05:24:01.698 +00:00] [INF] [11] Emby.Server.Implementations.Library.LibraryManager: Validating media library
[2026-08-15 05:24:01.747 +00:00] [WRN] [15] MediaBrowser.Controller.Entities.BaseItem: Library folder "/media/tv" is inaccessible or empty, skipping
[2026-08-15 05:24:01.747 +00:00] [WRN] [15] MediaBrowser.Controller.Entities.BaseItem: Library folder "/config/data/playlists" is inaccessible or empty, skipping
[2026-08-15 05:24:01.800 +00:00] [WRN] [4] MediaBrowser.Controller.Entities.BaseItem: Library folder "/media/tv" is inaccessible or empty, skipping
[2026-08-15 05:24:01.801 +00:00] [WRN] [4] MediaBrowser.Controller.Entities.BaseItem: Library folder "/config/data/playlists" is inaccessible or empty, skipping
[2026-08-15 05:24:01.846 +00:00] [INF] [4] Emby.Server.Implementations.ScheduledTasks.TaskManager: "Scan Media Library" Completed after 0 minute(s) and 0 seconds
[2026-08-15 05:24:01.847 +00:00] [INF] [15] Emby.Server.Implementations.IO.LibraryMonitor: Watching directory "/media/movies"
[2026-08-15 05:24:16.599 +00:00] [INF] [15] Emby.Server.Implementations.HttpServer.WebSocketManager: WS "172.17.0.1" request
[2026-08-15 05:24:50.683 +00:00] [INF] [15] Jellyfin.Api.Helpers.MediaInfoHelper: User policy for "shamal". EnablePlaybackRemuxing: True EnableVideoPlaybackTranscoding: True EnableAudioPlaybackTranscoding: True
[2026-08-15 05:25:03.893 +00:00] [INF] [15] Emby.Server.Implementations.Session.SessionManager: Playback stopped reported by app "Jellyfin Web" "10.11.11" playing "Hello! My Name is Blotto: The Movie". Stopped at "10759" ms
[2026-08-15 05:26:00.528 +00:00] [INF] [3] Emby.Server.Implementations.HttpServer.WebSocketManager: WS "172.17.0.1" closed
[2026-08-15 05:26:01.103 +00:00] [INF] [3] Emby.Server.Implementations.HttpServer.WebSocketManager: WS "172.17.0.1" closed
[2026-08-15 05:26:17.244 +00:00] [INF] [21] Jellyfin.Server.Implementations.Users.UserManager: Authentication request for "shamal" has succeeded.
[2026-08-15 05:26:17.245 +00:00] [INF] [21] Emby.Server.Implementations.Session.SessionManager: Current/Max sessions for user "shamal": 0/0
[2026-08-15 05:26:17.245 +00:00] [INF] [21] Emby.Server.Implementations.Session.SessionManager: Creating new access token for user 1d21ff1b-c632-4489-9d44-c77ec0f48f34
[2026-08-15 05:26:18.084 +00:00] [INF] [4] Emby.Server.Implementations.HttpServer.WebSocketManager: WS "172.17.0.1" request
[2026-08-15 05:27:04.321 +00:00] [INF] [3] Jellyfin.Server.Implementations.Users.UserManager: Authentication request for "shamal" has succeeded.
[2026-08-15 05:27:04.321 +00:00] [INF] [3] Emby.Server.Implementations.Session.SessionManager: Current/Max sessions for user "shamal": 1/0
[2026-08-15 05:27:04.321 +00:00] [INF] [3] Emby.Server.Implementations.Session.SessionManager: Creating new access token for user 1d21ff1b-c632-4489-9d44-c77ec0f48f34
[2026-08-15 05:27:05.413 +00:00] [INF] [4] Emby.Server.Implementations.HttpServer.WebSocketManager: WS "172.17.0.1" request
[2026-08-15 05:27:16.174 +00:00] [INF] [29] Jellyfin.Api.Helpers.MediaInfoHelper: User policy for "shamal". EnablePlaybackRemuxing: True EnableVideoPlaybackTranscoding: True EnableAudioPlaybackTranscoding: True
[2026-08-15 05:27:41.069 +00:00] [INF] [29] Emby.Server.Implementations.Session.SessionManager: Playback stopped reported by app "Jellyfin for Android" "2.7.1" playing "Hello! My Name is Blotto: The Movie". Stopped at "21761" ms
[2026-08-15 05:28:21.708 +00:00] [WRN] [6] Emby.Server.Implementations.HttpServer.WebSocketConnection: WS "172.17.0.1" error receiving data: "The remote party closed the WebSocket connection without completing the close handshake."
[2026-08-15 05:28:21.711 +00:00] [INF] [6] Emby.Server.Implementations.HttpServer.WebSocketManager: WS "172.17.0.1" closed
[2026-08-15 05:30:54.092 +00:00] [INF] [23] Emby.Server.Implementations.Session.SessionWebSocketListener: Sending ForceKeepAlive message to 1 inactive WebSockets.
[2026-08-15 05:34:42.091 +00:00] [INF] [33] Emby.Server.Implementations.Session.SessionWebSocketListener: Sending ForceKeepAlive message to 1 inactive WebSockets.
[2026-08-15 05:38:13.192 +00:00] [INF] [38] Emby.Server.Implementations.HttpServer.WebSocketManager: WS "172.17.0.1" request
[2026-08-15 05:38:30.091 +00:00] [INF] [39] Emby.Server.Implementations.Session.SessionWebSocketListener: Sending ForceKeepAlive message to 1 inactive WebSockets.
[2026-08-15 05:38:32.682 +00:00] [WRN] [37] Emby.Server.Implementations.HttpServer.WebSocketConnection: WS "172.17.0.1" error receiving data: "The remote party closed the WebSocket connection without completing the close handshake."
[2026-08-15 05:38:32.685 +00:00] [INF] [37] Emby.Server.Implementations.HttpServer.WebSocketManager: WS "172.17.0.1" closed
[2026-08-15 05:42:54.091 +00:00] [INF] [33] Emby.Server.Implementations.Session.SessionWebSocketListener: Sending ForceKeepAlive message to 1 inactive WebSockets.
[2026-08-15 05:46:42.091 +00:00] [INF] [27] Emby.Server.Implementations.Session.SessionWebSocketListener: Sending ForceKeepAlive message to 1 inactive WebSockets.
[2026-08-15 05:50:30.092 +00:00] [INF] [15] Emby.Server.Implementations.Session.SessionWebSocketListener: Sending ForceKeepAlive message to 1 inactive WebSockets.
[2026-08-15 05:54:54.091 +00:00] [INF] [36] Emby.Server.Implementations.Session.SessionWebSocketListener: Sending ForceKeepAlive message to 1 inactive WebSockets.
[2026-08-15 05:58:42.091 +00:00] [INF] [35] Emby.Server.Implementations.Session.SessionWebSocketListener: Sending ForceKeepAlive message to 1 inactive WebSockets.
[2026-08-15 06:02:30.091 +00:00] [INF] [42] Emby.Server.Implementations.Session.SessionWebSocketListener: Sending ForceKeepAlive message to 1 inactive WebSockets.
[2026-08-15 06:06:54.091 +00:00] [INF] [32] Emby.Server.Implementations.Session.SessionWebSocketListener: Sending ForceKeepAlive message to 1 inactive WebSockets.
[2026-08-15 06:09:13.964 +00:00] [INF] [32] Emby.Server.Implementations.ScheduledTasks.TaskManager: "Download missing subtitles" Completed after 0 minute(s) and 0 seconds
[2026-08-15 06:09:14.010 +00:00] [INF] [32] Emby.Server.Implementations.ScheduledTasks.TaskManager: "Clean Cache Directory" Completed after 0 minute(s) and 0 seconds
[2026-08-15 06:09:14.010 +00:00] [INF] [28] Emby.Server.Implementations.ScheduledTasks.TaskManager: "Clean Log Directory" Completed after 0 minute(s) and 0 seconds
[2026-08-15 06:09:14.095 +00:00] [INF] [23] Emby.Server.Implementations.ScheduledTasks.TaskManager: "Clean Transcode Directory" Completed after 0 minute(s) and 0 seconds
[2026-08-15 06:09:14.140 +00:00] [INF] [30] Emby.Server.Implementations.IO.LibraryMonitor: Stopping directory watching for path "/media/movies"
[2026-08-15 06:09:14.141 +00:00] [INF] [30] Emby.Server.Implementations.Library.LibraryManager: Validating media library
[2026-08-15 06:09:14.142 +00:00] [INF] [32] Emby.Server.Implementations.ScheduledTasks.Tasks.OptimizeDatabaseTask: Optimizing and vacuuming jellyfin.db...
[2026-08-15 06:09:14.173 +00:00] [WRN] [30] MediaBrowser.Controller.Entities.BaseItem: Library folder "/media/tv" is inaccessible or empty, skipping
[2026-08-15 06:09:14.173 +00:00] [WRN] [30] MediaBrowser.Controller.Entities.BaseItem: Library folder "/config/data/playlists" is inaccessible or empty, skipping
[2026-08-15 06:09:14.177 +00:00] [INF] [32] Jellyfin.Database.Providers.Sqlite.SqliteDatabaseProvider: jellyfin.db optimized successfully!
[2026-08-15 06:09:14.177 +00:00] [INF] [32] Emby.Server.Implementations.ScheduledTasks.TaskManager: "Optimize database" Completed after 0 minute(s) and 0 seconds
[2026-08-15 06:09:14.310 +00:00] [WRN] [30] MediaBrowser.Controller.Entities.BaseItem: Library folder "/media/tv" is inaccessible or empty, skipping
[2026-08-15 06:09:14.312 +00:00] [WRN] [30] MediaBrowser.Controller.Entities.BaseItem: Library folder "/config/data/playlists" is inaccessible or empty, skipping
[2026-08-15 06:09:14.428 +00:00] [INF] [28] Emby.Server.Implementations.ScheduledTasks.TaskManager: "Media Segment Scan" Completed after 0 minute(s) and 0 seconds
[2026-08-15 06:09:14.519 +00:00] [INF] [30] Emby.Server.Implementations.ScheduledTasks.TaskManager: "Scan Media Library" Completed after 0 minute(s) and 0 seconds
[2026-08-15 06:09:14.571 +00:00] [INF] [23] Emby.Server.Implementations.ScheduledTasks.TaskManager: "TasksRefreshChannels" Completed after 0 minute(s) and 0 seconds
[2026-08-15 06:09:14.646 +00:00] [INF] [26] Emby.Server.Implementations.ScheduledTasks.TaskManager: "Download missing lyrics" Completed after 0 minute(s) and 0 seconds
[2026-08-15 06:09:14.740 +00:00] [INF] [15] Emby.Server.Implementations.ScheduledTasks.TaskManager: "Audio Normalization" Completed after 0 minute(s) and 0 seconds
[2026-08-15 06:09:14.826 +00:00] [INF] [15] Emby.Server.Implementations.IO.LibraryMonitor: Watching directory "/media/movies"
[2026-08-15 06:09:14.859 +00:00] [INF] [25] Emby.Server.Implementations.Library.LibraryManager: People validation complete
[2026-08-15 06:09:14.867 +00:00] [WRN] [25] Microsoft.EntityFrameworkCore.Query: The query uses a row limiting operator ('Skip'/'Take') without an 'OrderBy' operator. This may lead to unpredictable results. If the 'Distinct' operator is used after 'OrderBy', then make sure to use the 'OrderBy' operator after 'Distinct' as the ordering would otherwise get erased.
[2026-08-15 06:09:14.878 +00:00] [INF] [25] Emby.Server.Implementations.ScheduledTasks.TaskManager: "Refresh People" Completed after 0 minute(s) and 0 seconds
[2026-08-15 06:09:14.960 +00:00] [INF] [26] Emby.Server.Implementations.ScheduledTasks.TaskManager: "Update Plugins" Completed after 0 minute(s) and 0 seconds
[2026-08-15 06:09:17.258 +00:00] [INF] [23] Jellyfin.LiveTv.Guide.GuideManager: Refreshing guide with 7 days of guide data
[2026-08-15 06:09:17.268 +00:00] [INF] [23] Emby.Server.Implementations.ScheduledTasks.TaskManager: "Refresh Guide" Completed after 0 minute(s) and 3 seconds
[2026-08-15 06:10:42.091 +00:00] [INF] [25] Emby.Server.Implementations.Session.SessionWebSocketListener: Sending ForceKeepAlive message to 1 inactive WebSockets.
[2026-08-15 06:14:30.091 +00:00] [INF] [33] Emby.Server.Implementations.Session.SessionWebSocketListener: Sending ForceKeepAlive message to 1 inactive WebSockets.
[2026-08-15 06:18:54.091 +00:00] [INF] [39] Emby.Server.Implementations.Session.SessionWebSocketListener: Sending ForceKeepAlive message to 1 inactive WebSockets.
[2026-08-15 06:22:42.091 +00:00] [INF] [37] Emby.Server.Implementations.Session.SessionWebSocketListener: Sending ForceKeepAlive message to 1 inactive WebSockets.
[2026-08-15 06:26:30.091 +00:00] [INF] [38] Emby.Server.Implementations.Session.SessionWebSocketListener: Sending ForceKeepAlive message to 1 inactive WebSockets.
[2026-08-15 06:30:54.092 +00:00] [INF] [11] Emby.Server.Implementations.Session.SessionWebSocketListener: Sending ForceKeepAlive message to 1 inactive WebSockets.
[2026-08-15 06:34:42.092 +00:00] [INF] [29] Emby.Server.Implementations.Session.SessionWebSocketListener: Sending ForceKeepAlive message to 1 inactive WebSockets.
[2026-08-15 06:38:30.091 +00:00] [INF] [29] Emby.Server.Implementations.Session.SessionWebSocketListener: Sending ForceKeepAlive message to 1 inactive WebSockets.
[2026-08-15 06:42:54.091 +00:00] [INF] [3] Emby.Server.Implementations.Session.SessionWebSocketListener: Sending ForceKeepAlive message to 1 inactive WebSockets.
[2026-08-15 06:46:42.091 +00:00] [INF] [36] Emby.Server.Implementations.Session.SessionWebSocketListener: Sending ForceKeepAlive message to 1 inactive WebSockets.
[2026-08-15 06:50:30.091 +00:00] [INF] [11] Emby.Server.Implementations.Session.SessionWebSocketListener: Sending ForceKeepAlive message to 1 inactive WebSockets.
[2026-08-15 06:54:54.091 +00:00] [INF] [11] Emby.Server.Implementations.Session.SessionWebSocketListener: Sending ForceKeepAlive message to 1 inactive WebSockets.
[2026-08-15 06:58:42.091 +00:00] [INF] [36] Emby.Server.Implementations.Session.SessionWebSocketListener: Sending ForceKeepAlive message to 1 inactive WebSockets.
[2026-08-15 07:02:30.091 +00:00] [INF] [31] Emby.Server.Implementations.Session.SessionWebSocketListener: Sending ForceKeepAlive message to 1 inactive WebSockets.
[2026-08-15 07:06:54.092 +00:00] [INF] [29] Emby.Server.Implementations.Session.SessionWebSocketListener: Sending ForceKeepAlive message to 1 inactive WebSockets.
[2026-08-15 07:09:18.221 +00:00] [INF] [4] Jellyfin.LiveTv.Guide.GuideManager: Refreshing guide with 7 days of guide data
[2026-08-15 07:09:18.224 +00:00] [INF] [4] Emby.Server.Implementations.ScheduledTasks.TaskManager: "Refresh Guide" Completed after 0 minute(s) and 3 seconds
[2026-08-15 07:11:42.091 +00:00] [INF] [6] Emby.Server.Implementations.Session.SessionWebSocketListener: Sending ForceKeepAlive message to 1 inactive WebSockets.
[2026-08-15 07:15:30.091 +00:00] [INF] [6] Emby.Server.Implementations.Session.SessionWebSocketListener: Sending ForceKeepAlive message to 1 inactive WebSockets.
[2026-08-15 07:19:54.092 +00:00] [INF] [23] Emby.Server.Implementations.Session.SessionWebSocketListener: Sending ForceKeepAlive message to 1 inactive WebSockets.
[2026-08-15 07:23:42.091 +00:00] [INF] [26] Emby.Server.Implementations.Session.SessionWebSocketListener: Sending ForceKeepAlive message to 1 inactive WebSockets.
[2026-08-15 07:27:30.092 +00:00] [INF] [28] Emby.Server.Implementations.Session.SessionWebSocketListener: Sending ForceKeepAlive message to 1 inactive WebSockets.
[2026-08-15 07:31:54.091 +00:00] [INF] [35] Emby.Server.Implementations.Session.SessionWebSocketListener: Sending ForceKeepAlive message to 1 inactive WebSockets.
[2026-08-15 07:35:27.391 +00:00] [INF] [38] Emby.Server.Implementations.IO.LibraryMonitor: Stopping directory watching for path "/media/movies"
[2026-08-15 07:35:27.391 +00:00] [INF] [38] Emby.Server.Implementations.Library.LibraryManager: Validating media library
[2026-08-15 07:35:27.396 +00:00] [WRN] [38] MediaBrowser.Controller.Entities.BaseItem: Library folder "/config/data/playlists" is inaccessible or empty, skipping
[2026-08-15 07:35:27.432 +00:00] [WRN] [38] MediaBrowser.Controller.Entities.BaseItem: Library folder "/config/data/playlists" is inaccessible or empty, skipping
[2026-08-15 07:35:28.858 +00:00] [INF] [38] MediaBrowser.Providers.TV.SeriesMetadataService: Creating Season "Season Unknown" entry for "Reacher"
[2026-08-15 07:35:30.050 +00:00] [INF] [20] MediaBrowser.Providers.TV.SeriesMetadataService: Removing virtual season null in series "Reacher"
[2026-08-15 07:35:30.052 +00:00] [INF] [20] Emby.Server.Implementations.Library.LibraryManager: Removing item, Type: "Season", Name: "Season Unknown", Path: "", Id: ed5d452a-ae2a-f7e9-3a0e-462e9d72dbb7
[2026-08-15 07:35:31.525 +00:00] [INF] [38] Emby.Server.Implementations.ScheduledTasks.TaskManager: "Scan Media Library" Completed after 0 minute(s) and 4 seconds
[2026-08-15 07:35:31.568 +00:00] [INF] [29] Emby.Server.Implementations.IO.LibraryMonitor: Watching directory "/media/tv"
[2026-08-15 07:35:31.526 +00:00] [INF] [20] Emby.Server.Implementations.IO.LibraryMonitor: Watching directory "/media/movies"
[2026-08-15 07:35:42.091 +00:00] [INF] [29] Emby.Server.Implementations.Session.SessionWebSocketListener: Sending ForceKeepAlive message to 1 inactive WebSockets.
[2026-08-15 07:41:54.090 +00:00] [INF] [32] Emby.Server.Implementations.Session.SessionWebSocketListener: Sending ForceKeepAlive message to 1 inactive WebSockets.
[2026-08-15 07:45:42.091 +00:00] [INF] [39] Emby.Server.Implementations.Session.SessionWebSocketListener: Sending ForceKeepAlive message to 1 inactive WebSockets.
[2026-08-15 07:49:30.092 +00:00] [INF] [46] Emby.Server.Implementations.Session.SessionWebSocketListener: Sending ForceKeepAlive message to 1 inactive WebSockets.
[2026-08-15 07:53:54.090 +00:00] [INF] [43] Emby.Server.Implementations.Session.SessionWebSocketListener: Sending ForceKeepAlive message to 1 inactive WebSockets.
[2026-08-15 07:57:42.091 +00:00] [INF] [39] Emby.Server.Implementations.Session.SessionWebSocketListener: Sending ForceKeepAlive message to 1 inactive WebSockets.
[2026-08-15 08:01:30.091 +00:00] [INF] [39] Emby.Server.Implementations.Session.SessionWebSocketListener: Sending ForceKeepAlive message to 1 inactive WebSockets.
[2026-08-15 08:05:54.091 +00:00] [INF] [32] Emby.Server.Implementations.Session.SessionWebSocketListener: Sending ForceKeepAlive message to 1 inactive WebSockets.
[2026-08-15 08:09:42.091 +00:00] [INF] [3] Emby.Server.Implementations.Session.SessionWebSocketListener: Sending ForceKeepAlive message to 1 inactive WebSockets.
[2026-08-15 08:13:30.091 +00:00] [INF] [45] Emby.Server.Implementations.Session.SessionWebSocketListener: Sending ForceKeepAlive message to 1 inactive WebSockets.
[2026-08-15 08:17:54.092 +00:00] [INF] [30] Emby.Server.Implementations.Session.SessionWebSocketListener: Sending ForceKeepAlive message to 1 inactive WebSockets.
[2026-08-15 08:21:42.091 +00:00] [INF] [45] Emby.Server.Implementations.Session.SessionWebSocketListener: Sending ForceKeepAlive message to 1 inactive WebSockets.
[2026-08-15 08:25:30.091 +00:00] [INF] [40] Emby.Server.Implementations.Session.SessionWebSocketListener: Sending ForceKeepAlive message to 1 inactive WebSockets.
[2026-08-15 08:29:54.091 +00:00] [INF] [15] Emby.Server.Implementations.Session.SessionWebSocketListener: Sending ForceKeepAlive message to 1 inactive WebSockets.
[2026-08-15 08:30:17.457 +00:00] [INF] [53] Emby.Server.Implementations.HttpServer.WebSocketManager: WS "172.17.0.1" closed
[2026-08-15 08:30:19.504 +00:00] [INF] [15] Emby.Server.Implementations.HttpServer.WebSocketManager: WS "172.17.0.1" request
[2026-08-15 08:31:24.343 +00:00] [INF] [33] Emby.Server.Implementations.IO.LibraryMonitor: Stopping directory watching for path "/media/movies"
[2026-08-15 08:31:24.344 +00:00] [INF] [33] Emby.Server.Implementations.IO.LibraryMonitor: Stopping directory watching for path "/media/tv"
[2026-08-15 08:31:24.344 +00:00] [INF] [33] Emby.Server.Implementations.Library.LibraryManager: Validating media library
[2026-08-15 08:31:24.352 +00:00] [WRN] [33] MediaBrowser.Controller.Entities.BaseItem: Library folder "/config/data/playlists" is inaccessible or empty, skipping
[2026-08-15 08:31:24.746 +00:00] [WRN] [33] MediaBrowser.Controller.Entities.BaseItem: Library folder "/config/data/playlists" is inaccessible or empty, skipping
[2026-08-15 08:31:24.837 +00:00] [INF] [33] Emby.Server.Implementations.ScheduledTasks.TaskManager: "Scan Media Library" Completed after 0 minute(s) and 0 seconds
[2026-08-15 08:31:24.882 +00:00] [INF] [33] Emby.Server.Implementations.IO.LibraryMonitor: Watching directory "/media/tv"
[2026-08-15 08:31:24.884 +00:00] [INF] [39] Emby.Server.Implementations.IO.LibraryMonitor: Watching directory "/media/movies"
[2026-08-15 08:34:55.513 +00:00] [INF] [26] Emby.Server.Implementations.Session.SessionWebSocketListener: Sending ForceKeepAlive message to 1 inactive WebSockets.
[2026-08-15 08:38:43.514 +00:00] [INF] [29] Emby.Server.Implementations.Session.SessionWebSocketListener: Sending ForceKeepAlive message to 1 inactive WebSockets.
[2026-08-15 08:40:07.961 +00:00] [INF] [21] Emby.Server.Implementations.IO.LibraryMonitor: Stopping directory watching for path "/media/movies"
[2026-08-15 08:40:07.961 +00:00] [INF] [21] Emby.Server.Implementations.IO.LibraryMonitor: Stopping directory watching for path "/media/tv"
[2026-08-15 08:40:07.961 +00:00] [INF] [21] Emby.Server.Implementations.Library.LibraryManager: Validating media library
[2026-08-15 08:40:07.970 +00:00] [WRN] [21] MediaBrowser.Controller.Entities.BaseItem: Library folder "/config/data/playlists" is inaccessible or empty, skipping
[2026-08-15 08:40:07.977 +00:00] [WRN] [21] MediaBrowser.Controller.Entities.BaseItem: Library folder "/config/data/playlists" is inaccessible or empty, skipping
[2026-08-15 08:40:08.068 +00:00] [INF] [21] MediaBrowser.Providers.TV.SeriesMetadataService: Creating Season "Season Unknown" entry for "Reacher"
[2026-08-15 08:40:09.276 +00:00] [INF] [29] MediaBrowser.Providers.TV.SeriesMetadataService: Removing virtual season null in series "Reacher"
[2026-08-15 08:40:09.276 +00:00] [INF] [29] Emby.Server.Implementations.Library.LibraryManager: Removing item, Type: "Season", Name: "Season Unknown", Path: "", Id: ed5d452a-ae2a-f7e9-3a0e-462e9d72dbb7
[2026-08-15 08:40:09.304 +00:00] [INF] [29] Emby.Server.Implementations.ScheduledTasks.TaskManager: "Scan Media Library" Completed after 0 minute(s) and 1 seconds
[2026-08-15 08:40:09.350 +00:00] [INF] [22] Emby.Server.Implementations.IO.LibraryMonitor: Watching directory "/media/movies"
[2026-08-15 08:40:09.351 +00:00] [INF] [29] Emby.Server.Implementations.IO.LibraryMonitor: Watching directory "/media/tv"
[2026-08-15 08:40:22.309 +00:00] [INF] [29] Emby.Server.Implementations.IO.LibraryMonitor: Stopping directory watching for path "/media/movies"
[2026-08-15 08:40:22.310 +00:00] [INF] [29] Emby.Server.Implementations.IO.LibraryMonitor: Stopping directory watching for path "/media/tv"
[2026-08-15 08:40:22.311 +00:00] [INF] [29] Emby.Server.Implementations.Library.LibraryManager: Validating media library
[2026-08-15 08:40:22.315 +00:00] [WRN] [29] MediaBrowser.Controller.Entities.BaseItem: Library folder "/config/data/playlists" is inaccessible or empty, skipping
[2026-08-15 08:40:22.326 +00:00] [WRN] [29] MediaBrowser.Controller.Entities.BaseItem: Library folder "/config/data/playlists" is inaccessible or empty, skipping
[2026-08-15 08:40:22.423 +00:00] [INF] [29] Emby.Server.Implementations.ScheduledTasks.TaskManager: "Scan Media Library" Completed after 0 minute(s) and 0 seconds
[2026-08-15 08:40:22.469 +00:00] [INF] [21] Emby.Server.Implementations.IO.LibraryMonitor: Watching directory "/media/tv"
[2026-08-15 08:40:22.469 +00:00] [INF] [38] Emby.Server.Implementations.IO.LibraryMonitor: Watching directory "/media/movies"
[2026-08-15 08:40:23.938 +00:00] [INF] [21] Emby.Server.Implementations.IO.LibraryMonitor: Stopping directory watching for path "/media/movies"
[2026-08-15 08:40:23.939 +00:00] [INF] [21] Emby.Server.Implementations.IO.LibraryMonitor: Stopping directory watching for path "/media/tv"
[2026-08-15 08:40:23.939 +00:00] [INF] [21] Emby.Server.Implementations.Library.LibraryManager: Validating media library
[2026-08-15 08:40:23.943 +00:00] [WRN] [21] MediaBrowser.Controller.Entities.BaseItem: Library folder "/config/data/playlists" is inaccessible or empty, skipping
[2026-08-15 08:40:23.952 +00:00] [WRN] [21] MediaBrowser.Controller.Entities.BaseItem: Library folder "/config/data/playlists" is inaccessible or empty, skipping
[2026-08-15 08:40:24.045 +00:00] [INF] [21] Emby.Server.Implementations.ScheduledTasks.TaskManager: "Scan Media Library" Completed after 0 minute(s) and 0 seconds
[2026-08-15 08:40:24.047 +00:00] [INF] [40] Emby.Server.Implementations.IO.LibraryMonitor: Watching directory "/media/tv"
[2026-08-15 08:40:24.091 +00:00] [INF] [38] Emby.Server.Implementations.IO.LibraryMonitor: Watching directory "/media/movies"
[2026-08-15 08:40:38.449 +00:00] [INF] [32] Emby.Server.Implementations.IO.LibraryMonitor: Stopping directory watching for path "/media/movies"
[2026-08-15 08:40:38.449 +00:00] [INF] [32] Emby.Server.Implementations.IO.LibraryMonitor: Stopping directory watching for path "/media/tv"
[2026-08-15 08:40:38.449 +00:00] [INF] [32] Emby.Server.Implementations.Library.LibraryManager: Validating media library
[2026-08-15 08:40:38.453 +00:00] [WRN] [32] MediaBrowser.Controller.Entities.BaseItem: Library folder "/config/data/playlists" is inaccessible or empty, skipping
[2026-08-15 08:40:38.462 +00:00] [WRN] [32] MediaBrowser.Controller.Entities.BaseItem: Library folder "/config/data/playlists" is inaccessible or empty, skipping
[2026-08-15 08:40:38.556 +00:00] [INF] [32] Emby.Server.Implementations.ScheduledTasks.TaskManager: "Scan Media Library" Completed after 0 minute(s) and 0 seconds
[2026-08-15 08:40:38.604 +00:00] [INF] [38] Emby.Server.Implementations.IO.LibraryMonitor: Watching directory "/media/tv"
[2026-08-15 08:40:38.606 +00:00] [INF] [40] Emby.Server.Implementations.IO.LibraryMonitor: Watching directory "/media/movies"
[2026-08-15 08:43:31.513 +00:00] [INF] [36] Emby.Server.Implementations.Session.SessionWebSocketListener: Sending ForceKeepAlive message to 1 inactive WebSockets.
[2026-08-15 08:47:55.513 +00:00] [INF] [26] Emby.Server.Implementations.Session.SessionWebSocketListener: Sending ForceKeepAlive message to 1 inactive WebSockets.
[2026-08-15 08:51:43.514 +00:00] [INF] [27] Emby.Server.Implementations.Session.SessionWebSocketListener: Sending ForceKeepAlive message to 1 inactive WebSockets.
[2026-08-15 08:55:31.513 +00:00] [INF] [35] Emby.Server.Implementations.Session.SessionWebSocketListener: Sending ForceKeepAlive message to 1 inactive WebSockets.
[2026-08-15 08:59:55.514 +00:00] [INF] [45] Emby.Server.Implementations.Session.SessionWebSocketListener: Sending ForceKeepAlive message to 1 inactive WebSockets.
[2026-08-15 09:04:42.056 +00:00] [INF] [42] Emby.Server.Implementations.IO.LibraryMonitor: Stopping directory watching for path "/media/movies"
[2026-08-15 09:04:42.057 +00:00] [INF] [42] Emby.Server.Implementations.IO.LibraryMonitor: Stopping directory watching for path "/media/tv"
[2026-08-15 09:04:42.057 +00:00] [INF] [42] Emby.Server.Implementations.Library.LibraryManager: Validating media library
[2026-08-15 09:04:42.061 +00:00] [WRN] [42] MediaBrowser.Controller.Entities.BaseItem: Library folder "/config/data/playlists" is inaccessible or empty, skipping
[2026-08-15 09:04:42.069 +00:00] [WRN] [42] MediaBrowser.Controller.Entities.BaseItem: Library folder "/config/data/playlists" is inaccessible or empty, skipping
[2026-08-15 09:04:42.160 +00:00] [INF] [42] MediaBrowser.Providers.TV.SeriesMetadataService: Creating Season "Season Unknown" entry for "Reacher"
[2026-08-15 09:04:42.855 +00:00] [INF] [25] MediaBrowser.Providers.TV.SeriesMetadataService: Removing virtual season null in series "Reacher"
[2026-08-15 09:04:42.856 +00:00] [INF] [25] Emby.Server.Implementations.Library.LibraryManager: Removing item, Type: "Season", Name: "Season Unknown", Path: "", Id: ed5d452a-ae2a-f7e9-3a0e-462e9d72dbb7
[2026-08-15 09:04:42.883 +00:00] [INF] [25] Emby.Server.Implementations.ScheduledTasks.TaskManager: "Scan Media Library" Completed after 0 minute(s) and 0 seconds
[2026-08-15 09:04:42.929 +00:00] [INF] [42] Emby.Server.Implementations.IO.LibraryMonitor: Watching directory "/media/movies"
[2026-08-15 09:04:42.931 +00:00] [INF] [25] Emby.Server.Implementations.IO.LibraryMonitor: Watching directory "/media/tv"
[2026-08-15 09:05:33.852 +00:00] [INF] [41] Emby.Server.Implementations.HttpServer.WebSocketManager: WS "172.17.0.1" closed
[2026-08-15 09:05:35.775 +00:00] [INF] [33] Emby.Server.Implementations.HttpServer.WebSocketManager: WS "172.17.0.1" request
[2026-08-15 09:06:12.210 +00:00] [INF] [33] Emby.Server.Implementations.Library.LibraryManager: Removing item, Type: "Movie", Name: "Hello! My Name is Blotto: The Movie", Path: "/media/movies/Movie Name (2025).mp4", Id: 4489c569-fffc-9cc0-d373-d3ef52b0f454
[2026-08-15 09:06:12.214 +00:00] [INF] [33] Emby.Server.Implementations.Library.LibraryManager: Deleting item path, Type: "Movie", Name: "Hello! My Name is Blotto: The Movie", Path: "/media/movies/Movie Name (2025).mp4", Id: 4489c569-fffc-9cc0-d373-d3ef52b0f454
[2026-08-15 09:06:12.215 +00:00] [ERR] [33] Jellyfin.Api.Middleware.ExceptionMiddleware: Error processing request: "Read-only file system : '/media/movies/Movie Name (2025).mp4'". URL "DELETE" "/Items/4489c569fffc9cc0d373d3ef52b0f454".
[2026-08-15 09:09:23.783 +00:00] [INF] [28] Emby.Server.Implementations.Session.SessionWebSocketListener: Sending ForceKeepAlive message to 1 inactive WebSockets.
[2026-08-15 09:13:27.857 +00:00] [INF] [38] Emby.Server.Implementations.Library.LibraryManager: Removing item, Type: "Movie", Name: "Hello! My Name is Blotto: The Movie", Path: "/media/movies/Movie Name (2025).mp4", Id: 4489c569-fffc-9cc0-d373-d3ef52b0f454
[2026-08-15 09:13:27.858 +00:00] [INF] [38] Emby.Server.Implementations.Library.LibraryManager: Deleting item path, Type: "Movie", Name: "Hello! My Name is Blotto: The Movie", Path: "/media/movies/Movie Name (2025).mp4", Id: 4489c569-fffc-9cc0-d373-d3ef52b0f454
[2026-08-15 09:13:27.859 +00:00] [ERR] [38] Jellyfin.Api.Middleware.ExceptionMiddleware: Error processing request: "Read-only file system : '/media/movies/Movie Name (2025).mp4'". URL "DELETE" "/Items/4489c569fffc9cc0d373d3ef52b0f454".
[2026-08-15 09:13:35.380 +00:00] [INF] [24] Emby.Server.Implementations.IO.LibraryMonitor: "Hello! My Name is Blotto: The Movie" ("/media/movies/Movie Name (2025).mp4") will be refreshed.
[2026-08-15 09:13:35.380 +00:00] [INF] [38] Emby.Server.Implementations.IO.LibraryMonitor: "One Small Step" ("/media/tv/Reacher/Season 04/Reacher.S04E03.1080p.x265-ELiTE.mkv") will be refreshed.
[2026-08-15 09:13:35.381 +00:00] [WRN] [24] Emby.Server.Implementations.Library.LibraryManager: Image not found at "/config/metadata/library/44/4489c569fffc9cc0d373d3ef52b0f454/poster.jpg"
[2026-08-15 09:13:35.382 +00:00] [INF] [38] Emby.Server.Implementations.IO.LibraryMonitor: "Season 4" ("/media/tv/Reacher/Season 04") will be refreshed.
[2026-08-15 09:13:35.384 +00:00] [INF] [38] Emby.Server.Implementations.IO.LibraryMonitor: "Cage Fight" ("/media/tv/Reacher/Season 04/Reacher.S04E02.1080p.x265-ELiTE.mkv") will be refreshed.
[2026-08-15 09:13:35.385 +00:00] [INF] [38] Emby.Server.Implementations.IO.LibraryMonitor: "City of Brotherly Love" ("/media/tv/Reacher/Season 04/Reacher.S04E01.1080p.x265-ELiTE.mkv") will be refreshed.
[2026-08-15 09:13:35.387 +00:00] [INF] [38] Emby.Server.Implementations.IO.LibraryMonitor: "Reacher" ("/media/tv/Reacher") will be refreshed.
[2026-08-15 09:13:35.384 +00:00] [ERR] [24] MediaBrowser.Providers.Manager.ProviderManager: Error refreshing item
System.ArgumentException: Guid can't be empty (Parameter 'id')
   at Emby.Server.Implementations.Library.LibraryManager.GetItemById(Guid id)
   at MediaBrowser.Providers.Manager.ProviderManager.StartProcessingRefreshQueue()
[2026-08-15 09:15:59.783 +00:00] [INF] [29] Emby.Server.Implementations.Session.SessionWebSocketListener: Sending ForceKeepAlive message to 1 inactive WebSockets.
[2026-08-15 09:19:07.205 +00:00] [INF] [47] Emby.Server.Implementations.Library.LibraryManager: Removing item, Type: "Movie", Name: "Hello! My Name is Blotto: The Movie", Path: "/media/movies/Movie Name (2025).mp4", Id: 4489c569-fffc-9cc0-d373-d3ef52b0f454
[2026-08-15 09:19:07.206 +00:00] [INF] [47] Emby.Server.Implementations.Library.LibraryManager: Deleting item path, Type: "Movie", Name: "Hello! My Name is Blotto: The Movie", Path: "/media/movies/Movie Name (2025).mp4", Id: 4489c569-fffc-9cc0-d373-d3ef52b0f454
[2026-08-15 09:19:07.207 +00:00] [ERR] [47] Jellyfin.Api.Middleware.ExceptionMiddleware: Error processing request: "Read-only file system : '/media/movies/Movie Name (2025).mp4'". URL "DELETE" "/Items/4489c569fffc9cc0d373d3ef52b0f454".
[2026-08-15 09:20:47.783 +00:00] [INF] [39] Emby.Server.Implementations.Session.SessionWebSocketListener: Sending ForceKeepAlive message to 1 inactive WebSockets.
[2026-08-15 09:23:55.444 +00:00] [INF] [48] Emby.Server.Implementations.IO.LibraryMonitor: Stopping directory watching for path "/media/movies"
[2026-08-15 09:23:55.444 +00:00] [INF] [48] Emby.Server.Implementations.IO.LibraryMonitor: Stopping directory watching for path "/media/tv"
[2026-08-15 09:23:55.444 +00:00] [INF] [48] Emby.Server.Implementations.Library.LibraryManager: Validating media library
[2026-08-15 09:23:55.449 +00:00] [WRN] [48] MediaBrowser.Controller.Entities.BaseItem: Library folder "/config/data/playlists" is inaccessible or empty, skipping
[2026-08-15 09:23:55.458 +00:00] [WRN] [48] MediaBrowser.Controller.Entities.BaseItem: Library folder "/config/data/playlists" is inaccessible or empty, skipping
[2026-08-15 09:23:57.102 +00:00] [INF] [18] MediaBrowser.Providers.TV.SeriesMetadataService: Creating Season "Season Unknown" entry for "The Rookie"
[2026-08-15 09:23:58.343 +00:00] [INF] [6] MediaBrowser.Providers.TV.SeriesMetadataService: Removing virtual season null in series "The Rookie"
[2026-08-15 09:23:58.343 +00:00] [INF] [6] Emby.Server.Implementations.Library.LibraryManager: Removing item, Type: "Season", Name: "Season Unknown", Path: "", Id: fcb0b387-a815-5867-f77b-c111321f9a80
[2026-08-15 09:23:58.935 +00:00] [INF] [15] Emby.Server.Implementations.ScheduledTasks.TaskManager: "Scan Media Library" Completed after 0 minute(s) and 3 seconds
[2026-08-15 09:23:58.984 +00:00] [INF] [15] Emby.Server.Implementations.IO.LibraryMonitor: Watching directory "/media/tv"
[2026-08-15 09:23:58.984 +00:00] [INF] [6] Emby.Server.Implementations.IO.LibraryMonitor: Watching directory "/media/movies"
[2026-08-15 09:26:35.783 +00:00] [INF] [18] Emby.Server.Implementations.Session.SessionWebSocketListener: Sending ForceKeepAlive message to 1 inactive WebSockets.
[2026-08-15 09:29:23.318 +00:00] [INF] [28] Emby.Server.Implementations.HttpServer.WebSocketManager: WS "172.17.0.1" closed
[2026-08-15 09:29:26.900 +00:00] [INF] [32] Emby.Server.Implementations.HttpServer.WebSocketManager: WS "172.17.0.1" request
[2026-08-15 09:29:37.099 +00:00] [INF] [37] Jellyfin.Api.Helpers.MediaInfoHelper: User policy for "shamal". EnablePlaybackRemuxing: True EnableVideoPlaybackTranscoding: True EnableAudioPlaybackTranscoding: True
[2026-08-15 09:29:40.912 +00:00] [INF] [44] Jellyfin.Api.Controllers.DynamicHlsController: Current HLS implementation doesn't support non-keyframe breaks but one is requested, ignoring that request
[2026-08-15 09:29:40.931 +00:00] [INF] [44] MediaBrowser.MediaEncoding.Transcoding.TranscodeManager: "/usr/lib/jellyfin-ffmpeg/ffmpeg" "-analyzeduration 200M -probesize 1G -fflags +genpts  -i file:\"/media/tv/Reacher/Season 04/Reacher.S04E01.1080p.x265-ELiTE.mkv\" -map_metadata -1 -map_chapters -1 -threads 0 -map 0:0 -map 0:1 -map -0:s -codec:v:0 copy -tag:v:0 hvc1 -bsf:v hevc_mp4toannexb -start_at_zero -codec:a:0 libfdk_aac -ac 2 -ab 256000 -af \"volume=2\" -copyts -avoid_negative_ts disabled -max_muxing_queue_size 2048 -f hls -max_delay 5000000 -hls_time 6 -hls_segment_type fmp4 -hls_fmp4_init_filename \"c6d80b2ab66106eabc8f85c36cdd6f0d-1.mp4\" -start_number 0 -hls_segment_filename \"/cache/transcodes/c6d80b2ab66106eabc8f85c36cdd6f0d%d.mp4\" -hls_playlist_type vod -hls_list_size 0 -hls_segment_options movflags=+frag_discont -y \"/cache/transcodes/c6d80b2ab66106eabc8f85c36cdd6f0d.m3u8\""
[2026-08-15 09:29:43.980 +00:00] [INF] [20] MediaBrowser.MediaEncoding.Subtitles.SubtitleEncoder: "/usr/lib/jellyfin-ffmpeg/ffmpeg" "-i file:\"/media/tv/Reacher/Season 04/Reacher.S04E01.1080p.x265-ELiTE.mkv\" -map 0:2 -an -vn -c:s copy -flush_packets 1 \"/config/data/subtitles/cd/cdfa185c-e053-ed27-1b1e-7aa65017b62e/2.srt\" -map 0:3 -an -vn -c:s copy -flush_packets 1 \"/config/data/subtitles/cd/cdfa185c-e053-ed27-1b1e-7aa65017b62e/3.srt\""
[2026-08-15 09:29:44.266 +00:00] [INF] [32] MediaBrowser.MediaEncoding.Subtitles.SubtitleEncoder: ffmpeg subtitle extraction completed for "file:\"/media/tv/Reacher/Season 04/Reacher.S04E01.1080p.x265-ELiTE.mkv\"" to "/config/data/subtitles/cd/cdfa185c-e053-ed27-1b1e-7aa65017b62e/2.srt"
[2026-08-15 09:29:44.266 +00:00] [INF] [32] MediaBrowser.MediaEncoding.Subtitles.SubtitleEncoder: ffmpeg subtitle extraction completed for "file:\"/media/tv/Reacher/Season 04/Reacher.S04E01.1080p.x265-ELiTE.mkv\"" to "/config/data/subtitles/cd/cdfa185c-e053-ed27-1b1e-7aa65017b62e/3.srt"
[2026-08-15 09:29:47.225 +00:00] [INF] [32] MediaBrowser.Controller.MediaEncoding.TranscodingJob: Stopping ffmpeg process with q command for "/cache/transcodes/c6d80b2ab66106eabc8f85c36cdd6f0d.m3u8"
[2026-08-15 09:29:47.472 +00:00] [INF] [29] MediaBrowser.MediaEncoding.Transcoding.TranscodeManager: FFmpeg exited with code 0
[2026-08-15 09:29:47.474 +00:00] [INF] [32] MediaBrowser.MediaEncoding.Transcoding.TranscodeManager: Deleting partial stream file(s) "/cache/transcodes/c6d80b2ab66106eabc8f85c36cdd6f0d.m3u8"
[2026-08-15 09:29:48.989 +00:00] [INF] [29] Emby.Server.Implementations.Session.SessionManager: Playback stopped reported by app "Jellyfin Web" "10.11.11" playing "City of Brotherly Love". Stopped at "3381" ms
[2026-08-15 09:30:00.673 +00:00] [WRN] [21] Jellyfin.Server.Implementations.Events.Consumers.Session.PlaybackStartLogger: PlaybackStart reported with null media info.
[2026-08-15 09:30:20.740 +00:00] [INF] [20] Jellyfin.Api.Helpers.MediaInfoHelper: User policy for "shamal". EnablePlaybackRemuxing: True EnableVideoPlaybackTranscoding: True EnableAudioPlaybackTranscoding: True
[2026-08-15 09:30:22.610 +00:00] [INF] [21] Jellyfin.Api.Controllers.DynamicHlsController: Current HLS implementation doesn't support non-keyframe breaks but one is requested, ignoring that request
[2026-08-15 09:30:22.611 +00:00] [INF] [21] MediaBrowser.MediaEncoding.Transcoding.TranscodeManager: "/usr/lib/jellyfin-ffmpeg/ffmpeg" "-analyzeduration 200M -probesize 1G -fflags +genpts  -i file:\"/media/tv/Reacher/Season 04/Reacher.S04E03.1080p.x265-ELiTE.mkv\" -map_metadata -1 -map_chapters -1 -threads 0 -map 0:0 -map 0:1 -map -0:s -codec:v:0 copy -tag:v:0 hvc1 -bsf:v hevc_mp4toannexb -start_at_zero -codec:a:0 libfdk_aac -ac 2 -ab 256000 -af \"volume=2\" -copyts -avoid_negative_ts disabled -max_muxing_queue_size 2048 -f hls -max_delay 5000000 -hls_time 6 -hls_segment_type fmp4 -hls_fmp4_init_filename \"e5f655195f0624cd86fd3526c4c10bb6-1.mp4\" -start_number 0 -hls_segment_filename \"/cache/transcodes/e5f655195f0624cd86fd3526c4c10bb6%d.mp4\" -hls_playlist_type vod -hls_list_size 0 -hls_segment_options movflags=+frag_discont -y \"/cache/transcodes/e5f655195f0624cd86fd3526c4c10bb6.m3u8\""
[2026-08-15 09:30:27.568 +00:00] [INF] [20] MediaBrowser.Controller.MediaEncoding.TranscodingJob: Stopping ffmpeg process with q command for "/cache/transcodes/e5f655195f0624cd86fd3526c4c10bb6.m3u8"
[2026-08-15 09:30:27.646 +00:00] [INF] [20] MediaBrowser.MediaEncoding.Transcoding.TranscodeManager: FFmpeg exited with code 0
[2026-08-15 09:30:27.646 +00:00] [INF] [20] MediaBrowser.MediaEncoding.Transcoding.TranscodeManager: Deleting partial stream file(s) "/cache/transcodes/e5f655195f0624cd86fd3526c4c10bb6.m3u8"
[2026-08-15 09:30:29.173 +00:00] [INF] [37] Emby.Server.Implementations.Session.SessionManager: Playback stopped reported by app "Jellyfin Web" "10.11.11" playing "One Small Step". Stopped at "2009" ms
[2026-08-15 09:33:00.809 +00:00] [WRN] [38] Emby.Server.Implementations.HttpServer.WebSocketConnection: WS "172.17.0.1" error receiving data: "The remote party closed the WebSocket connection without completing the close handshake."
[2026-08-15 09:33:00.810 +00:00] [INF] [38] Emby.Server.Implementations.HttpServer.WebSocketManager: WS "172.17.0.1" closed
[2026-08-15 09:49:01.197 +00:00] [INF] [92] Emby.Server.Implementations.HttpServer.WebSocketManager: WS "172.17.0.1" request
[2026-08-15 09:49:08.145 +00:00] [INF] [93] Jellyfin.Api.Helpers.MediaInfoHelper: User policy for "shamal". EnablePlaybackRemuxing: True EnableVideoPlaybackTranscoding: True EnableAudioPlaybackTranscoding: True
[2026-08-15 09:49:10.650 +00:00] [INF] [92] Jellyfin.Api.Controllers.DynamicHlsController: Current HLS implementation doesn't support non-keyframe breaks but one is requested, ignoring that request
[2026-08-15 09:49:10.651 +00:00] [INF] [92] MediaBrowser.MediaEncoding.Transcoding.TranscodeManager: "/usr/lib/jellyfin-ffmpeg/ffmpeg" "-analyzeduration 200M -probesize 1G -fflags +genpts  -i file:\"/media/tv/Reacher/Season 04/Reacher.S04E01.1080p.x265-ELiTE.mkv\" -map_metadata -1 -map_chapters -1 -threads 0 -map 0:0 -map 0:1 -map -0:s -codec:v:0 copy -tag:v:0 hvc1 -bsf:v hevc_mp4toannexb -start_at_zero -codec:a:0 libfdk_aac -ac 2 -ab 256000 -af \"volume=2\" -copyts -avoid_negative_ts disabled -max_muxing_queue_size 2048 -f hls -max_delay 5000000 -hls_time 6 -hls_segment_type fmp4 -hls_fmp4_init_filename \"83b353a1dad2a57cba3e9d6fa1abb5f6-1.mp4\" -start_number 0 -hls_segment_filename \"/cache/transcodes/83b353a1dad2a57cba3e9d6fa1abb5f6%d.mp4\" -hls_playlist_type vod -hls_list_size 0 -hls_segment_options movflags=+frag_discont -y \"/cache/transcodes/83b353a1dad2a57cba3e9d6fa1abb5f6.m3u8\""
[2026-08-15 09:49:46.351 +00:00] [INF] [93] MediaBrowser.MediaEncoding.Transcoding.TranscodeManager: FFmpeg exited with code 0
[2026-08-15 10:20:35.976 +00:00] [INF] [35] Jellyfin.Api.Controllers.DynamicHlsController: Current HLS implementation doesn't support non-keyframe breaks but one is requested, ignoring that request
[2026-08-15 10:20:35.977 +00:00] [INF] [35] MediaBrowser.MediaEncoding.Transcoding.TranscodeManager: "/usr/lib/jellyfin-ffmpeg/ffmpeg" "-analyzeduration 200M -probesize 1G -ss 00:21:47.514 -noaccurate_seek -fflags +genpts  -i file:\"/media/tv/Reacher/Season 04/Reacher.S04E01.1080p.x265-ELiTE.mkv\" -map_metadata -1 -map_chapters -1 -threads 0 -map 0:0 -map 0:1 -map -0:s -codec:v:0 copy -tag:v:0 hvc1 -bsf:v hevc_mp4toannexb -start_at_zero -codec:a:0 libfdk_aac -ac 2 -ab 256000 -af \"volume=2\" -copyts -avoid_negative_ts disabled -max_muxing_queue_size 2048 -f hls -max_delay 5000000 -hls_time 6 -hls_segment_type fmp4 -hls_fmp4_init_filename \"31bd515412d68e4df3c83a86f1894691-1.mp4\" -start_number 216 -hls_segment_filename \"/cache/transcodes/31bd515412d68e4df3c83a86f1894691%d.mp4\" -hls_playlist_type vod -hls_list_size 0 -hls_segment_options movflags=+frag_discont -y \"/cache/transcodes/31bd515412d68e4df3c83a86f1894691.m3u8\""
[2026-08-15 10:20:45.820 +00:00] [WRN] [47] Jellyfin.Api.Controllers.DynamicHlsController: cannot serve "/cache/transcodes/83b353a1dad2a57cba3e9d6fa1abb5f6286.mp4" as it doesn't exist and no transcode is running
[2026-08-15 10:20:47.490 +00:00] [WRN] [35] Jellyfin.Api.Controllers.DynamicHlsController: cannot serve "/cache/transcodes/83b353a1dad2a57cba3e9d6fa1abb5f6287.mp4" as it doesn't exist and no transcode is running
[2026-08-15 10:20:55.229 +00:00] [INF] [20] MediaBrowser.MediaEncoding.Transcoding.TranscodeManager: FFmpeg exited with code 0
[2026-08-15 10:21:00.443 +00:00] [WRN] [37] Jellyfin.Api.Controllers.DynamicHlsController: cannot serve "/cache/transcodes/83b353a1dad2a57cba3e9d6fa1abb5f6288.mp4" as it doesn't exist and no transcode is running
[2026-08-15 10:21:02.333 +00:00] [WRN] [47] Jellyfin.Api.Controllers.DynamicHlsController: cannot serve "/cache/transcodes/83b353a1dad2a57cba3e9d6fa1abb5f6289.mp4" as it doesn't exist and no transcode is running
[2026-08-15 10:21:04.961 +00:00] [WRN] [37] Jellyfin.Api.Controllers.DynamicHlsController: cannot serve "/cache/transcodes/83b353a1dad2a57cba3e9d6fa1abb5f6290.mp4" as it doesn't exist and no transcode is running
[2026-08-15 10:21:13.633 +00:00] [WRN] [37] Jellyfin.Api.Controllers.DynamicHlsController: cannot serve "/cache/transcodes/83b353a1dad2a57cba3e9d6fa1abb5f6291.mp4" as it doesn't exist and no transcode is running
[2026-08-15 10:21:21.395 +00:00] [WRN] [35] Jellyfin.Api.Controllers.DynamicHlsController: cannot serve "/cache/transcodes/83b353a1dad2a57cba3e9d6fa1abb5f6292.mp4" as it doesn't exist and no transcode is running
[2026-08-15 10:21:23.346 +00:00] [WRN] [20] Jellyfin.Api.Controllers.DynamicHlsController: cannot serve "/cache/transcodes/83b353a1dad2a57cba3e9d6fa1abb5f6293.mp4" as it doesn't exist and no transcode is running
[2026-08-15 10:21:32.174 +00:00] [WRN] [37] Jellyfin.Api.Controllers.DynamicHlsController: cannot serve "/cache/transcodes/83b353a1dad2a57cba3e9d6fa1abb5f6294.mp4" as it doesn't exist and no transcode is running
[2026-08-15 10:21:34.948 +00:00] [WRN] [35] Jellyfin.Api.Controllers.DynamicHlsController: cannot serve "/cache/transcodes/83b353a1dad2a57cba3e9d6fa1abb5f6295.mp4" as it doesn't exist and no transcode is running
[2026-08-15 10:21:40.771 +00:00] [WRN] [37] Jellyfin.Api.Controllers.DynamicHlsController: cannot serve "/cache/transcodes/83b353a1dad2a57cba3e9d6fa1abb5f6296.mp4" as it doesn't exist and no transcode is running
[2026-08-15 10:21:47.525 +00:00] [WRN] [20] Jellyfin.Api.Controllers.DynamicHlsController: cannot serve "/cache/transcodes/83b353a1dad2a57cba3e9d6fa1abb5f6297.mp4" as it doesn't exist and no transcode is running
[2026-08-15 10:21:53.379 +00:00] [WRN] [37] Jellyfin.Api.Controllers.DynamicHlsController: cannot serve "/cache/transcodes/83b353a1dad2a57cba3e9d6fa1abb5f6298.mp4" as it doesn't exist and no transcode is running
[2026-08-15 10:22:01.264 +00:00] [WRN] [20] Jellyfin.Api.Controllers.DynamicHlsController: cannot serve "/cache/transcodes/83b353a1dad2a57cba3e9d6fa1abb5f6299.mp4" as it doesn't exist and no transcode is running
[2026-08-15 10:22:04.875 +00:00] [WRN] [37] Jellyfin.Api.Controllers.DynamicHlsController: cannot serve "/cache/transcodes/83b353a1dad2a57cba3e9d6fa1abb5f6300.mp4" as it doesn't exist and no transcode is running
[2026-08-15 10:22:10.640 +00:00] [WRN] [35] Jellyfin.Api.Controllers.DynamicHlsController: cannot serve "/cache/transcodes/83b353a1dad2a57cba3e9d6fa1abb5f6301.mp4" as it doesn't exist and no transcode is running
[2026-08-15 10:22:19.873 +00:00] [WRN] [47] Jellyfin.Api.Controllers.DynamicHlsController: cannot serve "/cache/transcodes/83b353a1dad2a57cba3e9d6fa1abb5f6302.mp4" as it doesn't exist and no transcode is running
[2026-08-15 10:22:25.945 +00:00] [WRN] [40] Jellyfin.Api.Controllers.DynamicHlsController: cannot serve "/cache/transcodes/83b353a1dad2a57cba3e9d6fa1abb5f6303.mp4" as it doesn't exist and no transcode is running
[2026-08-15 10:22:36.228 +00:00] [WRN] [35] Jellyfin.Api.Controllers.DynamicHlsController: cannot serve "/cache/transcodes/83b353a1dad2a57cba3e9d6fa1abb5f6304.mp4" as it doesn't exist and no transcode is running
[2026-08-15 10:22:46.627 +00:00] [WRN] [20] Jellyfin.Api.Controllers.DynamicHlsController: cannot serve "/cache/transcodes/83b353a1dad2a57cba3e9d6fa1abb5f6305.mp4" as it doesn't exist and no transcode is running
[2026-08-15 10:22:54.531 +00:00] [WRN] [47] Jellyfin.Api.Controllers.DynamicHlsController: cannot serve "/cache/transcodes/83b353a1dad2a57cba3e9d6fa1abb5f6306.mp4" as it doesn't exist and no transcode is running
[2026-08-15 10:22:56.841 +00:00] [WRN] [47] Jellyfin.Api.Controllers.DynamicHlsController: cannot serve "/cache/transcodes/83b353a1dad2a57cba3e9d6fa1abb5f6307.mp4" as it doesn't exist and no transcode is running
[2026-08-15 10:23:07.147 +00:00] [WRN] [47] Jellyfin.Api.Controllers.DynamicHlsController: cannot serve "/cache/transcodes/83b353a1dad2a57cba3e9d6fa1abb5f6308.mp4" as it doesn't exist and no transcode is running
[2026-08-15 10:23:09.749 +00:00] [WRN] [47] Jellyfin.Api.Controllers.DynamicHlsController: cannot serve "/cache/transcodes/83b353a1dad2a57cba3e9d6fa1abb5f6309.mp4" as it doesn't exist and no transcode is running
[2026-08-15 10:23:19.953 +00:00] [WRN] [35] Jellyfin.Api.Controllers.DynamicHlsController: cannot serve "/cache/transcodes/83b353a1dad2a57cba3e9d6fa1abb5f6310.mp4" as it doesn't exist and no transcode is running
[2026-08-15 10:23:30.391 +00:00] [WRN] [20] Jellyfin.Api.Controllers.DynamicHlsController: cannot serve "/cache/transcodes/83b353a1dad2a57cba3e9d6fa1abb5f6311.mp4" as it doesn't exist and no transcode is running
[2026-08-15 10:23:40.879 +00:00] [WRN] [35] Jellyfin.Api.Controllers.DynamicHlsController: cannot serve "/cache/transcodes/83b353a1dad2a57cba3e9d6fa1abb5f6312.mp4" as it doesn't exist and no transcode is running
[2026-08-15 10:23:48.434 +00:00] [WRN] [40] Jellyfin.Api.Controllers.DynamicHlsController: cannot serve "/cache/transcodes/83b353a1dad2a57cba3e9d6fa1abb5f6313.mp4" as it doesn't exist and no transcode is running
[2026-08-15 10:23:58.753 +00:00] [WRN] [29] Jellyfin.Api.Controllers.DynamicHlsController: cannot serve "/cache/transcodes/83b353a1dad2a57cba3e9d6fa1abb5f6314.mp4" as it doesn't exist and no transcode is running
[2026-08-15 10:24:09.147 +00:00] [WRN] [20] Jellyfin.Api.Controllers.DynamicHlsController: cannot serve "/cache/transcodes/83b353a1dad2a57cba3e9d6fa1abb5f6315.mp4" as it doesn't exist and no transcode is running
[2026-08-15 10:24:12.663 +00:00] [WRN] [40] Jellyfin.Api.Controllers.DynamicHlsController: cannot serve "/cache/transcodes/83b353a1dad2a57cba3e9d6fa1abb5f6316.mp4" as it doesn't exist and no transcode is running
[2026-08-15 10:24:23.486 +00:00] [WRN] [29] Jellyfin.Api.Controllers.DynamicHlsController: cannot serve "/cache/transcodes/83b353a1dad2a57cba3e9d6fa1abb5f6317.mp4" as it doesn't exist and no transcode is running
[2026-08-15 10:24:28.464 +00:00] [WRN] [20] Jellyfin.Api.Controllers.DynamicHlsController: cannot serve "/cache/transcodes/83b353a1dad2a57cba3e9d6fa1abb5f6318.mp4" as it doesn't exist and no transcode is running
[2026-08-15 10:24:29.633 +00:00] [WRN] [35] Jellyfin.Api.Controllers.DynamicHlsController: cannot serve "/cache/transcodes/83b353a1dad2a57cba3e9d6fa1abb5f6319.mp4" as it doesn't exist and no transcode is running
[2026-08-15 10:24:31.756 +00:00] [WRN] [35] Jellyfin.Api.Controllers.DynamicHlsController: cannot serve "/cache/transcodes/83b353a1dad2a57cba3e9d6fa1abb5f6320.mp4" as it doesn't exist and no transcode is running
[2026-08-15 10:24:34.560 +00:00] [WRN] [35] Jellyfin.Api.Controllers.DynamicHlsController: cannot serve "/cache/transcodes/83b353a1dad2a57cba3e9d6fa1abb5f6321.mp4" as it doesn't exist and no transcode is running
[2026-08-15 10:24:38.636 +00:00] [WRN] [29] Jellyfin.Api.Controllers.DynamicHlsController: cannot serve "/cache/transcodes/83b353a1dad2a57cba3e9d6fa1abb5f6322.mp4" as it doesn't exist and no transcode is running
[2026-08-15 10:24:44.256 +00:00] [WRN] [22] Jellyfin.Api.Controllers.DynamicHlsController: cannot serve "/cache/transcodes/83b353a1dad2a57cba3e9d6fa1abb5f6323.mp4" as it doesn't exist and no transcode is running
[2026-08-15 10:24:49.342 +00:00] [WRN] [35] Jellyfin.Api.Controllers.DynamicHlsController: cannot serve "/cache/transcodes/83b353a1dad2a57cba3e9d6fa1abb5f6324.mp4" as it doesn't exist and no transcode is running
[2026-08-15 10:24:50.966 +00:00] [WRN] [40] Jellyfin.Api.Controllers.DynamicHlsController: cannot serve "/cache/transcodes/83b353a1dad2a57cba3e9d6fa1abb5f6325.mp4" as it doesn't exist and no transcode is running
[2026-08-15 10:24:53.781 +00:00] [WRN] [20] Jellyfin.Api.Controllers.DynamicHlsController: cannot serve "/cache/transcodes/83b353a1dad2a57cba3e9d6fa1abb5f6326.mp4" as it doesn't exist and no transcode is running
[2026-08-15 10:24:58.846 +00:00] [WRN] [40] Jellyfin.Api.Controllers.DynamicHlsController: cannot serve "/cache/transcodes/83b353a1dad2a57cba3e9d6fa1abb5f6327.mp4" as it doesn't exist and no transcode is running
[2026-08-15 10:25:00.755 +00:00] [WRN] [40] Jellyfin.Api.Controllers.DynamicHlsController: cannot serve "/cache/transcodes/83b353a1dad2a57cba3e9d6fa1abb5f6328.mp4" as it doesn't exist and no transcode is running
[2026-08-15 10:25:02.450 +00:00] [WRN] [20] Jellyfin.Api.Controllers.DynamicHlsController: cannot serve "/cache/transcodes/83b353a1dad2a57cba3e9d6fa1abb5f6329.mp4" as it doesn't exist and no transcode is running
[2026-08-15 10:25:05.553 +00:00] [WRN] [20] Jellyfin.Api.Controllers.DynamicHlsController: cannot serve "/cache/transcodes/83b353a1dad2a57cba3e9d6fa1abb5f6330.mp4" as it doesn't exist and no transcode is running
[2026-08-15 10:25:10.849 +00:00] [WRN] [40] Jellyfin.Api.Controllers.DynamicHlsController: cannot serve "/cache/transcodes/83b353a1dad2a57cba3e9d6fa1abb5f6331.mp4" as it doesn't exist and no transcode is running
[2026-08-15 10:25:16.945 +00:00] [WRN] [40] Jellyfin.Api.Controllers.DynamicHlsController: cannot serve "/cache/transcodes/83b353a1dad2a57cba3e9d6fa1abb5f6332.mp4" as it doesn't exist and no transcode is running
[2026-08-15 10:25:22.850 +00:00] [WRN] [40] Jellyfin.Api.Controllers.DynamicHlsController: cannot serve "/cache/transcodes/83b353a1dad2a57cba3e9d6fa1abb5f6333.mp4" as it doesn't exist and no transcode is running
[2026-08-15 10:25:28.762 +00:00] [WRN] [20] Jellyfin.Api.Controllers.DynamicHlsController: cannot serve "/cache/transcodes/83b353a1dad2a57cba3e9d6fa1abb5f6334.mp4" as it doesn't exist and no transcode is running
[2026-08-15 10:25:35.139 +00:00] [WRN] [40] Jellyfin.Api.Controllers.DynamicHlsController: cannot serve "/cache/transcodes/83b353a1dad2a57cba3e9d6fa1abb5f6335.mp4" as it doesn't exist and no transcode is running
[2026-08-15 10:25:43.465 +00:00] [WRN] [35] Jellyfin.Api.Controllers.DynamicHlsController: cannot serve "/cache/transcodes/83b353a1dad2a57cba3e9d6fa1abb5f6336.mp4" as it doesn't exist and no transcode is running
[2026-08-15 10:25:53.654 +00:00] [WRN] [40] Jellyfin.Api.Controllers.DynamicHlsController: cannot serve "/cache/transcodes/83b353a1dad2a57cba3e9d6fa1abb5f6337.mp4" as it doesn't exist and no transcode is running
[2026-08-15 10:25:55.336 +00:00] [WRN] [35] Jellyfin.Api.Controllers.DynamicHlsController: cannot serve "/cache/transcodes/83b353a1dad2a57cba3e9d6fa1abb5f6338.mp4" as it doesn't exist and no transcode is running
[2026-08-15 10:26:02.961 +00:00] [WRN] [35] Jellyfin.Api.Controllers.DynamicHlsController: cannot serve "/cache/transcodes/83b353a1dad2a57cba3e9d6fa1abb5f6339.mp4" as it doesn't exist and no transcode is running
[2026-08-15 10:26:13.226 +00:00] [WRN] [40] Jellyfin.Api.Controllers.DynamicHlsController: cannot serve "/cache/transcodes/83b353a1dad2a57cba3e9d6fa1abb5f6340.mp4" as it doesn't exist and no transcode is running
[2026-08-15 10:26:16.347 +00:00] [WRN] [20] Jellyfin.Api.Controllers.DynamicHlsController: cannot serve "/cache/transcodes/83b353a1dad2a57cba3e9d6fa1abb5f6341.mp4" as it doesn't exist and no transcode is running
[2026-08-15 10:26:18.730 +00:00] [WRN] [20] Jellyfin.Api.Controllers.DynamicHlsController: cannot serve "/cache/transcodes/83b353a1dad2a57cba3e9d6fa1abb5f6342.mp4" as it doesn't exist and no transcode is running
[2026-08-15 10:26:27.022 +00:00] [WRN] [35] Jellyfin.Api.Controllers.DynamicHlsController: cannot serve "/cache/transcodes/83b353a1dad2a57cba3e9d6fa1abb5f6343.mp4" as it doesn't exist and no transcode is running
[2026-08-15 10:26:31.758 +00:00] [WRN] [20] Jellyfin.Api.Controllers.DynamicHlsController: cannot serve "/cache/transcodes/83b353a1dad2a57cba3e9d6fa1abb5f6344.mp4" as it doesn't exist and no transcode is running
[2026-08-15 10:26:37.469 +00:00] [WRN] [40] Jellyfin.Api.Controllers.DynamicHlsController: cannot serve "/cache/transcodes/83b353a1dad2a57cba3e9d6fa1abb5f6345.mp4" as it doesn't exist and no transcode is running
[2026-08-15 10:26:47.770 +00:00] [WRN] [40] Jellyfin.Api.Controllers.DynamicHlsController: cannot serve "/cache/transcodes/83b353a1dad2a57cba3e9d6fa1abb5f6346.mp4" as it doesn't exist and no transcode is running
[2026-08-15 10:26:54.752 +00:00] [WRN] [20] Jellyfin.Api.Controllers.DynamicHlsController: cannot serve "/cache/transcodes/83b353a1dad2a57cba3e9d6fa1abb5f6347.mp4" as it doesn't exist and no transcode is running
[2026-08-15 10:26:58.557 +00:00] [WRN] [20] Jellyfin.Api.Controllers.DynamicHlsController: cannot serve "/cache/transcodes/83b353a1dad2a57cba3e9d6fa1abb5f6348.mp4" as it doesn't exist and no transcode is running
[2026-08-15 10:27:05.036 +00:00] [WRN] [35] Jellyfin.Api.Controllers.DynamicHlsController: cannot serve "/cache/transcodes/83b353a1dad2a57cba3e9d6fa1abb5f6349.mp4" as it doesn't exist and no transcode is running
[2026-08-15 10:27:08.448 +00:00] [WRN] [40] Jellyfin.Api.Controllers.DynamicHlsController: cannot serve "/cache/transcodes/83b353a1dad2a57cba3e9d6fa1abb5f6350.mp4" as it doesn't exist and no transcode is running
[2026-08-15 10:27:11.067 +00:00] [WRN] [29] Jellyfin.Api.Controllers.DynamicHlsController: cannot serve "/cache/transcodes/83b353a1dad2a57cba3e9d6fa1abb5f6351.mp4" as it doesn't exist and no transcode is running
[2026-08-15 10:27:18.281 +00:00] [WRN] [29] Jellyfin.Api.Controllers.DynamicHlsController: cannot serve "/cache/transcodes/83b353a1dad2a57cba3e9d6fa1abb5f6352.mp4" as it doesn't exist and no transcode is running
[2026-08-15 10:27:31.052 +00:00] [WRN] [29] Jellyfin.Api.Controllers.DynamicHlsController: cannot serve "/cache/transcodes/83b353a1dad2a57cba3e9d6fa1abb5f6353.mp4" as it doesn't exist and no transcode is running
[2026-08-15 10:27:36.076 +00:00] [WRN] [35] Jellyfin.Api.Controllers.DynamicHlsController: cannot serve "/cache/transcodes/83b353a1dad2a57cba3e9d6fa1abb5f6354.mp4" as it doesn't exist and no transcode is running
[2026-08-15 10:27:38.544 +00:00] [WRN] [40] Jellyfin.Api.Controllers.DynamicHlsController: cannot serve "/cache/transcodes/83b353a1dad2a57cba3e9d6fa1abb5f6355.mp4" as it doesn't exist and no transcode is running
[2026-08-15 10:27:45.050 +00:00] [WRN] [35] Jellyfin.Api.Controllers.DynamicHlsController: cannot serve "/cache/transcodes/83b353a1dad2a57cba3e9d6fa1abb5f6356.mp4" as it doesn't exist and no transcode is running
[2026-08-15 10:27:46.463 +00:00] [WRN] [35] Jellyfin.Api.Controllers.DynamicHlsController: cannot serve "/cache/transcodes/83b353a1dad2a57cba3e9d6fa1abb5f6357.mp4" as it doesn't exist and no transcode is running
[2026-08-15 10:27:53.967 +00:00] [WRN] [29] Jellyfin.Api.Controllers.DynamicHlsController: cannot serve "/cache/transcodes/83b353a1dad2a57cba3e9d6fa1abb5f6358.mp4" as it doesn't exist and no transcode is running
[2026-08-15 10:28:01.063 +00:00] [WRN] [35] Jellyfin.Api.Controllers.DynamicHlsController: cannot serve "/cache/transcodes/83b353a1dad2a57cba3e9d6fa1abb5f6359.mp4" as it doesn't exist and no transcode is running
[2026-08-15 10:28:07.065 +00:00] [WRN] [19] Jellyfin.Api.Controllers.DynamicHlsController: cannot serve "/cache/transcodes/83b353a1dad2a57cba3e9d6fa1abb5f6360.mp4" as it doesn't exist and no transcode is running
[2026-08-15 10:28:13.237 +00:00] [WRN] [22] Jellyfin.Api.Controllers.DynamicHlsController: cannot serve "/cache/transcodes/83b353a1dad2a57cba3e9d6fa1abb5f6361.mp4" as it doesn't exist and no transcode is running
[2026-08-15 10:28:18.364 +00:00] [WRN] [29] Jellyfin.Api.Controllers.DynamicHlsController: cannot serve "/cache/transcodes/83b353a1dad2a57cba3e9d6fa1abb5f6362.mp4" as it doesn't exist and no transcode is running
[2026-08-15 10:28:25.062 +00:00] [WRN] [29] Jellyfin.Api.Controllers.DynamicHlsController: cannot serve "/cache/transcodes/83b353a1dad2a57cba3e9d6fa1abb5f6363.mp4" as it doesn't exist and no transcode is running
[2026-08-15 10:28:29.548 +00:00] [WRN] [29] Jellyfin.Api.Controllers.DynamicHlsController: cannot serve "/cache/transcodes/83b353a1dad2a57cba3e9d6fa1abb5f6364.mp4" as it doesn't exist and no transcode is running
[2026-08-15 10:28:35.556 +00:00] [WRN] [29] Jellyfin.Api.Controllers.DynamicHlsController: cannot serve "/cache/transcodes/83b353a1dad2a57cba3e9d6fa1abb5f6365.mp4" as it doesn't exist and no transcode is running
[2026-08-15 10:28:41.376 +00:00] [WRN] [22] Jellyfin.Api.Controllers.DynamicHlsController: cannot serve "/cache/transcodes/83b353a1dad2a57cba3e9d6fa1abb5f6366.mp4" as it doesn't exist and no transcode is running
[2026-08-15 10:28:48.454 +00:00] [WRN] [29] Jellyfin.Api.Controllers.DynamicHlsController: cannot serve "/cache/transcodes/83b353a1dad2a57cba3e9d6fa1abb5f6367.mp4" as it doesn't exist and no transcode is running
[2026-08-15 10:28:53.240 +00:00] [WRN] [22] Jellyfin.Api.Controllers.DynamicHlsController: cannot serve "/cache/transcodes/83b353a1dad2a57cba3e9d6fa1abb5f6368.mp4" as it doesn't exist and no transcode is running
[2026-08-15 10:28:59.739 +00:00] [WRN] [35] Jellyfin.Api.Controllers.DynamicHlsController: cannot serve "/cache/transcodes/83b353a1dad2a57cba3e9d6fa1abb5f6369.mp4" as it doesn't exist and no transcode is running
[2026-08-15 10:29:05.369 +00:00] [WRN] [29] Jellyfin.Api.Controllers.DynamicHlsController: cannot serve "/cache/transcodes/83b353a1dad2a57cba3e9d6fa1abb5f6370.mp4" as it doesn't exist and no transcode is running
[2026-08-15 10:29:11.076 +00:00] [WRN] [37] Jellyfin.Api.Controllers.DynamicHlsController: cannot serve "/cache/transcodes/83b353a1dad2a57cba3e9d6fa1abb5f6371.mp4" as it doesn't exist and no transcode is running
[2026-08-15 10:29:19.187 +00:00] [WRN] [29] Jellyfin.Api.Controllers.DynamicHlsController: cannot serve "/cache/transcodes/83b353a1dad2a57cba3e9d6fa1abb5f6372.mp4" as it doesn't exist and no transcode is running
[2026-08-15 10:29:25.765 +00:00] [WRN] [29] Jellyfin.Api.Controllers.DynamicHlsController: cannot serve "/cache/transcodes/83b353a1dad2a57cba3e9d6fa1abb5f6373.mp4" as it doesn't exist and no transcode is running
[2026-08-15 10:29:31.350 +00:00] [WRN] [29] Jellyfin.Api.Controllers.DynamicHlsController: cannot serve "/cache/transcodes/83b353a1dad2a57cba3e9d6fa1abb5f6374.mp4" as it doesn't exist and no transcode is running
[2026-08-15 10:29:35.453 +00:00] [WRN] [22] Jellyfin.Api.Controllers.DynamicHlsController: cannot serve "/cache/transcodes/83b353a1dad2a57cba3e9d6fa1abb5f6375.mp4" as it doesn't exist and no transcode is running
[2026-08-15 10:29:41.131 +00:00] [WRN] [37] Jellyfin.Api.Controllers.DynamicHlsController: cannot serve "/cache/transcodes/83b353a1dad2a57cba3e9d6fa1abb5f6376.mp4" as it doesn't exist and no transcode is running
[2026-08-15 10:29:48.896 +00:00] [WRN] [37] Jellyfin.Api.Controllers.DynamicHlsController: cannot serve "/cache/transcodes/83b353a1dad2a57cba3e9d6fa1abb5f6377.mp4" as it doesn't exist and no transcode is running
[2026-08-15 10:29:57.951 +00:00] [WRN] [19] Jellyfin.Api.Controllers.DynamicHlsController: cannot serve "/cache/transcodes/83b353a1dad2a57cba3e9d6fa1abb5f6378.mp4" as it doesn't exist and no transcode is running
[2026-08-15 10:30:06.948 +00:00] [WRN] [37] Jellyfin.Api.Controllers.DynamicHlsController: cannot serve "/cache/transcodes/83b353a1dad2a57cba3e9d6fa1abb5f6379.mp4" as it doesn't exist and no transcode is running
[2026-08-15 10:30:15.451 +00:00] [WRN] [22] Jellyfin.Api.Controllers.DynamicHlsController: cannot serve "/cache/transcodes/83b353a1dad2a57cba3e9d6fa1abb5f6380.mp4" as it doesn't exist and no transcode is running
[2026-08-15 10:30:18.935 +00:00] [WRN] [40] Jellyfin.Api.Controllers.DynamicHlsController: cannot serve "/cache/transcodes/83b353a1dad2a57cba3e9d6fa1abb5f6381.mp4" as it doesn't exist and no transcode is running
[2026-08-15 10:30:23.164 +00:00] [WRN] [40] Jellyfin.Api.Controllers.DynamicHlsController: cannot serve "/cache/transcodes/83b353a1dad2a57cba3e9d6fa1abb5f6382.mp4" as it doesn't exist and no transcode is running
[2026-08-15 10:30:27.150 +00:00] [WRN] [35] Jellyfin.Api.Controllers.DynamicHlsController: cannot serve "/cache/transcodes/83b353a1dad2a57cba3e9d6fa1abb5f6383.mp4" as it doesn't exist and no transcode is running
[2026-08-15 10:30:28.868 +00:00] [WRN] [29] Jellyfin.Api.Controllers.DynamicHlsController: cannot serve "/cache/transcodes/83b353a1dad2a57cba3e9d6fa1abb5f6384.mp4" as it doesn't exist and no transcode is running
[2026-08-15 10:30:40.958 +00:00] [WRN] [35] Jellyfin.Api.Controllers.DynamicHlsController: cannot serve "/cache/transcodes/83b353a1dad2a57cba3e9d6fa1abb5f6385.mp4" as it doesn't exist and no transcode is running
[2026-08-15 10:30:49.260 +00:00] [WRN] [35] Jellyfin.Api.Controllers.DynamicHlsController: cannot serve "/cache/transcodes/83b353a1dad2a57cba3e9d6fa1abb5f6386.mp4" as it doesn't exist and no transcode is running
[2026-08-15 10:30:51.657 +00:00] [WRN] [29] Jellyfin.Api.Controllers.DynamicHlsController: cannot serve "/cache/transcodes/83b353a1dad2a57cba3e9d6fa1abb5f6387.mp4" as it doesn't exist and no transcode is running
[2026-08-15 10:30:59.970 +00:00] [WRN] [35] Jellyfin.Api.Controllers.DynamicHlsController: cannot serve "/cache/transcodes/83b353a1dad2a57cba3e9d6fa1abb5f6388.mp4" as it doesn't exist and no transcode is running
[2026-08-15 10:31:03.587 +00:00] [WRN] [29] Jellyfin.Api.Controllers.DynamicHlsController: cannot serve "/cache/transcodes/83b353a1dad2a57cba3e9d6fa1abb5f6389.mp4" as it doesn't exist and no transcode is running
[2026-08-15 10:31:05.189 +00:00] [WRN] [29] Jellyfin.Api.Controllers.DynamicHlsController: cannot serve "/cache/transcodes/83b353a1dad2a57cba3e9d6fa1abb5f6390.mp4" as it doesn't exist and no transcode is running
[2026-08-15 10:31:11.263 +00:00] [WRN] [40] Jellyfin.Api.Controllers.DynamicHlsController: cannot serve "/cache/transcodes/83b353a1dad2a57cba3e9d6fa1abb5f6391.mp4" as it doesn't exist and no transcode is running
[2026-08-15 10:31:18.138 +00:00] [WRN] [37] Jellyfin.Api.Controllers.DynamicHlsController: cannot serve "/cache/transcodes/83b353a1dad2a57cba3e9d6fa1abb5f6392.mp4" as it doesn't exist and no transcode is running
[2026-08-15 10:31:26.386 +00:00] [WRN] [22] Jellyfin.Api.Controllers.DynamicHlsController: cannot serve "/cache/transcodes/83b353a1dad2a57cba3e9d6fa1abb5f6393.mp4" as it doesn't exist and no transcode is running
[2026-08-15 10:31:30.559 +00:00] [WRN] [22] Jellyfin.Api.Controllers.DynamicHlsController: cannot serve "/cache/transcodes/83b353a1dad2a57cba3e9d6fa1abb5f6394.mp4" as it doesn't exist and no transcode is running
[2026-08-15 10:31:37.176 +00:00] [WRN] [37] Jellyfin.Api.Controllers.DynamicHlsController: cannot serve "/cache/transcodes/83b353a1dad2a57cba3e9d6fa1abb5f6395.mp4" as it doesn't exist and no transcode is running
[2026-08-15 10:31:43.233 +00:00] [WRN] [35] Jellyfin.Api.Controllers.DynamicHlsController: cannot serve "/cache/transcodes/83b353a1dad2a57cba3e9d6fa1abb5f6396.mp4" as it doesn't exist and no transcode is running
[2026-08-15 10:31:47.740 +00:00] [WRN] [20] Jellyfin.Api.Controllers.DynamicHlsController: cannot serve "/cache/transcodes/83b353a1dad2a57cba3e9d6fa1abb5f6397.mp4" as it doesn't exist and no transcode is running
[2026-08-15 10:31:53.655 +00:00] [WRN] [22] Jellyfin.Api.Controllers.DynamicHlsController: cannot serve "/cache/transcodes/83b353a1dad2a57cba3e9d6fa1abb5f6398.mp4" as it doesn't exist and no transcode is running
[2026-08-15 10:31:58.846 +00:00] [WRN] [19] Jellyfin.Api.Controllers.DynamicHlsController: cannot serve "/cache/transcodes/83b353a1dad2a57cba3e9d6fa1abb5f6399.mp4" as it doesn't exist and no transcode is running
[2026-08-15 10:32:06.256 +00:00] [WRN] [19] Jellyfin.Api.Controllers.DynamicHlsController: cannot serve "/cache/transcodes/83b353a1dad2a57cba3e9d6fa1abb5f6400.mp4" as it doesn't exist and no transcode is running
[2026-08-15 10:32:14.974 +00:00] [WRN] [20] Jellyfin.Api.Controllers.DynamicHlsController: cannot serve "/cache/transcodes/83b353a1dad2a57cba3e9d6fa1abb5f6401.mp4" as it doesn't exist and no transcode is running
[2026-08-15 10:32:17.430 +00:00] [WRN] [35] Jellyfin.Api.Controllers.DynamicHlsController: cannot serve "/cache/transcodes/83b353a1dad2a57cba3e9d6fa1abb5f6402.mp4" as it doesn't exist and no transcode is running
[2026-08-15 10:32:24.032 +00:00] [WRN] [20] Jellyfin.Api.Controllers.DynamicHlsController: cannot serve "/cache/transcodes/83b353a1dad2a57cba3e9d6fa1abb5f6403.mp4" as it doesn't exist and no transcode is running
[2026-08-15 10:32:31.231 +00:00] [WRN] [20] Jellyfin.Api.Controllers.DynamicHlsController: cannot serve "/cache/transcodes/83b353a1dad2a57cba3e9d6fa1abb5f6404.mp4" as it doesn't exist and no transcode is running
[2026-08-15 10:32:36.263 +00:00] [WRN] [35] Jellyfin.Api.Controllers.DynamicHlsController: cannot serve "/cache/transcodes/83b353a1dad2a57cba3e9d6fa1abb5f6405.mp4" as it doesn't exist and no transcode is running
[2026-08-15 10:32:49.637 +00:00] [WRN] [20] Jellyfin.Api.Controllers.DynamicHlsController: cannot serve "/cache/transcodes/83b353a1dad2a57cba3e9d6fa1abb5f6406.mp4" as it doesn't exist and no transcode is running
[2026-08-15 10:32:54.447 +00:00] [WRN] [35] Jellyfin.Api.Controllers.DynamicHlsController: cannot serve "/cache/transcodes/83b353a1dad2a57cba3e9d6fa1abb5f6407.mp4" as it doesn't exist and no transcode is running
[2026-08-15 10:33:00.871 +00:00] [WRN] [19] Jellyfin.Api.Controllers.DynamicHlsController: cannot serve "/cache/transcodes/83b353a1dad2a57cba3e9d6fa1abb5f6408.mp4" as it doesn't exist and no transcode is running
[2026-08-15 10:33:06.578 +00:00] [WRN] [19] Jellyfin.Api.Controllers.DynamicHlsController: cannot serve "/cache/transcodes/83b353a1dad2a57cba3e9d6fa1abb5f6409.mp4" as it doesn't exist and no transcode is running
[2026-08-15 10:33:14.739 +00:00] [WRN] [35] Jellyfin.Api.Controllers.DynamicHlsController: cannot serve "/cache/transcodes/83b353a1dad2a57cba3e9d6fa1abb5f6410.mp4" as it doesn't exist and no transcode is running
[2026-08-15 10:33:19.660 +00:00] [WRN] [19] Jellyfin.Api.Controllers.DynamicHlsController: cannot serve "/cache/transcodes/83b353a1dad2a57cba3e9d6fa1abb5f6411.mp4" as it doesn't exist and no transcode is running
[2026-08-15 10:33:22.796 +00:00] [WRN] [22] Jellyfin.Api.Controllers.DynamicHlsController: cannot serve "/cache/transcodes/83b353a1dad2a57cba3e9d6fa1abb5f6412.mp4" as it doesn't exist and no transcode is running
[2026-08-15 10:33:24.652 +00:00] [WRN] [35] Jellyfin.Api.Controllers.DynamicHlsController: cannot serve "/cache/transcodes/83b353a1dad2a57cba3e9d6fa1abb5f6413.mp4" as it doesn't exist and no transcode is running
[2026-08-15 10:33:34.549 +00:00] [WRN] [35] Jellyfin.Api.Controllers.DynamicHlsController: cannot serve "/cache/transcodes/83b353a1dad2a57cba3e9d6fa1abb5f6414.mp4" as it doesn't exist and no transcode is running
[2026-08-15 10:33:36.078 +00:00] [WRN] [35] Jellyfin.Api.Controllers.DynamicHlsController: cannot serve "/cache/transcodes/83b353a1dad2a57cba3e9d6fa1abb5f6415.mp4" as it doesn't exist and no transcode is running
[2026-08-15 10:33:43.354 +00:00] [WRN] [35] Jellyfin.Api.Controllers.DynamicHlsController: cannot serve "/cache/transcodes/83b353a1dad2a57cba3e9d6fa1abb5f6416.mp4" as it doesn't exist and no transcode is running
[2026-08-15 10:33:47.231 +00:00] [WRN] [20] Jellyfin.Api.Controllers.DynamicHlsController: cannot serve "/cache/transcodes/83b353a1dad2a57cba3e9d6fa1abb5f6417.mp4" as it doesn't exist and no transcode is running
[2026-08-15 10:33:54.032 +00:00] [WRN] [22] Jellyfin.Api.Controllers.DynamicHlsController: cannot serve "/cache/transcodes/83b353a1dad2a57cba3e9d6fa1abb5f6418.mp4" as it doesn't exist and no transcode is running
[2026-08-15 10:34:00.729 +00:00] [WRN] [22] Jellyfin.Api.Controllers.DynamicHlsController: cannot serve "/cache/transcodes/83b353a1dad2a57cba3e9d6fa1abb5f6419.mp4" as it doesn't exist and no transcode is running
[2026-08-15 10:34:07.159 +00:00] [WRN] [22] Jellyfin.Api.Controllers.DynamicHlsController: cannot serve "/cache/transcodes/83b353a1dad2a57cba3e9d6fa1abb5f6420.mp4" as it doesn't exist and no transcode is running
[2026-08-15 10:34:16.839 +00:00] [WRN] [19] Jellyfin.Api.Controllers.DynamicHlsController: cannot serve "/cache/transcodes/83b353a1dad2a57cba3e9d6fa1abb5f6421.mp4" as it doesn't exist and no transcode is running
[2026-08-15 10:34:27.056 +00:00] [WRN] [37] Jellyfin.Api.Controllers.DynamicHlsController: cannot serve "/cache/transcodes/83b353a1dad2a57cba3e9d6fa1abb5f6422.mp4" as it doesn't exist and no transcode is running
[2026-08-15 10:34:28.622 +00:00] [WRN] [35] Jellyfin.Api.Controllers.DynamicHlsController: cannot serve "/cache/transcodes/83b353a1dad2a57cba3e9d6fa1abb5f6429.mp4" as it doesn't exist and no transcode is running
[2026-08-15 10:34:30.325 +00:00] [WRN] [19] Jellyfin.Api.Controllers.DynamicHlsController: cannot serve "/cache/transcodes/83b353a1dad2a57cba3e9d6fa1abb5f6430.mp4" as it doesn't exist and no transcode is running
[2026-08-15 10:34:34.640 +00:00] [INF] [35] MediaBrowser.MediaEncoding.Transcoding.TranscodeManager: Deleting partial stream file(s) "/cache/transcodes/31bd515412d68e4df3c83a86f1894691.m3u8"
[2026-08-15 10:34:35.066 +00:00] [INF] [35] Jellyfin.Api.Helpers.MediaInfoHelper: User policy for "shamal". EnablePlaybackRemuxing: True EnableVideoPlaybackTranscoding: True EnableAudioPlaybackTranscoding: True
[2026-08-15 10:34:36.118 +00:00] [INF] [22] Jellyfin.Api.Controllers.DynamicHlsController: Current HLS implementation doesn't support non-keyframe breaks but one is requested, ignoring that request
[2026-08-15 10:34:36.119 +00:00] [INF] [22] MediaBrowser.MediaEncoding.Transcoding.TranscodeManager: "/usr/lib/jellyfin-ffmpeg/ffmpeg" "-analyzeduration 200M -probesize 1G -fflags +genpts  -i file:\"/media/tv/Reacher/Season 04/Reacher.S04E02.1080p.x265-ELiTE.mkv\" -map_metadata -1 -map_chapters -1 -threads 0 -map 0:0 -map 0:1 -map -0:s -codec:v:0 copy -tag:v:0 hvc1 -bsf:v hevc_mp4toannexb -start_at_zero -codec:a:0 libfdk_aac -ac 2 -ab 256000 -af \"volume=2\" -copyts -avoid_negative_ts disabled -max_muxing_queue_size 2048 -f hls -max_delay 5000000 -hls_time 6 -hls_segment_type fmp4 -hls_fmp4_init_filename \"ef9af3d80a48ba4ee6d460c1aff75ee2-1.mp4\" -start_number 0 -hls_segment_filename \"/cache/transcodes/ef9af3d80a48ba4ee6d460c1aff75ee2%d.mp4\" -hls_playlist_type vod -hls_list_size 0 -hls_segment_options movflags=+frag_discont -y \"/cache/transcodes/ef9af3d80a48ba4ee6d460c1aff75ee2.m3u8\""
[2026-08-15 10:34:36.172 +00:00] [INF] [35] Emby.Server.Implementations.Session.SessionManager: Playback stopped reported by app "Jellyfin Web" "10.11.11" playing "City of Brotherly Love". Stopped at "2617120" ms
[2026-08-15 10:34:38.595 +00:00] [INF] [35] MediaBrowser.MediaEncoding.Subtitles.SubtitleEncoder: "/usr/lib/jellyfin-ffmpeg/ffmpeg" "-i file:\"/media/tv/Reacher/Season 04/Reacher.S04E02.1080p.x265-ELiTE.mkv\" -map 0:2 -an -vn -c:s copy -flush_packets 1 \"/config/data/subtitles/92/92e5ac6c-c56e-a472-0305-4a9ccf4c0c25/2.srt\""
[2026-08-15 10:34:38.857 +00:00] [INF] [35] MediaBrowser.MediaEncoding.Subtitles.SubtitleEncoder: ffmpeg subtitle extraction completed for "file:\"/media/tv/Reacher/Season 04/Reacher.S04E02.1080p.x265-ELiTE.mkv\"" to "/config/data/subtitles/92/92e5ac6c-c56e-a472-0305-4a9ccf4c0c25/2.srt"
[2026-08-15 10:35:13.074 +00:00] [INF] [22] MediaBrowser.MediaEncoding.Transcoding.TranscodeManager: FFmpeg exited with code 0
[2026-08-15 11:22:05.248 +00:00] [INF] [20] MediaBrowser.MediaEncoding.Transcoding.TranscodeManager: Deleting partial stream file(s) "/cache/transcodes/ef9af3d80a48ba4ee6d460c1aff75ee2.m3u8"
[2026-08-15 11:22:05.609 +00:00] [INF] [47] Jellyfin.Api.Helpers.MediaInfoHelper: User policy for "shamal". EnablePlaybackRemuxing: True EnableVideoPlaybackTranscoding: True EnableAudioPlaybackTranscoding: True
[2026-08-15 11:22:06.799 +00:00] [INF] [22] Emby.Server.Implementations.Session.SessionManager: Playback stopped reported by app "Jellyfin Web" "10.11.11" playing "Cage Fight". Stopped at "2700863" ms
[2026-08-15 11:22:07.176 +00:00] [INF] [20] Jellyfin.Api.Controllers.DynamicHlsController: Current HLS implementation doesn't support non-keyframe breaks but one is requested, ignoring that request
[2026-08-15 11:22:07.176 +00:00] [INF] [20] MediaBrowser.MediaEncoding.Transcoding.TranscodeManager: "/usr/lib/jellyfin-ffmpeg/ffmpeg" "-analyzeduration 200M -probesize 1G -fflags +genpts  -i file:\"/media/tv/Reacher/Season 04/Reacher.S04E03.1080p.x265-ELiTE.mkv\" -map_metadata -1 -map_chapters -1 -threads 0 -map 0:0 -map 0:1 -map -0:s -codec:v:0 copy -tag:v:0 hvc1 -bsf:v hevc_mp4toannexb -start_at_zero -codec:a:0 libfdk_aac -ac 2 -ab 256000 -af \"volume=2\" -copyts -avoid_negative_ts disabled -max_muxing_queue_size 2048 -f hls -max_delay 5000000 -hls_time 6 -hls_segment_type fmp4 -hls_fmp4_init_filename \"0e2f3cc58a2851e651c2e3e2a5d6a738-1.mp4\" -start_number 0 -hls_segment_filename \"/cache/transcodes/0e2f3cc58a2851e651c2e3e2a5d6a738%d.mp4\" -hls_playlist_type vod -hls_list_size 0 -hls_segment_options movflags=+frag_discont -y \"/cache/transcodes/0e2f3cc58a2851e651c2e3e2a5d6a738.m3u8\""
[2026-08-15 11:22:10.270 +00:00] [INF] [47] MediaBrowser.MediaEncoding.Subtitles.SubtitleEncoder: "/usr/lib/jellyfin-ffmpeg/ffmpeg" "-i file:\"/media/tv/Reacher/Season 04/Reacher.S04E03.1080p.x265-ELiTE.mkv\" -map 0:2 -an -vn -c:s copy -flush_packets 1 \"/config/data/subtitles/6e/6edc9e85-8b5d-b4f7-0aaa-9d2613d649d2/2.srt\""
[2026-08-15 11:22:10.473 +00:00] [INF] [21] MediaBrowser.MediaEncoding.Subtitles.SubtitleEncoder: ffmpeg subtitle extraction completed for "file:\"/media/tv/Reacher/Season 04/Reacher.S04E03.1080p.x265-ELiTE.mkv\"" to "/config/data/subtitles/6e/6edc9e85-8b5d-b4f7-0aaa-9d2613d649d2/2.srt"
[2026-08-15 11:22:41.321 +00:00] [INF] [19] MediaBrowser.MediaEncoding.Transcoding.TranscodeManager: FFmpeg exited with code 0
[2026-08-15 11:45:06.317 +00:00] [INF] [35] Jellyfin.Api.Controllers.DynamicHlsController: Current HLS implementation doesn't support non-keyframe breaks but one is requested, ignoring that request
[2026-08-15 11:45:06.317 +00:00] [INF] [35] MediaBrowser.MediaEncoding.Transcoding.TranscodeManager: "/usr/lib/jellyfin-ffmpeg/ffmpeg" "-analyzeduration 200M -probesize 1G -ss 00:16:20.187 -noaccurate_seek -fflags +genpts  -i file:\"/media/tv/Reacher/Season 04/Reacher.S04E03.1080p.x265-ELiTE.mkv\" -map_metadata -1 -map_chapters -1 -threads 0 -map 0:0 -map 0:1 -map -0:s -codec:v:0 copy -tag:v:0 hvc1 -bsf:v hevc_mp4toannexb -start_at_zero -codec:a:0 libfdk_aac -ac 2 -ab 256000 -af \"volume=2\" -copyts -avoid_negative_ts disabled -max_muxing_queue_size 2048 -f hls -max_delay 5000000 -hls_time 6 -hls_segment_type fmp4 -hls_fmp4_init_filename \"fe95c1bd2890f8a9250ab78eec32a568-1.mp4\" -start_number 163 -hls_segment_filename \"/cache/transcodes/fe95c1bd2890f8a9250ab78eec32a568%d.mp4\" -hls_playlist_type vod -hls_list_size 0 -hls_segment_options movflags=+frag_discont -y \"/cache/transcodes/fe95c1bd2890f8a9250ab78eec32a568.m3u8\""
[2026-08-15 11:45:08.861 +00:00] [WRN] [21] Jellyfin.Api.Controllers.DynamicHlsController: cannot serve "/cache/transcodes/0e2f3cc58a2851e651c2e3e2a5d6a738221.mp4" as it doesn't exist and no transcode is running
[2026-08-15 11:45:16.345 +00:00] [WRN] [37] Jellyfin.Api.Controllers.DynamicHlsController: cannot serve "/cache/transcodes/0e2f3cc58a2851e651c2e3e2a5d6a738222.mp4" as it doesn't exist and no transcode is running
[2026-08-15 11:45:26.534 +00:00] [WRN] [37] Jellyfin.Api.Controllers.DynamicHlsController: cannot serve "/cache/transcodes/0e2f3cc58a2851e651c2e3e2a5d6a738223.mp4" as it doesn't exist and no transcode is running
[2026-08-15 11:45:27.177 +00:00] [INF] [19] MediaBrowser.MediaEncoding.Transcoding.TranscodeManager: FFmpeg exited with code 0
[2026-08-15 11:45:28.759 +00:00] [WRN] [21] Jellyfin.Api.Controllers.DynamicHlsController: cannot serve "/cache/transcodes/0e2f3cc58a2851e651c2e3e2a5d6a738224.mp4" as it doesn't exist and no transcode is running
[2026-08-15 11:45:41.475 +00:00] [WRN] [35] Jellyfin.Api.Controllers.DynamicHlsController: cannot serve "/cache/transcodes/0e2f3cc58a2851e651c2e3e2a5d6a738225.mp4" as it doesn't exist and no transcode is running
[2026-08-15 11:45:51.957 +00:00] [WRN] [19] Jellyfin.Api.Controllers.DynamicHlsController: cannot serve "/cache/transcodes/0e2f3cc58a2851e651c2e3e2a5d6a738226.mp4" as it doesn't exist and no transcode is running
[2026-08-15 11:46:02.329 +00:00] [WRN] [19] Jellyfin.Api.Controllers.DynamicHlsController: cannot serve "/cache/transcodes/0e2f3cc58a2851e651c2e3e2a5d6a738227.mp4" as it doesn't exist and no transcode is running
[2026-08-15 11:46:12.750 +00:00] [WRN] [19] Jellyfin.Api.Controllers.DynamicHlsController: cannot serve "/cache/transcodes/0e2f3cc58a2851e651c2e3e2a5d6a738228.mp4" as it doesn't exist and no transcode is running
[2026-08-15 11:46:22.935 +00:00] [WRN] [19] Jellyfin.Api.Controllers.DynamicHlsController: cannot serve "/cache/transcodes/0e2f3cc58a2851e651c2e3e2a5d6a738229.mp4" as it doesn't exist and no transcode is running
[2026-08-15 11:46:32.164 +00:00] [WRN] [35] Jellyfin.Api.Controllers.DynamicHlsController: cannot serve "/cache/transcodes/0e2f3cc58a2851e651c2e3e2a5d6a738230.mp4" as it doesn't exist and no transcode is running
[2026-08-15 11:46:33.637 +00:00] [WRN] [20] Jellyfin.Api.Controllers.DynamicHlsController: cannot serve "/cache/transcodes/0e2f3cc58a2851e651c2e3e2a5d6a738231.mp4" as it doesn't exist and no transcode is running
[2026-08-15 11:46:35.026 +00:00] [WRN] [20] Jellyfin.Api.Controllers.DynamicHlsController: cannot serve "/cache/transcodes/0e2f3cc58a2851e651c2e3e2a5d6a738232.mp4" as it doesn't exist and no transcode is running
[2026-08-15 11:46:36.739 +00:00] [WRN] [20] Jellyfin.Api.Controllers.DynamicHlsController: cannot serve "/cache/transcodes/0e2f3cc58a2851e651c2e3e2a5d6a738233.mp4" as it doesn't exist and no transcode is running
[2026-08-15 11:46:42.451 +00:00] [WRN] [21] Jellyfin.Api.Controllers.DynamicHlsController: cannot serve "/cache/transcodes/0e2f3cc58a2851e651c2e3e2a5d6a738234.mp4" as it doesn't exist and no transcode is running
[2026-08-15 11:46:43.831 +00:00] [WRN] [35] Jellyfin.Api.Controllers.DynamicHlsController: cannot serve "/cache/transcodes/0e2f3cc58a2851e651c2e3e2a5d6a738235.mp4" as it doesn't exist and no transcode is running
[2026-08-15 11:46:45.984 +00:00] [WRN] [21] Jellyfin.Api.Controllers.DynamicHlsController: cannot serve "/cache/transcodes/0e2f3cc58a2851e651c2e3e2a5d6a738236.mp4" as it doesn't exist and no transcode is running
[2026-08-15 11:46:50.258 +00:00] [WRN] [20] Jellyfin.Api.Controllers.DynamicHlsController: cannot serve "/cache/transcodes/0e2f3cc58a2851e651c2e3e2a5d6a738237.mp4" as it doesn't exist and no transcode is running
[2026-08-15 11:46:52.056 +00:00] [WRN] [20] Jellyfin.Api.Controllers.DynamicHlsController: cannot serve "/cache/transcodes/0e2f3cc58a2851e651c2e3e2a5d6a738238.mp4" as it doesn't exist and no transcode is running
[2026-08-15 11:47:05.139 +00:00] [WRN] [20] Jellyfin.Api.Controllers.DynamicHlsController: cannot serve "/cache/transcodes/0e2f3cc58a2851e651c2e3e2a5d6a738239.mp4" as it doesn't exist and no transcode is running
[2026-08-15 11:47:15.184 +00:00] [WRN] [35] Jellyfin.Api.Controllers.DynamicHlsController: cannot serve "/cache/transcodes/0e2f3cc58a2851e651c2e3e2a5d6a738240.mp4" as it doesn't exist and no transcode is running
[2026-08-15 11:47:26.215 +00:00] [WRN] [35] Jellyfin.Api.Controllers.DynamicHlsController: cannot serve "/cache/transcodes/0e2f3cc58a2851e651c2e3e2a5d6a738241.mp4" as it doesn't exist and no transcode is running
[2026-08-15 11:47:27.432 +00:00] [WRN] [20] Jellyfin.Api.Controllers.DynamicHlsController: cannot serve "/cache/transcodes/0e2f3cc58a2851e651c2e3e2a5d6a738242.mp4" as it doesn't exist and no transcode is running
[2026-08-15 11:47:32.037 +00:00] [WRN] [29] Jellyfin.Api.Controllers.DynamicHlsController: cannot serve "/cache/transcodes/0e2f3cc58a2851e651c2e3e2a5d6a738243.mp4" as it doesn't exist and no transcode is running
[2026-08-15 11:47:35.646 +00:00] [WRN] [21] Jellyfin.Api.Controllers.DynamicHlsController: cannot serve "/cache/transcodes/0e2f3cc58a2851e651c2e3e2a5d6a738244.mp4" as it doesn't exist and no transcode is running
[2026-08-15 11:47:45.128 +00:00] [WRN] [35] Jellyfin.Api.Controllers.DynamicHlsController: cannot serve "/cache/transcodes/0e2f3cc58a2851e651c2e3e2a5d6a738245.mp4" as it doesn't exist and no transcode is running
[2026-08-15 11:47:50.039 +00:00] [WRN] [35] Jellyfin.Api.Controllers.DynamicHlsController: cannot serve "/cache/transcodes/0e2f3cc58a2851e651c2e3e2a5d6a738246.mp4" as it doesn't exist and no transcode is running
[2026-08-15 11:48:00.239 +00:00] [WRN] [21] Jellyfin.Api.Controllers.DynamicHlsController: cannot serve "/cache/transcodes/0e2f3cc58a2851e651c2e3e2a5d6a738247.mp4" as it doesn't exist and no transcode is running
[2026-08-15 11:48:06.468 +00:00] [WRN] [29] Jellyfin.Api.Controllers.DynamicHlsController: cannot serve "/cache/transcodes/0e2f3cc58a2851e651c2e3e2a5d6a738248.mp4" as it doesn't exist and no transcode is running
[2026-08-15 11:48:11.867 +00:00] [WRN] [35] Jellyfin.Api.Controllers.DynamicHlsController: cannot serve "/cache/transcodes/0e2f3cc58a2851e651c2e3e2a5d6a738249.mp4" as it doesn't exist and no transcode is running
[2026-08-15 11:48:15.113 +00:00] [WRN] [35] Jellyfin.Api.Controllers.DynamicHlsController: cannot serve "/cache/transcodes/0e2f3cc58a2851e651c2e3e2a5d6a738250.mp4" as it doesn't exist and no transcode is running
[2026-08-15 11:48:21.456 +00:00] [WRN] [20] Jellyfin.Api.Controllers.DynamicHlsController: cannot serve "/cache/transcodes/0e2f3cc58a2851e651c2e3e2a5d6a738251.mp4" as it doesn't exist and no transcode is running
[2026-08-15 11:48:25.637 +00:00] [WRN] [20] Jellyfin.Api.Controllers.DynamicHlsController: cannot serve "/cache/transcodes/0e2f3cc58a2851e651c2e3e2a5d6a738252.mp4" as it doesn't exist and no transcode is running
[2026-08-15 11:48:35.834 +00:00] [WRN] [21] Jellyfin.Api.Controllers.DynamicHlsController: cannot serve "/cache/transcodes/0e2f3cc58a2851e651c2e3e2a5d6a738253.mp4" as it doesn't exist and no transcode is running
[2026-08-15 11:48:37.341 +00:00] [WRN] [35] Jellyfin.Api.Controllers.DynamicHlsController: cannot serve "/cache/transcodes/0e2f3cc58a2851e651c2e3e2a5d6a738254.mp4" as it doesn't exist and no transcode is running
[2026-08-15 11:48:46.863 +00:00] [WRN] [35] Jellyfin.Api.Controllers.DynamicHlsController: cannot serve "/cache/transcodes/0e2f3cc58a2851e651c2e3e2a5d6a738255.mp4" as it doesn't exist and no transcode is running
[2026-08-15 11:48:51.352 +00:00] [WRN] [29] Jellyfin.Api.Controllers.DynamicHlsController: cannot serve "/cache/transcodes/0e2f3cc58a2851e651c2e3e2a5d6a738256.mp4" as it doesn't exist and no transcode is running
[2026-08-15 11:48:54.459 +00:00] [WRN] [20] Jellyfin.Api.Controllers.DynamicHlsController: cannot serve "/cache/transcodes/0e2f3cc58a2851e651c2e3e2a5d6a738257.mp4" as it doesn't exist and no transcode is running
[2026-08-15 11:48:58.131 +00:00] [WRN] [21] Jellyfin.Api.Controllers.DynamicHlsController: cannot serve "/cache/transcodes/0e2f3cc58a2851e651c2e3e2a5d6a738258.mp4" as it doesn't exist and no transcode is running
[2026-08-15 11:49:08.446 +00:00] [WRN] [29] Jellyfin.Api.Controllers.DynamicHlsController: cannot serve "/cache/transcodes/0e2f3cc58a2851e651c2e3e2a5d6a738259.mp4" as it doesn't exist and no transcode is running
[2026-08-15 11:49:15.962 +00:00] [WRN] [35] Jellyfin.Api.Controllers.DynamicHlsController: cannot serve "/cache/transcodes/0e2f3cc58a2851e651c2e3e2a5d6a738260.mp4" as it doesn't exist and no transcode is running
[2026-08-15 11:49:19.548 +00:00] [WRN] [20] Jellyfin.Api.Controllers.DynamicHlsController: cannot serve "/cache/transcodes/0e2f3cc58a2851e651c2e3e2a5d6a738261.mp4" as it doesn't exist and no transcode is running
[2026-08-15 11:49:21.275 +00:00] [WRN] [35] Jellyfin.Api.Controllers.DynamicHlsController: cannot serve "/cache/transcodes/0e2f3cc58a2851e651c2e3e2a5d6a738262.mp4" as it doesn't exist and no transcode is running
[2026-08-15 11:49:23.176 +00:00] [WRN] [29] Jellyfin.Api.Controllers.DynamicHlsController: cannot serve "/cache/transcodes/0e2f3cc58a2851e651c2e3e2a5d6a738263.mp4" as it doesn't exist and no transcode is running
[2026-08-15 11:49:26.726 +00:00] [WRN] [35] Jellyfin.Api.Controllers.DynamicHlsController: cannot serve "/cache/transcodes/0e2f3cc58a2851e651c2e3e2a5d6a738264.mp4" as it doesn't exist and no transcode is running
[2026-08-15 11:49:41.442 +00:00] [WRN] [37] Jellyfin.Api.Controllers.DynamicHlsController: cannot serve "/cache/transcodes/0e2f3cc58a2851e651c2e3e2a5d6a738265.mp4" as it doesn't exist and no transcode is running
[2026-08-15 11:49:50.840 +00:00] [WRN] [37] Jellyfin.Api.Controllers.DynamicHlsController: cannot serve "/cache/transcodes/0e2f3cc58a2851e651c2e3e2a5d6a738266.mp4" as it doesn't exist and no transcode is running
[2026-08-15 11:49:52.554 +00:00] [WRN] [37] Jellyfin.Api.Controllers.DynamicHlsController: cannot serve "/cache/transcodes/0e2f3cc58a2851e651c2e3e2a5d6a738267.mp4" as it doesn't exist and no transcode is running
[2026-08-15 11:49:57.024 +00:00] [WRN] [19] Jellyfin.Api.Controllers.DynamicHlsController: cannot serve "/cache/transcodes/0e2f3cc58a2851e651c2e3e2a5d6a738268.mp4" as it doesn't exist and no transcode is running
[2026-08-15 11:50:07.324 +00:00] [WRN] [37] Jellyfin.Api.Controllers.DynamicHlsController: cannot serve "/cache/transcodes/0e2f3cc58a2851e651c2e3e2a5d6a738269.mp4" as it doesn't exist and no transcode is running
[2026-08-15 11:50:17.731 +00:00] [WRN] [20] Jellyfin.Api.Controllers.DynamicHlsController: cannot serve "/cache/transcodes/0e2f3cc58a2851e651c2e3e2a5d6a738270.mp4" as it doesn't exist and no transcode is running
[2026-08-15 11:50:22.834 +00:00] [WRN] [19] Jellyfin.Api.Controllers.DynamicHlsController: cannot serve "/cache/transcodes/0e2f3cc58a2851e651c2e3e2a5d6a738271.mp4" as it doesn't exist and no transcode is running
[2026-08-15 11:50:24.946 +00:00] [WRN] [19] Jellyfin.Api.Controllers.DynamicHlsController: cannot serve "/cache/transcodes/0e2f3cc58a2851e651c2e3e2a5d6a738272.mp4" as it doesn't exist and no transcode is running
[2026-08-15 11:50:31.134 +00:00] [WRN] [19] Jellyfin.Api.Controllers.DynamicHlsController: cannot serve "/cache/transcodes/0e2f3cc58a2851e651c2e3e2a5d6a738273.mp4" as it doesn't exist and no transcode is running
[2026-08-15 11:50:37.187 +00:00] [WRN] [29] Jellyfin.Api.Controllers.DynamicHlsController: cannot serve "/cache/transcodes/0e2f3cc58a2851e651c2e3e2a5d6a738274.mp4" as it doesn't exist and no transcode is running
[2026-08-15 11:50:39.733 +00:00] [WRN] [20] Jellyfin.Api.Controllers.DynamicHlsController: cannot serve "/cache/transcodes/0e2f3cc58a2851e651c2e3e2a5d6a738275.mp4" as it doesn't exist and no transcode is running
[2026-08-15 11:50:43.028 +00:00] [WRN] [37] Jellyfin.Api.Controllers.DynamicHlsController: cannot serve "/cache/transcodes/0e2f3cc58a2851e651c2e3e2a5d6a738276.mp4" as it doesn't exist and no transcode is running
[2026-08-15 11:50:47.625 +00:00] [WRN] [37] Jellyfin.Api.Controllers.DynamicHlsController: cannot serve "/cache/transcodes/0e2f3cc58a2851e651c2e3e2a5d6a738277.mp4" as it doesn't exist and no transcode is running
[2026-08-15 11:50:53.237 +00:00] [WRN] [39] Jellyfin.Api.Controllers.DynamicHlsController: cannot serve "/cache/transcodes/0e2f3cc58a2851e651c2e3e2a5d6a738278.mp4" as it doesn't exist and no transcode is running
[2026-08-15 11:51:05.358 +00:00] [WRN] [20] Jellyfin.Api.Controllers.DynamicHlsController: cannot serve "/cache/transcodes/0e2f3cc58a2851e651c2e3e2a5d6a738279.mp4" as it doesn't exist and no transcode is running
[2026-08-15 11:51:09.030 +00:00] [WRN] [29] Jellyfin.Api.Controllers.DynamicHlsController: cannot serve "/cache/transcodes/0e2f3cc58a2851e651c2e3e2a5d6a738280.mp4" as it doesn't exist and no transcode is running
[2026-08-15 11:51:15.846 +00:00] [WRN] [20] Jellyfin.Api.Controllers.DynamicHlsController: cannot serve "/cache/transcodes/0e2f3cc58a2851e651c2e3e2a5d6a738281.mp4" as it doesn't exist and no transcode is running
[2026-08-15 11:51:25.330 +00:00] [WRN] [37] Jellyfin.Api.Controllers.DynamicHlsController: cannot serve "/cache/transcodes/0e2f3cc58a2851e651c2e3e2a5d6a738282.mp4" as it doesn't exist and no transcode is running
[2026-08-15 11:51:29.433 +00:00] [WRN] [40] Jellyfin.Api.Controllers.DynamicHlsController: cannot serve "/cache/transcodes/0e2f3cc58a2851e651c2e3e2a5d6a738283.mp4" as it doesn't exist and no transcode is running
[2026-08-15 11:51:32.861 +00:00] [WRN] [40] Jellyfin.Api.Controllers.DynamicHlsController: cannot serve "/cache/transcodes/0e2f3cc58a2851e651c2e3e2a5d6a738284.mp4" as it doesn't exist and no transcode is running
[2026-08-15 11:51:38.956 +00:00] [WRN] [40] Jellyfin.Api.Controllers.DynamicHlsController: cannot serve "/cache/transcodes/0e2f3cc58a2851e651c2e3e2a5d6a738285.mp4" as it doesn't exist and no transcode is running
[2026-08-15 11:51:42.933 +00:00] [WRN] [29] Jellyfin.Api.Controllers.DynamicHlsController: cannot serve "/cache/transcodes/0e2f3cc58a2851e651c2e3e2a5d6a738286.mp4" as it doesn't exist and no transcode is running
[2026-08-15 11:51:49.233 +00:00] [WRN] [29] Jellyfin.Api.Controllers.DynamicHlsController: cannot serve "/cache/transcodes/0e2f3cc58a2851e651c2e3e2a5d6a738287.mp4" as it doesn't exist and no transcode is running
[2026-08-15 11:51:53.660 +00:00] [WRN] [40] Jellyfin.Api.Controllers.DynamicHlsController: cannot serve "/cache/transcodes/0e2f3cc58a2851e651c2e3e2a5d6a738288.mp4" as it doesn't exist and no transcode is running
[2026-08-15 11:51:59.045 +00:00] [WRN] [37] Jellyfin.Api.Controllers.DynamicHlsController: cannot serve "/cache/transcodes/0e2f3cc58a2851e651c2e3e2a5d6a738289.mp4" as it doesn't exist and no transcode is running
[2026-08-15 11:52:04.936 +00:00] [WRN] [21] Jellyfin.Api.Controllers.DynamicHlsController: cannot serve "/cache/transcodes/0e2f3cc58a2851e651c2e3e2a5d6a738290.mp4" as it doesn't exist and no transcode is running
[2026-08-15 11:52:13.438 +00:00] [WRN] [40] Jellyfin.Api.Controllers.DynamicHlsController: cannot serve "/cache/transcodes/0e2f3cc58a2851e651c2e3e2a5d6a738291.mp4" as it doesn't exist and no transcode is running
[2026-08-15 11:52:21.761 +00:00] [WRN] [37] Jellyfin.Api.Controllers.DynamicHlsController: cannot serve "/cache/transcodes/0e2f3cc58a2851e651c2e3e2a5d6a738292.mp4" as it doesn't exist and no transcode is running
[2026-08-15 11:52:24.832 +00:00] [WRN] [29] Jellyfin.Api.Controllers.DynamicHlsController: cannot serve "/cache/transcodes/0e2f3cc58a2851e651c2e3e2a5d6a738293.mp4" as it doesn't exist and no transcode is running
[2026-08-15 11:52:27.079 +00:00] [WRN] [29] Jellyfin.Api.Controllers.DynamicHlsController: cannot serve "/cache/transcodes/0e2f3cc58a2851e651c2e3e2a5d6a738294.mp4" as it doesn't exist and no transcode is running
[2026-08-15 11:52:32.459 +00:00] [WRN] [29] Jellyfin.Api.Controllers.DynamicHlsController: cannot serve "/cache/transcodes/0e2f3cc58a2851e651c2e3e2a5d6a738297.mp4" as it doesn't exist and no transcode is running
[2026-08-15 11:52:34.340 +00:00] [WRN] [29] Jellyfin.Api.Controllers.DynamicHlsController: cannot serve "/cache/transcodes/0e2f3cc58a2851e651c2e3e2a5d6a738298.mp4" as it doesn't exist and no transcode is running
[2026-08-15 11:52:42.650 +00:00] [WRN] [37] Jellyfin.Api.Controllers.DynamicHlsController: cannot serve "/cache/transcodes/0e2f3cc58a2851e651c2e3e2a5d6a738299.mp4" as it doesn't exist and no transcode is running
[2026-08-15 11:52:47.445 +00:00] [WRN] [40] Jellyfin.Api.Controllers.DynamicHlsController: cannot serve "/cache/transcodes/0e2f3cc58a2851e651c2e3e2a5d6a738301.mp4" as it doesn't exist and no transcode is running
[2026-08-15 11:52:49.490 +00:00] [WRN] [21] Jellyfin.Api.Controllers.DynamicHlsController: cannot serve "/cache/transcodes/0e2f3cc58a2851e651c2e3e2a5d6a738302.mp4" as it doesn't exist and no transcode is running
[2026-08-15 11:52:56.664 +00:00] [WRN] [29] Jellyfin.Api.Controllers.DynamicHlsController: cannot serve "/cache/transcodes/0e2f3cc58a2851e651c2e3e2a5d6a738303.mp4" as it doesn't exist and no transcode is running
[2026-08-15 11:53:07.056 +00:00] [WRN] [29] Jellyfin.Api.Controllers.DynamicHlsController: cannot serve "/cache/transcodes/0e2f3cc58a2851e651c2e3e2a5d6a738304.mp4" as it doesn't exist and no transcode is running
[2026-08-15 11:53:17.434 +00:00] [WRN] [40] Jellyfin.Api.Controllers.DynamicHlsController: cannot serve "/cache/transcodes/0e2f3cc58a2851e651c2e3e2a5d6a738305.mp4" as it doesn't exist and no transcode is running
[2026-08-15 11:53:27.965 +00:00] [WRN] [37] Jellyfin.Api.Controllers.DynamicHlsController: cannot serve "/cache/transcodes/0e2f3cc58a2851e651c2e3e2a5d6a738306.mp4" as it doesn't exist and no transcode is running
[2026-08-15 11:53:38.362 +00:00] [WRN] [21] Jellyfin.Api.Controllers.DynamicHlsController: cannot serve "/cache/transcodes/0e2f3cc58a2851e651c2e3e2a5d6a738307.mp4" as it doesn't exist and no transcode is running
[2026-08-15 11:53:48.782 +00:00] [WRN] [39] Jellyfin.Api.Controllers.DynamicHlsController: cannot serve "/cache/transcodes/0e2f3cc58a2851e651c2e3e2a5d6a738308.mp4" as it doesn't exist and no transcode is running
[2026-08-15 11:53:52.155 +00:00] [WRN] [39] Jellyfin.Api.Controllers.DynamicHlsController: cannot serve "/cache/transcodes/0e2f3cc58a2851e651c2e3e2a5d6a738309.mp4" as it doesn't exist and no transcode is running
[2026-08-15 11:54:02.428 +00:00] [WRN] [35] Jellyfin.Api.Controllers.DynamicHlsController: cannot serve "/cache/transcodes/0e2f3cc58a2851e651c2e3e2a5d6a738310.mp4" as it doesn't exist and no transcode is running
[2026-08-15 11:54:07.723 +00:00] [WRN] [39] Jellyfin.Api.Controllers.DynamicHlsController: cannot serve "/cache/transcodes/0e2f3cc58a2851e651c2e3e2a5d6a738311.mp4" as it doesn't exist and no transcode is running
[2026-08-15 11:54:13.769 +00:00] [WRN] [37] Jellyfin.Api.Controllers.DynamicHlsController: cannot serve "/cache/transcodes/0e2f3cc58a2851e651c2e3e2a5d6a738312.mp4" as it doesn't exist and no transcode is running
[2026-08-15 11:54:19.568 +00:00] [WRN] [21] Jellyfin.Api.Controllers.DynamicHlsController: cannot serve "/cache/transcodes/0e2f3cc58a2851e651c2e3e2a5d6a738313.mp4" as it doesn't exist and no transcode is running
[2026-08-15 11:54:29.861 +00:00] [WRN] [21] Jellyfin.Api.Controllers.DynamicHlsController: cannot serve "/cache/transcodes/0e2f3cc58a2851e651c2e3e2a5d6a738314.mp4" as it doesn't exist and no transcode is running
[2026-08-15 11:54:40.228 +00:00] [WRN] [40] Jellyfin.Api.Controllers.DynamicHlsController: cannot serve "/cache/transcodes/0e2f3cc58a2851e651c2e3e2a5d6a738315.mp4" as it doesn't exist and no transcode is running
[2026-08-15 11:54:49.450 +00:00] [WRN] [21] Jellyfin.Api.Controllers.DynamicHlsController: cannot serve "/cache/transcodes/0e2f3cc58a2851e651c2e3e2a5d6a738316.mp4" as it doesn't exist and no transcode is running
[2026-08-15 11:54:52.859 +00:00] [WRN] [35] Jellyfin.Api.Controllers.DynamicHlsController: cannot serve "/cache/transcodes/0e2f3cc58a2851e651c2e3e2a5d6a738317.mp4" as it doesn't exist and no transcode is running
[2026-08-15 11:54:53.184 +00:00] [WRN] [35] Jellyfin.Api.Controllers.DynamicHlsController: cannot serve "/cache/transcodes/0e2f3cc58a2851e651c2e3e2a5d6a738320.mp4" as it doesn't exist and no transcode is running
[2026-08-15 11:54:55.273 +00:00] [WRN] [21] Jellyfin.Api.Controllers.DynamicHlsController: cannot serve "/cache/transcodes/0e2f3cc58a2851e651c2e3e2a5d6a738321.mp4" as it doesn't exist and no transcode is running
[2026-08-15 11:54:56.433 +00:00] [WRN] [40] Jellyfin.Api.Controllers.DynamicHlsController: cannot serve "/cache/transcodes/0e2f3cc58a2851e651c2e3e2a5d6a738322.mp4" as it doesn't exist and no transcode is running
[2026-08-15 11:54:58.969 +00:00] [WRN] [40] Jellyfin.Api.Controllers.DynamicHlsController: cannot serve "/cache/transcodes/0e2f3cc58a2851e651c2e3e2a5d6a738323.mp4" as it doesn't exist and no transcode is running
[2026-08-15 11:55:01.073 +00:00] [WRN] [40] Jellyfin.Api.Controllers.DynamicHlsController: cannot serve "/cache/transcodes/0e2f3cc58a2851e651c2e3e2a5d6a738324.mp4" as it doesn't exist and no transcode is running
[2026-08-15 11:55:06.641 +00:00] [WRN] [40] Jellyfin.Api.Controllers.DynamicHlsController: cannot serve "/cache/transcodes/0e2f3cc58a2851e651c2e3e2a5d6a738325.mp4" as it doesn't exist and no transcode is running
[2026-08-15 11:55:11.030 +00:00] [WRN] [19] Jellyfin.Api.Controllers.DynamicHlsController: cannot serve "/cache/transcodes/0e2f3cc58a2851e651c2e3e2a5d6a738326.mp4" as it doesn't exist and no transcode is running
[2026-08-15 11:55:12.966 +00:00] [WRN] [35] Jellyfin.Api.Controllers.DynamicHlsController: cannot serve "/cache/transcodes/0e2f3cc58a2851e651c2e3e2a5d6a738327.mp4" as it doesn't exist and no transcode is running
[2026-08-15 11:55:19.079 +00:00] [WRN] [19] Jellyfin.Api.Controllers.DynamicHlsController: cannot serve "/cache/transcodes/0e2f3cc58a2851e651c2e3e2a5d6a738328.mp4" as it doesn't exist and no transcode is running
[2026-08-15 11:55:24.234 +00:00] [WRN] [21] Jellyfin.Api.Controllers.DynamicHlsController: cannot serve "/cache/transcodes/0e2f3cc58a2851e651c2e3e2a5d6a738329.mp4" as it doesn't exist and no transcode is running
[2026-08-15 11:55:28.733 +00:00] [WRN] [40] Jellyfin.Api.Controllers.DynamicHlsController: cannot serve "/cache/transcodes/0e2f3cc58a2851e651c2e3e2a5d6a738330.mp4" as it doesn't exist and no transcode is running
[2026-08-15 11:55:31.624 +00:00] [WRN] [40] Jellyfin.Api.Controllers.DynamicHlsController: cannot serve "/cache/transcodes/0e2f3cc58a2851e651c2e3e2a5d6a738331.mp4" as it doesn't exist and no transcode is running
[2026-08-15 11:55:34.736 +00:00] [WRN] [35] Jellyfin.Api.Controllers.DynamicHlsController: cannot serve "/cache/transcodes/0e2f3cc58a2851e651c2e3e2a5d6a738332.mp4" as it doesn't exist and no transcode is running
[2026-08-15 11:55:36.952 +00:00] [WRN] [19] Jellyfin.Api.Controllers.DynamicHlsController: cannot serve "/cache/transcodes/0e2f3cc58a2851e651c2e3e2a5d6a738333.mp4" as it doesn't exist and no transcode is running
[2026-08-15 11:55:43.344 +00:00] [WRN] [21] Jellyfin.Api.Controllers.DynamicHlsController: cannot serve "/cache/transcodes/0e2f3cc58a2851e651c2e3e2a5d6a738334.mp4" as it doesn't exist and no transcode is running
[2026-08-15 11:55:46.843 +00:00] [WRN] [21] Jellyfin.Api.Controllers.DynamicHlsController: cannot serve "/cache/transcodes/0e2f3cc58a2851e651c2e3e2a5d6a738335.mp4" as it doesn't exist and no transcode is running
[2026-08-15 11:55:50.154 +00:00] [WRN] [21] Jellyfin.Api.Controllers.DynamicHlsController: cannot serve "/cache/transcodes/0e2f3cc58a2851e651c2e3e2a5d6a738336.mp4" as it doesn't exist and no transcode is running
[2026-08-15 11:55:54.039 +00:00] [WRN] [19] Jellyfin.Api.Controllers.DynamicHlsController: cannot serve "/cache/transcodes/0e2f3cc58a2851e651c2e3e2a5d6a738337.mp4" as it doesn't exist and no transcode is running
[2026-08-15 11:55:57.750 +00:00] [WRN] [39] Jellyfin.Api.Controllers.DynamicHlsController: cannot serve "/cache/transcodes/0e2f3cc58a2851e651c2e3e2a5d6a738338.mp4" as it doesn't exist and no transcode is running
[2026-08-15 11:56:07.548 +00:00] [WRN] [35] Jellyfin.Api.Controllers.DynamicHlsController: cannot serve "/cache/transcodes/0e2f3cc58a2851e651c2e3e2a5d6a738339.mp4" as it doesn't exist and no transcode is running
[2026-08-15 11:56:10.126 +00:00] [WRN] [19] Jellyfin.Api.Controllers.DynamicHlsController: cannot serve "/cache/transcodes/0e2f3cc58a2851e651c2e3e2a5d6a738340.mp4" as it doesn't exist and no transcode is running
[2026-08-15 11:56:18.529 +00:00] [WRN] [39] Jellyfin.Api.Controllers.DynamicHlsController: cannot serve "/cache/transcodes/0e2f3cc58a2851e651c2e3e2a5d6a738341.mp4" as it doesn't exist and no transcode is running
[2026-08-15 11:56:23.330 +00:00] [WRN] [39] Jellyfin.Api.Controllers.DynamicHlsController: cannot serve "/cache/transcodes/0e2f3cc58a2851e651c2e3e2a5d6a738342.mp4" as it doesn't exist and no transcode is running
[2026-08-15 11:56:29.172 +00:00] [WRN] [21] Jellyfin.Api.Controllers.DynamicHlsController: cannot serve "/cache/transcodes/0e2f3cc58a2851e651c2e3e2a5d6a738343.mp4" as it doesn't exist and no transcode is running
[2026-08-15 11:56:33.062 +00:00] [WRN] [39] Jellyfin.Api.Controllers.DynamicHlsController: cannot serve "/cache/transcodes/0e2f3cc58a2851e651c2e3e2a5d6a738344.mp4" as it doesn't exist and no transcode is running
[2026-08-15 11:56:36.340 +00:00] [WRN] [19] Jellyfin.Api.Controllers.DynamicHlsController: cannot serve "/cache/transcodes/0e2f3cc58a2851e651c2e3e2a5d6a738345.mp4" as it doesn't exist and no transcode is running
[2026-08-15 11:56:40.239 +00:00] [WRN] [35] Jellyfin.Api.Controllers.DynamicHlsController: cannot serve "/cache/transcodes/0e2f3cc58a2851e651c2e3e2a5d6a738346.mp4" as it doesn't exist and no transcode is running
[2026-08-15 11:56:43.983 +00:00] [WRN] [21] Jellyfin.Api.Controllers.DynamicHlsController: cannot serve "/cache/transcodes/0e2f3cc58a2851e651c2e3e2a5d6a738347.mp4" as it doesn't exist and no transcode is running
[2026-08-15 11:56:47.138 +00:00] [WRN] [19] Jellyfin.Api.Controllers.DynamicHlsController: cannot serve "/cache/transcodes/0e2f3cc58a2851e651c2e3e2a5d6a738348.mp4" as it doesn't exist and no transcode is running
[2026-08-15 11:56:51.852 +00:00] [WRN] [39] Jellyfin.Api.Controllers.DynamicHlsController: cannot serve "/cache/transcodes/0e2f3cc58a2851e651c2e3e2a5d6a738349.mp4" as it doesn't exist and no transcode is running
[2026-08-15 11:56:53.248 +00:00] [WRN] [35] Jellyfin.Api.Controllers.DynamicHlsController: cannot serve "/cache/transcodes/0e2f3cc58a2851e651c2e3e2a5d6a738350.mp4" as it doesn't exist and no transcode is running
[2026-08-15 11:57:03.533 +00:00] [WRN] [19] Jellyfin.Api.Controllers.DynamicHlsController: cannot serve "/cache/transcodes/0e2f3cc58a2851e651c2e3e2a5d6a738351.mp4" as it doesn't exist and no transcode is running
[2026-08-15 11:57:07.355 +00:00] [WRN] [21] Jellyfin.Api.Controllers.DynamicHlsController: cannot serve "/cache/transcodes/0e2f3cc58a2851e651c2e3e2a5d6a738352.mp4" as it doesn't exist and no transcode is running
[2026-08-15 11:57:11.960 +00:00] [WRN] [35] Jellyfin.Api.Controllers.DynamicHlsController: cannot serve "/cache/transcodes/0e2f3cc58a2851e651c2e3e2a5d6a738353.mp4" as it doesn't exist and no transcode is running
[2026-08-15 11:57:18.533 +00:00] [WRN] [19] Jellyfin.Api.Controllers.DynamicHlsController: cannot serve "/cache/transcodes/0e2f3cc58a2851e651c2e3e2a5d6a738354.mp4" as it doesn't exist and no transcode is running
[2026-08-15 11:57:20.456 +00:00] [WRN] [21] Jellyfin.Api.Controllers.DynamicHlsController: cannot serve "/cache/transcodes/0e2f3cc58a2851e651c2e3e2a5d6a738355.mp4" as it doesn't exist and no transcode is running
[2026-08-15 11:57:27.250 +00:00] [WRN] [21] Jellyfin.Api.Controllers.DynamicHlsController: cannot serve "/cache/transcodes/0e2f3cc58a2851e651c2e3e2a5d6a738356.mp4" as it doesn't exist and no transcode is running
[2026-08-15 11:57:31.434 +00:00] [WRN] [39] Jellyfin.Api.Controllers.DynamicHlsController: cannot serve "/cache/transcodes/0e2f3cc58a2851e651c2e3e2a5d6a738357.mp4" as it doesn't exist and no transcode is running
[2026-08-15 11:57:36.550 +00:00] [WRN] [35] Jellyfin.Api.Controllers.DynamicHlsController: cannot serve "/cache/transcodes/0e2f3cc58a2851e651c2e3e2a5d6a738358.mp4" as it doesn't exist and no transcode is running
[2026-08-15 11:57:40.531 +00:00] [WRN] [35] Jellyfin.Api.Controllers.DynamicHlsController: cannot serve "/cache/transcodes/0e2f3cc58a2851e651c2e3e2a5d6a738359.mp4" as it doesn't exist and no transcode is running
[2026-08-15 11:57:50.829 +00:00] [WRN] [35] Jellyfin.Api.Controllers.DynamicHlsController: cannot serve "/cache/transcodes/0e2f3cc58a2851e651c2e3e2a5d6a738360.mp4" as it doesn't exist and no transcode is running
[2026-08-15 11:57:55.009 +00:00] [WRN] [39] Jellyfin.Api.Controllers.DynamicHlsController: cannot serve "/cache/transcodes/0e2f3cc58a2851e651c2e3e2a5d6a738361.mp4" as it doesn't exist and no transcode is running
[2026-08-15 11:58:00.264 +00:00] [WRN] [35] Jellyfin.Api.Controllers.DynamicHlsController: cannot serve "/cache/transcodes/0e2f3cc58a2851e651c2e3e2a5d6a738362.mp4" as it doesn't exist and no transcode is running
[2026-08-15 11:58:03.314 +00:00] [WRN] [39] Jellyfin.Api.Controllers.DynamicHlsController: cannot serve "/cache/transcodes/0e2f3cc58a2851e651c2e3e2a5d6a738363.mp4" as it doesn't exist and no transcode is running
[2026-08-15 11:58:07.424 +00:00] [WRN] [19] Jellyfin.Api.Controllers.DynamicHlsController: cannot serve "/cache/transcodes/0e2f3cc58a2851e651c2e3e2a5d6a738364.mp4" as it doesn't exist and no transcode is running
[2026-08-15 11:58:09.835 +00:00] [WRN] [20] Jellyfin.Api.Controllers.DynamicHlsController: cannot serve "/cache/transcodes/0e2f3cc58a2851e651c2e3e2a5d6a738365.mp4" as it doesn't exist and no transcode is running
[2026-08-15 11:58:20.235 +00:00] [WRN] [35] Jellyfin.Api.Controllers.DynamicHlsController: cannot serve "/cache/transcodes/0e2f3cc58a2851e651c2e3e2a5d6a738366.mp4" as it doesn't exist and no transcode is running
[2026-08-15 11:58:22.358 +00:00] [WRN] [39] Jellyfin.Api.Controllers.DynamicHlsController: cannot serve "/cache/transcodes/0e2f3cc58a2851e651c2e3e2a5d6a738367.mp4" as it doesn't exist and no transcode is running
[2026-08-15 11:58:33.332 +00:00] [WRN] [20] Jellyfin.Api.Controllers.DynamicHlsController: cannot serve "/cache/transcodes/0e2f3cc58a2851e651c2e3e2a5d6a738368.mp4" as it doesn't exist and no transcode is running
[2026-08-15 11:58:43.539 +00:00] [WRN] [39] Jellyfin.Api.Controllers.DynamicHlsController: cannot serve "/cache/transcodes/0e2f3cc58a2851e651c2e3e2a5d6a738369.mp4" as it doesn't exist and no transcode is running
[2026-08-15 11:58:54.020 +00:00] [WRN] [20] Jellyfin.Api.Controllers.DynamicHlsController: cannot serve "/cache/transcodes/0e2f3cc58a2851e651c2e3e2a5d6a738370.mp4" as it doesn't exist and no transcode is running
[2026-08-15 11:59:04.430 +00:00] [WRN] [20] Jellyfin.Api.Controllers.DynamicHlsController: cannot serve "/cache/transcodes/0e2f3cc58a2851e651c2e3e2a5d6a738371.mp4" as it doesn't exist and no transcode is running
[2026-08-15 11:59:12.245 +00:00] [WRN] [39] Jellyfin.Api.Controllers.DynamicHlsController: cannot serve "/cache/transcodes/0e2f3cc58a2851e651c2e3e2a5d6a738372.mp4" as it doesn't exist and no transcode is running
[2026-08-15 11:59:21.759 +00:00] [WRN] [39] Jellyfin.Api.Controllers.DynamicHlsController: cannot serve "/cache/transcodes/0e2f3cc58a2851e651c2e3e2a5d6a738373.mp4" as it doesn't exist and no transcode is running
[2026-08-15 11:59:27.225 +00:00] [WRN] [47] Jellyfin.Api.Controllers.DynamicHlsController: cannot serve "/cache/transcodes/0e2f3cc58a2851e651c2e3e2a5d6a738374.mp4" as it doesn't exist and no transcode is running
[2026-08-15 11:59:36.653 +00:00] [WRN] [39] Jellyfin.Api.Controllers.DynamicHlsController: cannot serve "/cache/transcodes/0e2f3cc58a2851e651c2e3e2a5d6a738375.mp4" as it doesn't exist and no transcode is running
[2026-08-15 11:59:38.575 +00:00] [WRN] [35] Jellyfin.Api.Controllers.DynamicHlsController: cannot serve "/cache/transcodes/0e2f3cc58a2851e651c2e3e2a5d6a738376.mp4" as it doesn't exist and no transcode is running
[2026-08-15 11:59:41.457 +00:00] [WRN] [35] Jellyfin.Api.Controllers.DynamicHlsController: cannot serve "/cache/transcodes/0e2f3cc58a2851e651c2e3e2a5d6a738377.mp4" as it doesn't exist and no transcode is running
[2026-08-15 11:59:44.358 +00:00] [WRN] [37] Jellyfin.Api.Controllers.DynamicHlsController: cannot serve "/cache/transcodes/0e2f3cc58a2851e651c2e3e2a5d6a738378.mp4" as it doesn't exist and no transcode is running
[2026-08-15 11:59:47.544 +00:00] [WRN] [39] Jellyfin.Api.Controllers.DynamicHlsController: cannot serve "/cache/transcodes/0e2f3cc58a2851e651c2e3e2a5d6a738379.mp4" as it doesn't exist and no transcode is running
[2026-08-15 11:59:49.492 +00:00] [WRN] [37] Jellyfin.Api.Controllers.DynamicHlsController: cannot serve "/cache/transcodes/0e2f3cc58a2851e651c2e3e2a5d6a738380.mp4" as it doesn't exist and no transcode is running
[2026-08-15 11:59:50.990 +00:00] [WRN] [37] Jellyfin.Api.Controllers.DynamicHlsController: cannot serve "/cache/transcodes/0e2f3cc58a2851e651c2e3e2a5d6a738381.mp4" as it doesn't exist and no transcode is running
[2026-08-15 11:59:52.533 +00:00] [WRN] [37] Jellyfin.Api.Controllers.DynamicHlsController: cannot serve "/cache/transcodes/0e2f3cc58a2851e651c2e3e2a5d6a738382.mp4" as it doesn't exist and no transcode is running
[2026-08-15 12:00:03.854 +00:00] [WRN] [47] Jellyfin.Api.Controllers.DynamicHlsController: cannot serve "/cache/transcodes/0e2f3cc58a2851e651c2e3e2a5d6a738383.mp4" as it doesn't exist and no transcode is running
[2026-08-15 12:00:07.952 +00:00] [WRN] [35] Jellyfin.Api.Controllers.DynamicHlsController: cannot serve "/cache/transcodes/0e2f3cc58a2851e651c2e3e2a5d6a738384.mp4" as it doesn't exist and no transcode is running
[2026-08-15 12:00:14.858 +00:00] [WRN] [37] Jellyfin.Api.Controllers.DynamicHlsController: cannot serve "/cache/transcodes/0e2f3cc58a2851e651c2e3e2a5d6a738385.mp4" as it doesn't exist and no transcode is running
[2026-08-15 12:00:18.573 +00:00] [WRN] [39] Jellyfin.Api.Controllers.DynamicHlsController: cannot serve "/cache/transcodes/0e2f3cc58a2851e651c2e3e2a5d6a738386.mp4" as it doesn't exist and no transcode is running
[2026-08-15 12:00:21.934 +00:00] [WRN] [47] Jellyfin.Api.Controllers.DynamicHlsController: cannot serve "/cache/transcodes/0e2f3cc58a2851e651c2e3e2a5d6a738387.mp4" as it doesn't exist and no transcode is running
[2026-08-15 12:00:28.234 +00:00] [WRN] [39] Jellyfin.Api.Controllers.DynamicHlsController: cannot serve "/cache/transcodes/0e2f3cc58a2851e651c2e3e2a5d6a738388.mp4" as it doesn't exist and no transcode is running
[2026-08-15 12:00:34.571 +00:00] [WRN] [39] Jellyfin.Api.Controllers.DynamicHlsController: cannot serve "/cache/transcodes/0e2f3cc58a2851e651c2e3e2a5d6a738389.mp4" as it doesn't exist and no transcode is running
[2026-08-15 12:00:40.117 +00:00] [WRN] [47] Jellyfin.Api.Controllers.DynamicHlsController: cannot serve "/cache/transcodes/0e2f3cc58a2851e651c2e3e2a5d6a738390.mp4" as it doesn't exist and no transcode is running
[2026-08-15 12:00:46.467 +00:00] [WRN] [37] Jellyfin.Api.Controllers.DynamicHlsController: cannot serve "/cache/transcodes/0e2f3cc58a2851e651c2e3e2a5d6a738391.mp4" as it doesn't exist and no transcode is running
[2026-08-15 12:00:51.961 +00:00] [WRN] [47] Jellyfin.Api.Controllers.DynamicHlsController: cannot serve "/cache/transcodes/0e2f3cc58a2851e651c2e3e2a5d6a738392.mp4" as it doesn't exist and no transcode is running
[2026-08-15 12:00:58.447 +00:00] [WRN] [39] Jellyfin.Api.Controllers.DynamicHlsController: cannot serve "/cache/transcodes/0e2f3cc58a2851e651c2e3e2a5d6a738393.mp4" as it doesn't exist and no transcode is running
[2026-08-15 12:01:06.259 +00:00] [WRN] [35] Jellyfin.Api.Controllers.DynamicHlsController: cannot serve "/cache/transcodes/0e2f3cc58a2851e651c2e3e2a5d6a738394.mp4" as it doesn't exist and no transcode is running
[2026-08-15 12:01:10.642 +00:00] [WRN] [47] Jellyfin.Api.Controllers.DynamicHlsController: cannot serve "/cache/transcodes/0e2f3cc58a2851e651c2e3e2a5d6a738395.mp4" as it doesn't exist and no transcode is running
[2026-08-15 12:01:17.094 +00:00] [WRN] [39] Jellyfin.Api.Controllers.DynamicHlsController: cannot serve "/cache/transcodes/0e2f3cc58a2851e651c2e3e2a5d6a738396.mp4" as it doesn't exist and no transcode is running
[2026-08-15 12:01:23.088 +00:00] [WRN] [47] Jellyfin.Api.Controllers.DynamicHlsController: cannot serve "/cache/transcodes/0e2f3cc58a2851e651c2e3e2a5d6a738397.mp4" as it doesn't exist and no transcode is running
[2026-08-15 12:01:29.429 +00:00] [WRN] [47] Jellyfin.Api.Controllers.DynamicHlsController: cannot serve "/cache/transcodes/0e2f3cc58a2851e651c2e3e2a5d6a738398.mp4" as it doesn't exist and no transcode is running
[2026-08-15 12:01:35.621 +00:00] [WRN] [39] Jellyfin.Api.Controllers.DynamicHlsController: cannot serve "/cache/transcodes/0e2f3cc58a2851e651c2e3e2a5d6a738399.mp4" as it doesn't exist and no transcode is running
[2026-08-15 12:01:39.932 +00:00] [WRN] [40] Jellyfin.Api.Controllers.DynamicHlsController: cannot serve "/cache/transcodes/0e2f3cc58a2851e651c2e3e2a5d6a738400.mp4" as it doesn't exist and no transcode is running
[2026-08-15 12:01:46.069 +00:00] [WRN] [37] Jellyfin.Api.Controllers.DynamicHlsController: cannot serve "/cache/transcodes/0e2f3cc58a2851e651c2e3e2a5d6a738401.mp4" as it doesn't exist and no transcode is running
[2026-08-15 12:01:52.125 +00:00] [WRN] [40] Jellyfin.Api.Controllers.DynamicHlsController: cannot serve "/cache/transcodes/0e2f3cc58a2851e651c2e3e2a5d6a738402.mp4" as it doesn't exist and no transcode is running
[2026-08-15 12:01:57.357 +00:00] [WRN] [40] Jellyfin.Api.Controllers.DynamicHlsController: cannot serve "/cache/transcodes/0e2f3cc58a2851e651c2e3e2a5d6a738403.mp4" as it doesn't exist and no transcode is running
[2026-08-15 12:02:04.622 +00:00] [WRN] [40] Jellyfin.Api.Controllers.DynamicHlsController: cannot serve "/cache/transcodes/0e2f3cc58a2851e651c2e3e2a5d6a738404.mp4" as it doesn't exist and no transcode is running
[2026-08-15 12:02:18.924 +00:00] [WRN] [35] Jellyfin.Api.Controllers.DynamicHlsController: cannot serve "/cache/transcodes/0e2f3cc58a2851e651c2e3e2a5d6a738405.mp4" as it doesn't exist and no transcode is running
[2026-08-15 12:02:21.904 +00:00] [INF] [35] MediaBrowser.MediaEncoding.Transcoding.TranscodeManager: Deleting partial stream file(s) "/cache/transcodes/fe95c1bd2890f8a9250ab78eec32a568.m3u8"
[2026-08-15 12:02:23.435 +00:00] [INF] [35] Emby.Server.Implementations.Session.SessionManager: Playback stopped reported by app "Jellyfin Web" "10.11.11" playing "One Small Step". Stopped at "2436830" ms
[2026-08-15 12:03:38.689 +00:00] [INF] [39] Emby.Server.Implementations.HttpServer.WebSocketManager: WS "172.17.0.1" closed
[2026-08-15 12:10:15.096 +00:00] [INF] [79] Emby.Server.Implementations.ScheduledTasks.Tasks.OptimizeDatabaseTask: Optimizing and vacuuming jellyfin.db...
[2026-08-15 12:10:15.123 +00:00] [INF] [79] Jellyfin.Database.Providers.Sqlite.SqliteDatabaseProvider: jellyfin.db optimized successfully!
[2026-08-15 12:10:15.123 +00:00] [INF] [79] Emby.Server.Implementations.ScheduledTasks.TaskManager: "Optimize database" Completed after 0 minute(s) and 0 seconds
[2026-08-15 12:23:50.932 +00:00] [INF] [11] Emby.Server.Implementations.HttpServer.WebSocketManager: WS "172.17.0.1" request
[2026-08-15 12:24:20.180 +00:00] [WRN] [41] Emby.Server.Implementations.HttpServer.WebSocketConnection: WS "172.17.0.1" error receiving data: "The remote party closed the WebSocket connection without completing the close handshake."
[2026-08-15 12:24:20.181 +00:00] [INF] [41] Emby.Server.Implementations.HttpServer.WebSocketManager: WS "172.17.0.1" closed
[2026-08-15 18:10:15.058 +00:00] [INF] [63] Emby.Server.Implementations.ScheduledTasks.TaskManager: "Media Segment Scan" Completed after 0 minute(s) and 0 seconds
[2026-08-15 18:10:15.140 +00:00] [INF] [64] Emby.Server.Implementations.IO.LibraryMonitor: Stopping directory watching for path "/media/movies"
[2026-08-15 18:10:15.140 +00:00] [INF] [64] Emby.Server.Implementations.IO.LibraryMonitor: Stopping directory watching for path "/media/tv"
[2026-08-15 18:10:15.140 +00:00] [INF] [64] Emby.Server.Implementations.Library.LibraryManager: Validating media library
[2026-08-15 18:10:15.144 +00:00] [WRN] [64] MediaBrowser.Controller.Entities.BaseItem: Library folder "/config/data/playlists" is inaccessible or empty, skipping
[2026-08-15 18:10:15.153 +00:00] [WRN] [64] MediaBrowser.Controller.Entities.BaseItem: Library folder "/config/data/playlists" is inaccessible or empty, skipping
[2026-08-15 18:10:15.269 +00:00] [INF] [64] Emby.Server.Implementations.ScheduledTasks.TaskManager: "Scan Media Library" Completed after 0 minute(s) and 0 seconds
[2026-08-15 18:10:15.318 +00:00] [INF] [63] Emby.Server.Implementations.IO.LibraryMonitor: Watching directory "/media/movies"
[2026-08-15 18:10:15.319 +00:00] [INF] [64] Emby.Server.Implementations.IO.LibraryMonitor: Watching directory "/media/tv"
[2026-08-15 18:11:16.096 +00:00] [INF] [61] Emby.Server.Implementations.ScheduledTasks.Tasks.OptimizeDatabaseTask: Optimizing and vacuuming jellyfin.db...
[2026-08-15 18:11:16.124 +00:00] [INF] [61] Jellyfin.Database.Providers.Sqlite.SqliteDatabaseProvider: jellyfin.db optimized successfully!
[2026-08-15 18:11:16.124 +00:00] [INF] [61] Emby.Server.Implementations.ScheduledTasks.TaskManager: "Optimize database" Completed after 0 minute(s) and 0 seconds
[2026-08-15 18:11:40.848 +00:00] [INF] [61] Emby.Server.Implementations.HttpServer.WebSocketManager: WS "172.17.0.1" request
[2026-08-15 18:12:26.424 +00:00] [WRN] [61] Emby.Server.Implementations.HttpServer.WebSocketConnection: WS "172.17.0.1" error receiving data: "The remote party closed the WebSocket connection without completing the close handshake."
[2026-08-15 18:12:26.425 +00:00] [INF] [61] Emby.Server.Implementations.HttpServer.WebSocketManager: WS "172.17.0.1" closed
[2026-08-15 18:12:47.758 +00:00] [INF] [61] Emby.Server.Implementations.HttpServer.WebSocketManager: WS "172.17.0.1" request
[2026-08-15 18:13:35.905 +00:00] [WRN] [65] Emby.Server.Implementations.HttpServer.WebSocketConnection: WS "172.17.0.1" error receiving data: "The remote party closed the WebSocket connection without completing the close handshake."
[2026-08-15 18:13:35.907 +00:00] [INF] [65] Emby.Server.Implementations.HttpServer.WebSocketManager: WS "172.17.0.1" closed
[2026-08-15 18:15:19.639 +00:00] [INF] [59] Jellyfin.Server.Implementations.Users.UserManager: Authentication request for "Nirmali" has succeeded.
[2026-08-15 18:15:19.639 +00:00] [INF] [59] Emby.Server.Implementations.Session.SessionManager: Current/Max sessions for user "Nirmali": 0/0
[2026-08-15 18:15:19.639 +00:00] [INF] [59] Emby.Server.Implementations.Session.SessionManager: Creating new access token for user ac6d2890-ffc5-4613-8582-249f581d2ac3
[2026-08-15 18:15:19.906 +00:00] [INF] [58] Emby.Server.Implementations.HttpServer.WebSocketManager: WS "172.17.0.1" request
[2026-08-15 18:15:33.878 +00:00] [INF] [59] Jellyfin.Api.Helpers.MediaInfoHelper: User policy for "Nirmali". EnablePlaybackRemuxing: True EnableVideoPlaybackTranscoding: True EnableAudioPlaybackTranscoding: True
[2026-08-15 18:15:34.692 +00:00] [INF] [57] Jellyfin.Api.Controllers.DynamicHlsController: Current HLS implementation doesn't support non-keyframe breaks but one is requested, ignoring that request
[2026-08-15 18:15:34.692 +00:00] [INF] [57] MediaBrowser.MediaEncoding.Transcoding.TranscodeManager: "/usr/lib/jellyfin-ffmpeg/ffmpeg" "-analyzeduration 200M -probesize 1G -fflags +genpts  -i file:\"/media/tv/Reacher/Season 04/Reacher.S04E03.1080p.x265-ELiTE.mkv\" -map_metadata -1 -map_chapters -1 -threads 0 -map 0:0 -map 0:1 -map -0:s -codec:v:0 copy -tag:v:0 hvc1 -bsf:v hevc_mp4toannexb -start_at_zero -codec:a:0 copy -copyts -avoid_negative_ts disabled -max_muxing_queue_size 2048 -f hls -max_delay 5000000 -hls_time 6 -hls_segment_type fmp4 -hls_fmp4_init_filename \"ea5683cff900e292e0ab7fee49357116-1.mp4\" -start_number 0 -hls_segment_filename \"/cache/transcodes/ea5683cff900e292e0ab7fee49357116%d.mp4\" -hls_playlist_type vod -hls_list_size 0 -hls_segment_options movflags=+frag_discont -y \"/cache/transcodes/ea5683cff900e292e0ab7fee49357116.m3u8\""
[2026-08-15 18:15:36.065 +00:00] [INF] [56] MediaBrowser.MediaEncoding.Transcoding.TranscodeManager: FFmpeg exited with code 0
[2026-08-15 18:16:08.736 +00:00] [WRN] [58] Emby.Server.Implementations.HttpServer.WebSocketConnection: WS "172.17.0.1" error receiving data: "The remote party closed the WebSocket connection without completing the close handshake."
[2026-08-15 18:16:08.737 +00:00] [INF] [58] Emby.Server.Implementations.HttpServer.WebSocketManager: WS "172.17.0.1" closed
[2026-08-15 18:16:11.395 +00:00] [INF] [57] Emby.Server.Implementations.HttpServer.WebSocketManager: WS "172.17.0.1" request
[2026-08-15 18:17:07.754 +00:00] [WRN] [58] Emby.Server.Implementations.HttpServer.WebSocketConnection: WS "172.17.0.1" error receiving data: "The remote party closed the WebSocket connection without completing the close handshake."
[2026-08-15 18:17:07.755 +00:00] [INF] [58] Emby.Server.Implementations.HttpServer.WebSocketManager: WS "172.17.0.1" closed
[2026-08-15 18:22:46.290 +00:00] [INF] [61] Emby.Server.Implementations.IO.LibraryMonitor: Stopping directory watching for path "/media/movies"
[2026-08-15 18:22:46.292 +00:00] [INF] [61] Emby.Server.Implementations.IO.LibraryMonitor: Stopping directory watching for path "/media/tv"
[2026-08-15 18:22:46.292 +00:00] [INF] [61] Emby.Server.Implementations.Library.LibraryManager: Validating media library
[2026-08-15 18:22:46.335 +00:00] [WRN] [61] MediaBrowser.Controller.Entities.BaseItem: Library folder "/config/data/playlists" is inaccessible or empty, skipping
[2026-08-15 18:22:46.344 +00:00] [WRN] [61] MediaBrowser.Controller.Entities.BaseItem: Library folder "/config/data/playlists" is inaccessible or empty, skipping
[2026-08-15 18:23:14.314 +00:00] [INF] [64] Emby.Server.Implementations.ScheduledTasks.TaskManager: "Scan Media Library" Completed after 0 minute(s) and 28 seconds
[2026-08-15 18:23:14.364 +00:00] [INF] [61] Emby.Server.Implementations.IO.LibraryMonitor: Watching directory "/media/movies"
[2026-08-15 18:23:14.364 +00:00] [INF] [52] Emby.Server.Implementations.IO.LibraryMonitor: Watching directory "/media/tv"
[2026-08-15 18:24:07.069 +00:00] [INF] [52] Emby.Server.Implementations.HttpServer.WebSocketManager: WS "172.17.0.1" request
[2026-08-15 18:24:57.307 +00:00] [INF] [57] Jellyfin.Api.Helpers.MediaInfoHelper: User policy for "shamal". EnablePlaybackRemuxing: True EnableVideoPlaybackTranscoding: True EnableAudioPlaybackTranscoding: True
[2026-08-15 18:25:11.779 +00:00] [INF] [60] Emby.Server.Implementations.Session.SessionManager: Playback stopped reported by app "Jellyfin for Android" "2.7.1" playing "Now You See Me". Stopped at "2113194" ms
[2026-08-15 18:25:26.979 +00:00] [INF] [58] Emby.Server.Implementations.Library.LibraryManager: Removing item, Type: "Movie", Name: "Now You See Me", Path: "/media/movies/Now You See Me Now You/Now.You.See.Me.Now.You.Dont.2025.1080p.WEBRip.10Bit.DDP5.1.x265-NeoNoir.mkv", Id: 53f57b3e-86bc-46c6-11b9-f0f8ff90d766
[2026-08-15 18:25:26.980 +00:00] [INF] [58] Emby.Server.Implementations.Library.LibraryManager: Deleting item path, Type: "Movie", Name: "Now You See Me", Path: "/media/movies/Now You See Me Now You", Id: 53f57b3e-86bc-46c6-11b9-f0f8ff90d766
[2026-08-15 18:25:26.981 +00:00] [ERR] [58] Jellyfin.Api.Middleware.ExceptionMiddleware: Error processing request: "Access to the path '/media/movies/Now You See Me Now You' is denied". URL "DELETE" "/Items/53f57b3e86bc46c611b9f0f8ff90d766".
[2026-08-15 18:25:41.267 +00:00] [WRN] [56] Emby.Server.Implementations.HttpServer.WebSocketConnection: WS "172.17.0.1" error receiving data: "The remote party closed the WebSocket connection without completing the close handshake."
[2026-08-15 18:25:41.268 +00:00] [INF] [56] Emby.Server.Implementations.HttpServer.WebSocketManager: WS "172.17.0.1" closed
[2026-08-15 18:35:35.033 +00:00] [INF] [28] Emby.Server.Implementations.HttpServer.WebSocketManager: WS "172.17.0.1" request
[2026-08-15 18:35:55.801 +00:00] [WRN] [32] Emby.Server.Implementations.HttpServer.WebSocketConnection: WS "172.17.0.1" error receiving data: "The remote party closed the WebSocket connection without completing the close handshake."
[2026-08-15 18:35:55.802 +00:00] [INF] [32] Emby.Server.Implementations.HttpServer.WebSocketManager: WS "172.17.0.1" closed
[2026-08-15 18:38:36.534 +00:00] [INF] [63] Emby.Server.Implementations.HttpServer.WebSocketManager: WS "172.17.0.1" request
[2026-08-15 18:38:38.669 +00:00] [WRN] [6] Emby.Server.Implementations.HttpServer.WebSocketConnection: WS "172.17.0.1" error receiving data: "The remote party closed the WebSocket connection without completing the close handshake."
[2026-08-15 18:38:38.670 +00:00] [INF] [6] Emby.Server.Implementations.HttpServer.WebSocketManager: WS "172.17.0.1" closed
[2026-08-15 19:06:36.128 +00:00] [INF] [70] Emby.Server.Implementations.IO.LibraryMonitor: "tv" ("/media/tv") will be refreshed.
[2026-08-15 19:07:01.831 +00:00] [INF] [72] MediaBrowser.Providers.TV.SeriesMetadataService: Creating Season "Season Unknown" entry for "The Mentalist"
[2026-08-15 19:07:09.455 +00:00] [INF] [67] MediaBrowser.Providers.TV.SeriesMetadataService: Removing virtual season null in series "The Mentalist"
[2026-08-15 19:07:09.455 +00:00] [INF] [67] Emby.Server.Implementations.Library.LibraryManager: Removing item, Type: "Season", Name: "Season Unknown", Path: "", Id: 873f56ba-8fb3-84d1-3371-201bbf3e139c
[2026-08-15 19:07:09.981 +00:00] [INF] [72] MediaBrowser.Providers.TV.SeriesMetadataService: Creating Season "Season Unknown" entry for "The Mentalist"
[2026-08-15 19:07:39.202 +00:00] [INF] [67] Emby.Server.Implementations.IO.LibraryMonitor: "The Mentalist" ("/media/tv/The Mentalist (2008) - S01E03 - Red Tide [WEBDL-1080p][Opus 5 1][AV1]-Castiel mkv/Season 01/The Mentalist (2008) - S01E03 - Red Tide [WEBDL-1080p][Opus 5.1][AV1]-Castiel.mkv") will be refreshed.
[2026-08-15 19:07:40.741 +00:00] [INF] [74] MediaBrowser.Providers.TV.SeriesMetadataService: Removing virtual season null in series "The Mentalist"
[2026-08-15 19:07:40.741 +00:00] [INF] [74] Emby.Server.Implementations.Library.LibraryManager: Removing item, Type: "Season", Name: "Season Unknown", Path: "", Id: f93e7238-22d4-6cff-a2a5-3b39ccc5c6d5
[2026-08-15 19:07:41.278 +00:00] [INF] [67] MediaBrowser.Providers.TV.SeriesMetadataService: Creating Season "Season Unknown" entry for "The Mentalist"
[2026-08-15 19:07:44.258 +00:00] [INF] [70] MediaBrowser.Providers.TV.SeriesMetadataService: Removing virtual season null in series "The Mentalist"
[2026-08-15 19:07:44.258 +00:00] [INF] [70] Emby.Server.Implementations.Library.LibraryManager: Removing item, Type: "Season", Name: "Season Unknown", Path: "", Id: 1e863186-a888-494e-b00c-f815f849a973
[2026-08-15 19:20:59.394 +00:00] [INF] [31] Emby.Server.Implementations.IO.LibraryMonitor: Stopping directory watching for path "/media/movies"
[2026-08-15 19:20:59.395 +00:00] [INF] [31] Emby.Server.Implementations.IO.LibraryMonitor: Stopping directory watching for path "/media/tv"
[2026-08-15 19:20:59.395 +00:00] [INF] [31] Emby.Server.Implementations.Library.LibraryManager: Validating media library
[2026-08-15 19:20:59.529 +00:00] [WRN] [31] MediaBrowser.Controller.Entities.BaseItem: Library folder "/config/data/playlists" is inaccessible or empty, skipping
[2026-08-15 19:20:59.542 +00:00] [WRN] [31] MediaBrowser.Controller.Entities.BaseItem: Library folder "/config/data/playlists" is inaccessible or empty, skipping
[2026-08-15 19:21:18.323 +00:00] [WRN] [31] Emby.Server.Implementations.Library.LibraryManager: Image not found at "/config/metadata/library/53/53f57b3e86bc46c611b9f0f8ff90d766/poster.jpg"
[2026-08-15 19:21:18.323 +00:00] [WRN] [31] Emby.Server.Implementations.Library.LibraryManager: Image not found at "/config/metadata/library/53/53f57b3e86bc46c611b9f0f8ff90d766/logo.png"
[2026-08-15 19:21:18.323 +00:00] [WRN] [31] Emby.Server.Implementations.Library.LibraryManager: Image not found at "/config/metadata/library/53/53f57b3e86bc46c611b9f0f8ff90d766/backdrop.jpg"
[2026-08-15 19:21:18.323 +00:00] [WRN] [31] Emby.Server.Implementations.Library.LibraryManager: Image not found at "/config/metadata/library/53/53f57b3e86bc46c611b9f0f8ff90d766/landscape.jpg"
[2026-08-15 19:21:34.796 +00:00] [INF] [61] MediaBrowser.Providers.TV.SeriesMetadataService: Creating Season "Season Unknown" entry for "The Mentalist"
[2026-08-15 19:21:35.606 +00:00] [INF] [51] MediaBrowser.Providers.TV.SeriesMetadataService: Removing virtual season null in series "The Mentalist"
[2026-08-15 19:21:35.606 +00:00] [INF] [51] Emby.Server.Implementations.Library.LibraryManager: Removing item, Type: "Season", Name: "Season Unknown", Path: "", Id: 4d3a5c81-bb97-8ff5-ca1c-2626572ed04f
[2026-08-15 19:21:35.839 +00:00] [INF] [51] MediaBrowser.Providers.TV.SeriesMetadataService: Creating Season "Season Unknown" entry for "The Mentalist"
[2026-08-15 19:21:36.587 +00:00] [INF] [61] MediaBrowser.Providers.TV.SeriesMetadataService: Removing virtual season null in series "The Mentalist"
[2026-08-15 19:21:36.587 +00:00] [INF] [61] Emby.Server.Implementations.Library.LibraryManager: Removing item, Type: "Season", Name: "Season Unknown", Path: "", Id: 157a947a-4a61-c91e-337f-c31d1c1a4f1b
[2026-08-15 19:21:36.802 +00:00] [INF] [61] MediaBrowser.Providers.TV.SeriesMetadataService: Creating Season "Season Unknown" entry for "The Mentalist"
[2026-08-15 19:21:37.822 +00:00] [INF] [61] MediaBrowser.Providers.TV.SeriesMetadataService: Removing virtual season null in series "The Mentalist"
[2026-08-15 19:21:37.822 +00:00] [INF] [61] Emby.Server.Implementations.Library.LibraryManager: Removing item, Type: "Season", Name: "Season Unknown", Path: "", Id: ece997ed-6b22-d4c2-62fd-48f603895933
[2026-08-15 19:21:38.066 +00:00] [INF] [51] MediaBrowser.Providers.TV.SeriesMetadataService: Creating Season "Season Unknown" entry for "The Mentalist"
[2026-08-15 19:21:38.557 +00:00] [INF] [51] MediaBrowser.Providers.TV.SeriesMetadataService: Removing virtual season null in series "The Mentalist"
[2026-08-15 19:21:38.557 +00:00] [INF] [51] Emby.Server.Implementations.Library.LibraryManager: Removing item, Type: "Season", Name: "Season Unknown", Path: "", Id: 103108e1-0635-2047-aa30-c35303e827e2
[2026-08-15 19:21:38.777 +00:00] [INF] [31] MediaBrowser.Providers.TV.SeriesMetadataService: Creating Season "Season Unknown" entry for "The Mentalist"
[2026-08-15 19:21:39.341 +00:00] [INF] [31] MediaBrowser.Providers.TV.SeriesMetadataService: Removing virtual season null in series "The Mentalist"
[2026-08-15 19:21:39.341 +00:00] [INF] [31] Emby.Server.Implementations.Library.LibraryManager: Removing item, Type: "Season", Name: "Season Unknown", Path: "", Id: 0c5a4111-e18b-45e0-aad1-3fa035cb4778
[2026-08-15 19:21:39.552 +00:00] [INF] [51] MediaBrowser.Providers.TV.SeriesMetadataService: Creating Season "Season Unknown" entry for "The Mentalist"
[2026-08-15 19:21:40.539 +00:00] [INF] [59] MediaBrowser.Providers.TV.SeriesMetadataService: Removing virtual season null in series "The Mentalist"
[2026-08-15 19:21:40.540 +00:00] [INF] [59] Emby.Server.Implementations.Library.LibraryManager: Removing item, Type: "Season", Name: "Season Unknown", Path: "", Id: a233bcf7-eca1-148c-5192-2b73d6e44623
[2026-08-15 19:21:40.755 +00:00] [INF] [59] MediaBrowser.Providers.TV.SeriesMetadataService: Creating Season "Season Unknown" entry for "The Mentalist"
[2026-08-15 19:21:41.421 +00:00] [INF] [61] MediaBrowser.Providers.TV.SeriesMetadataService: Removing virtual season null in series "The Mentalist"
[2026-08-15 19:21:41.421 +00:00] [INF] [61] Emby.Server.Implementations.Library.LibraryManager: Removing item, Type: "Season", Name: "Season Unknown", Path: "", Id: 6ec4a7f6-6a57-730e-ceda-24930e3360a3
[2026-08-15 19:21:41.638 +00:00] [INF] [61] MediaBrowser.Providers.TV.SeriesMetadataService: Creating Season "Season Unknown" entry for "The Mentalist"
[2026-08-15 19:21:42.441 +00:00] [INF] [61] MediaBrowser.Providers.TV.SeriesMetadataService: Removing virtual season null in series "The Mentalist"
[2026-08-15 19:21:42.441 +00:00] [INF] [61] Emby.Server.Implementations.Library.LibraryManager: Removing item, Type: "Season", Name: "Season Unknown", Path: "", Id: f127a94f-7346-052c-109c-1e46e9a9b908
[2026-08-15 19:21:42.663 +00:00] [INF] [61] MediaBrowser.Providers.TV.SeriesMetadataService: Creating Season "Season Unknown" entry for "The Mentalist"
[2026-08-15 19:21:43.304 +00:00] [INF] [61] MediaBrowser.Providers.TV.SeriesMetadataService: Removing virtual season null in series "The Mentalist"
[2026-08-15 19:21:43.304 +00:00] [INF] [61] Emby.Server.Implementations.Library.LibraryManager: Removing item, Type: "Season", Name: "Season Unknown", Path: "", Id: a6628ff4-c426-abd5-194a-863fc2acb89e
[2026-08-15 19:21:43.552 +00:00] [INF] [61] MediaBrowser.Providers.TV.SeriesMetadataService: Creating Season "Season Unknown" entry for "The Mentalist"
[2026-08-15 19:21:44.290 +00:00] [INF] [51] MediaBrowser.Providers.TV.SeriesMetadataService: Removing virtual season null in series "The Mentalist"
[2026-08-15 19:21:44.290 +00:00] [INF] [51] Emby.Server.Implementations.Library.LibraryManager: Removing item, Type: "Season", Name: "Season Unknown", Path: "", Id: d448a388-4af7-2975-3a59-26b811303ea6
[2026-08-15 19:21:44.515 +00:00] [INF] [51] MediaBrowser.Providers.TV.SeriesMetadataService: Creating Season "Season Unknown" entry for "The Mentalist"
[2026-08-15 19:21:45.195 +00:00] [INF] [51] MediaBrowser.Providers.TV.SeriesMetadataService: Removing virtual season null in series "The Mentalist"
[2026-08-15 19:21:45.195 +00:00] [INF] [51] Emby.Server.Implementations.Library.LibraryManager: Removing item, Type: "Season", Name: "Season Unknown", Path: "", Id: 6caae8b6-76dd-7270-ae64-949d41a49e9d
[2026-08-15 19:21:45.414 +00:00] [INF] [51] MediaBrowser.Providers.TV.SeriesMetadataService: Creating Season "Season Unknown" entry for "The Mentalist"
[2026-08-15 19:21:46.055 +00:00] [INF] [56] MediaBrowser.Providers.TV.SeriesMetadataService: Removing virtual season null in series "The Mentalist"
[2026-08-15 19:21:46.055 +00:00] [INF] [56] Emby.Server.Implementations.Library.LibraryManager: Removing item, Type: "Season", Name: "Season Unknown", Path: "", Id: a75e51a6-136b-6f52-907c-2c6e5611cd3f
[2026-08-15 19:21:46.268 +00:00] [INF] [56] MediaBrowser.Providers.TV.SeriesMetadataService: Creating Season "Season Unknown" entry for "The Mentalist"
[2026-08-15 19:21:47.014 +00:00] [INF] [59] MediaBrowser.Providers.TV.SeriesMetadataService: Removing virtual season null in series "The Mentalist"
[2026-08-15 19:21:47.014 +00:00] [INF] [59] Emby.Server.Implementations.Library.LibraryManager: Removing item, Type: "Season", Name: "Season Unknown", Path: "", Id: c1e68860-bc3d-a44d-b6e6-dc79599cb1e8
[2026-08-15 19:21:47.232 +00:00] [INF] [61] MediaBrowser.Providers.TV.SeriesMetadataService: Creating Season "Season Unknown" entry for "The Mentalist"
[2026-08-15 19:21:47.771 +00:00] [INF] [60] MediaBrowser.Providers.TV.SeriesMetadataService: Removing virtual season null in series "The Mentalist"
[2026-08-15 19:21:47.771 +00:00] [INF] [60] Emby.Server.Implementations.Library.LibraryManager: Removing item, Type: "Season", Name: "Season Unknown", Path: "", Id: 8dacb565-404d-c67e-16ef-ba8c13dc282f
[2026-08-15 19:21:47.995 +00:00] [INF] [51] MediaBrowser.Providers.TV.SeriesMetadataService: Creating Season "Season Unknown" entry for "The Mentalist"
[2026-08-15 19:21:48.583 +00:00] [INF] [61] MediaBrowser.Providers.TV.SeriesMetadataService: Removing virtual season null in series "The Mentalist"
[2026-08-15 19:21:48.583 +00:00] [INF] [61] Emby.Server.Implementations.Library.LibraryManager: Removing item, Type: "Season", Name: "Season Unknown", Path: "", Id: 4904e026-559b-f5fb-0394-2cf0b8c25eb6
[2026-08-15 19:21:48.828 +00:00] [INF] [60] MediaBrowser.Providers.TV.SeriesMetadataService: Creating Season "Season Unknown" entry for "The Mentalist"
[2026-08-15 19:21:49.684 +00:00] [INF] [61] MediaBrowser.Providers.TV.SeriesMetadataService: Removing virtual season null in series "The Mentalist"
[2026-08-15 19:21:49.685 +00:00] [INF] [61] Emby.Server.Implementations.Library.LibraryManager: Removing item, Type: "Season", Name: "Season Unknown", Path: "", Id: 55b32941-4fd4-ebf2-d037-8bc770720603
[2026-08-15 19:21:49.905 +00:00] [INF] [59] MediaBrowser.Providers.TV.SeriesMetadataService: Creating Season "Season Unknown" entry for "The Mentalist"
[2026-08-15 19:21:50.609 +00:00] [INF] [59] MediaBrowser.Providers.TV.SeriesMetadataService: Removing virtual season null in series "The Mentalist"
[2026-08-15 19:21:50.609 +00:00] [INF] [59] Emby.Server.Implementations.Library.LibraryManager: Removing item, Type: "Season", Name: "Season Unknown", Path: "", Id: 2ce624fe-887b-95c3-4ca4-74d0158ad85a
[2026-08-15 19:21:50.824 +00:00] [INF] [60] MediaBrowser.Providers.TV.SeriesMetadataService: Creating Season "Season Unknown" entry for "The Mentalist"
[2026-08-15 19:21:51.621 +00:00] [INF] [59] MediaBrowser.Providers.TV.SeriesMetadataService: Removing virtual season null in series "The Mentalist"
[2026-08-15 19:21:51.621 +00:00] [INF] [59] Emby.Server.Implementations.Library.LibraryManager: Removing item, Type: "Season", Name: "Season Unknown", Path: "", Id: 292cf30c-4b73-532b-18e0-81d3ddf04372
[2026-08-15 19:21:51.865 +00:00] [INF] [51] MediaBrowser.Providers.TV.SeriesMetadataService: Creating Season "Season Unknown" entry for "The Mentalist"
[2026-08-15 19:21:52.427 +00:00] [INF] [60] MediaBrowser.Providers.TV.SeriesMetadataService: Removing virtual season null in series "The Mentalist"
[2026-08-15 19:21:52.427 +00:00] [INF] [60] Emby.Server.Implementations.Library.LibraryManager: Removing item, Type: "Season", Name: "Season Unknown", Path: "", Id: 72cab04b-700e-a0f0-e453-5865335ca37d
[2026-08-15 19:21:52.671 +00:00] [INF] [61] MediaBrowser.Providers.TV.SeriesMetadataService: Creating Season "Season Unknown" entry for "The Mentalist"
[2026-08-15 19:21:53.389 +00:00] [INF] [61] MediaBrowser.Providers.TV.SeriesMetadataService: Removing virtual season null in series "The Mentalist"
[2026-08-15 19:21:53.389 +00:00] [INF] [61] Emby.Server.Implementations.Library.LibraryManager: Removing item, Type: "Season", Name: "Season Unknown", Path: "", Id: ce02f32a-6c39-81f5-2a09-9526010917b2
[2026-08-15 19:21:53.558 +00:00] [WRN] [61] Microsoft.EntityFrameworkCore.Query: Compiling a query which loads related collections for more than one collection navigation, either via 'Include' or through projection, but no 'QuerySplittingBehavior' has been configured. By default, Entity Framework will use 'QuerySplittingBehavior.SingleQuery', which can potentially result in slow query performance. See https://go.microsoft.com/fwlink/?linkid=2134277 for more information. To identify the query that's triggering this warning call 'ConfigureWarnings(w => w.Throw(RelationalEventId.MultipleCollectionIncludeWarning))'.
[2026-08-15 19:21:54.065 +00:00] [INF] [59] Emby.Server.Implementations.ScheduledTasks.TaskManager: "Scan Media Library" Completed after 0 minute(s) and 54 seconds
[2026-08-15 19:21:54.115 +00:00] [INF] [61] Emby.Server.Implementations.IO.LibraryMonitor: Watching directory "/media/movies"
[2026-08-15 19:21:54.119 +00:00] [INF] [59] Emby.Server.Implementations.IO.LibraryMonitor: Watching directory "/media/tv"
