2026-08-15 14:17:13.400086 [NOTICE] [HttpListenCommand.cc:108] IPv4 RPC: listening on TCP port 6800
2026-08-15 14:17:13.409872 [ERROR] [HttpListenCommand.cc:112] IPv6 RPC: failed to bind TCP port 6800
Exception: [SocketCore.cc:312] errorCode=1 Failed to bind a socket, cause: Name or service not known
2026-08-15 14:17:13.409872 [ERROR] [HttpListenCommand.cc:112] IPv4 RPC: failed to bind TCP port 6800
Exception: [SocketCore.cc:312] errorCode=1 Failed to bind a socket, cause: Address already in use
2026-08-15 14:17:13.410089 [ERROR] [HttpListenCommand.cc:112] IPv6 RPC: failed to bind TCP port 6800
Exception: [SocketCore.cc:312] errorCode=1 Failed to bind a socket, cause: Name or service not known
2026-08-15 14:17:13.410131 [ERROR] [MultiUrlRequestInfo.cc:297] Exception caught
Exception: [DownloadEngineFactory.cc:219] errorCode=1 Failed to setup RPC server.
2026-08-15 14:17:14.420748 [NOTICE] [DownloadEngine.cc:265] Emergency shutdown sequence commencing...
2026-08-15 14:17:14.422938 [NOTICE] [MultiUrlRequestInfo.cc:341] Serialized session to '/config/aria2.session' successfully.
2026-08-15 14:17:18.260795 [NOTICE] [HttpListenCommand.cc:108] IPv4 RPC: listening on TCP port 6800
2026-08-15 14:17:18.269087 [ERROR] [HttpListenCommand.cc:112] IPv6 RPC: failed to bind TCP port 6800
Exception: [SocketCore.cc:312] errorCode=1 Failed to bind a socket, cause: Name or service not known
2026-08-15 14:17:18.275380 [ERROR] [HttpListenCommand.cc:112] IPv4 RPC: failed to bind TCP port 6800
Exception: [SocketCore.cc:312] errorCode=1 Failed to bind a socket, cause: Address already in use
2026-08-15 14:17:18.275625 [ERROR] [HttpListenCommand.cc:112] IPv6 RPC: failed to bind TCP port 6800
Exception: [SocketCore.cc:312] errorCode=1 Failed to bind a socket, cause: Name or service not known
2026-08-15 14:17:18.275747 [ERROR] [MultiUrlRequestInfo.cc:297] Exception caught
Exception: [DownloadEngineFactory.cc:219] errorCode=1 Failed to setup RPC server.
2026-08-15 14:17:19.283588 [NOTICE] [DownloadEngine.cc:265] Emergency shutdown sequence commencing...
2026-08-15 14:17:19.285982 [NOTICE] [MultiUrlRequestInfo.cc:341] Serialized session to '/config/aria2.session' successfully.
2026-08-15 14:17:23.246115 [NOTICE] [HttpListenCommand.cc:108] IPv4 RPC: listening on TCP port 6800
2026-08-15 14:17:23.254318 [ERROR] [HttpListenCommand.cc:112] IPv6 RPC: failed to bind TCP port 6800
Exception: [SocketCore.cc:312] errorCode=1 Failed to bind a socket, cause: Name or service not known
2026-08-15 14:17:23.259917 [ERROR] [HttpListenCommand.cc:112] IPv4 RPC: failed to bind TCP port 6800
Exception: [SocketCore.cc:312] errorCode=1 Failed to bind a socket, cause: Address already in use
2026-08-15 14:17:23.260101 [ERROR] [HttpListenCommand.cc:112] IPv6 RPC: failed to bind TCP port 6800
Exception: [SocketCore.cc:312] errorCode=1 Failed to bind a socket, cause: Name or service not known
2026-08-15 14:17:23.260167 [ERROR] [MultiUrlRequestInfo.cc:297] Exception caught
Exception: [DownloadEngineFactory.cc:219] errorCode=1 Failed to setup RPC server.
2026-08-15 14:17:24.267552 [NOTICE] [DownloadEngine.cc:265] Emergency shutdown sequence commencing...
2026-08-15 14:17:24.269701 [NOTICE] [MultiUrlRequestInfo.cc:341] Serialized session to '/config/aria2.session' successfully.
2026-08-15 14:17:28.414285 [NOTICE] [HttpListenCommand.cc:108] IPv4 RPC: listening on TCP port 6800
2026-08-15 14:17:28.423830 [ERROR] [HttpListenCommand.cc:112] IPv6 RPC: failed to bind TCP port 6800
Exception: [SocketCore.cc:312] errorCode=1 Failed to bind a socket, cause: Name or service not known
2026-08-15 14:17:28.433334 [ERROR] [HttpListenCommand.cc:112] IPv4 RPC: failed to bind TCP port 6800
Exception: [SocketCore.cc:312] errorCode=1 Failed to bind a socket, cause: Address already in use
2026-08-15 14:17:28.433536 [ERROR] [HttpListenCommand.cc:112] IPv6 RPC: failed to bind TCP port 6800
Exception: [SocketCore.cc:312] errorCode=1 Failed to bind a socket, cause: Name or service not known
2026-08-15 14:17:28.433586 [ERROR] [MultiUrlRequestInfo.cc:297] Exception caught
Exception: [DownloadEngineFactory.cc:219] errorCode=1 Failed to setup RPC server.
2026-08-15 14:17:29.442519 [NOTICE] [DownloadEngine.cc:265] Emergency shutdown sequence commencing...
2026-08-15 14:17:29.445087 [NOTICE] [MultiUrlRequestInfo.cc:341] Serialized session to '/config/aria2.session' successfully.
2026-08-15 14:17:34.002902 [NOTICE] [HttpListenCommand.cc:108] IPv4 RPC: listening on TCP port 6800
2026-08-15 14:17:34.012849 [ERROR] [HttpListenCommand.cc:112] IPv6 RPC: failed to bind TCP port 6800
Exception: [SocketCore.cc:312] errorCode=1 Failed to bind a socket, cause: Name or service not known
2026-08-15 14:17:34.017278 [ERROR] [HttpListenCommand.cc:112] IPv4 RPC: failed to bind TCP port 6800
Exception: [SocketCore.cc:312] errorCode=1 Failed to bind a socket, cause: Address already in use
2026-08-15 14:17:34.017662 [ERROR] [HttpListenCommand.cc:112] IPv6 RPC: failed to bind TCP port 6800
Exception: [SocketCore.cc:312] errorCode=1 Failed to bind a socket, cause: Name or service not known
2026-08-15 14:17:34.017778 [ERROR] [MultiUrlRequestInfo.cc:297] Exception caught
Exception: [DownloadEngineFactory.cc:219] errorCode=1 Failed to setup RPC server.
2026-08-15 14:17:35.025625 [NOTICE] [DownloadEngine.cc:265] Emergency shutdown sequence commencing...
2026-08-15 14:17:35.028174 [NOTICE] [MultiUrlRequestInfo.cc:341] Serialized session to '/config/aria2.session' successfully.
2026-08-15 14:17:40.357988 [NOTICE] [HttpListenCommand.cc:108] IPv4 RPC: listening on TCP port 6800
2026-08-15 14:17:40.368143 [ERROR] [HttpListenCommand.cc:112] IPv6 RPC: failed to bind TCP port 6800
Exception: [SocketCore.cc:312] errorCode=1 Failed to bind a socket, cause: Name or service not known
2026-08-15 14:17:40.376615 [ERROR] [HttpListenCommand.cc:112] IPv4 RPC: failed to bind TCP port 6800
Exception: [SocketCore.cc:312] errorCode=1 Failed to bind a socket, cause: Address already in use
2026-08-15 14:17:40.376788 [ERROR] [HttpListenCommand.cc:112] IPv6 RPC: failed to bind TCP port 6800
Exception: [SocketCore.cc:312] errorCode=1 Failed to bind a socket, cause: Name or service not known
2026-08-15 14:17:40.376858 [ERROR] [MultiUrlRequestInfo.cc:297] Exception caught
Exception: [DownloadEngineFactory.cc:219] errorCode=1 Failed to setup RPC server.
2026-08-15 14:17:41.384809 [NOTICE] [DownloadEngine.cc:265] Emergency shutdown sequence commencing...
2026-08-15 14:17:41.389332 [NOTICE] [MultiUrlRequestInfo.cc:341] Serialized session to '/config/aria2.session' successfully.
2026-08-15 14:17:48.347022 [NOTICE] [HttpListenCommand.cc:108] IPv4 RPC: listening on TCP port 6800
2026-08-15 14:17:48.355291 [ERROR] [HttpListenCommand.cc:112] IPv6 RPC: failed to bind TCP port 6800
Exception: [SocketCore.cc:312] errorCode=1 Failed to bind a socket, cause: Name or service not known
2026-08-15 14:17:48.360377 [ERROR] [HttpListenCommand.cc:112] IPv4 RPC: failed to bind TCP port 6800
Exception: [SocketCore.cc:312] errorCode=1 Failed to bind a socket, cause: Address already in use
2026-08-15 14:17:48.360637 [ERROR] [HttpListenCommand.cc:112] IPv6 RPC: failed to bind TCP port 6800
Exception: [SocketCore.cc:312] errorCode=1 Failed to bind a socket, cause: Name or service not known
2026-08-15 14:17:48.360674 [ERROR] [MultiUrlRequestInfo.cc:297] Exception caught
Exception: [DownloadEngineFactory.cc:219] errorCode=1 Failed to setup RPC server.
2026-08-15 14:17:49.367650 [NOTICE] [DownloadEngine.cc:265] Emergency shutdown sequence commencing...
2026-08-15 14:17:49.370091 [NOTICE] [MultiUrlRequestInfo.cc:341] Serialized session to '/config/aria2.session' successfully.
2026-08-15 14:17:59.515590 [NOTICE] [HttpListenCommand.cc:108] IPv4 RPC: listening on TCP port 6800
2026-08-15 14:17:59.525123 [ERROR] [HttpListenCommand.cc:112] IPv6 RPC: failed to bind TCP port 6800
Exception: [SocketCore.cc:312] errorCode=1 Failed to bind a socket, cause: Name or service not known
2026-08-15 14:17:59.526199 [ERROR] [HttpListenCommand.cc:112] IPv4 RPC: failed to bind TCP port 6800
Exception: [SocketCore.cc:312] errorCode=1 Failed to bind a socket, cause: Address already in use
2026-08-15 14:17:59.526336 [ERROR] [HttpListenCommand.cc:112] IPv6 RPC: failed to bind TCP port 6800
Exception: [SocketCore.cc:312] errorCode=1 Failed to bind a socket, cause: Name or service not known
2026-08-15 14:17:59.526379 [ERROR] [MultiUrlRequestInfo.cc:297] Exception caught
Exception: [DownloadEngineFactory.cc:219] errorCode=1 Failed to setup RPC server.
2026-08-15 14:18:00.536082 [NOTICE] [DownloadEngine.cc:265] Emergency shutdown sequence commencing...
2026-08-15 14:18:00.538119 [NOTICE] [MultiUrlRequestInfo.cc:341] Serialized session to '/config/aria2.session' successfully.
2026-08-15 14:18:17.096188 [NOTICE] [HttpListenCommand.cc:108] IPv4 RPC: listening on TCP port 6800
2026-08-15 14:18:17.104760 [ERROR] [HttpListenCommand.cc:112] IPv6 RPC: failed to bind TCP port 6800
Exception: [SocketCore.cc:312] errorCode=1 Failed to bind a socket, cause: Name or service not known
2026-08-15 14:18:17.113075 [ERROR] [HttpListenCommand.cc:112] IPv4 RPC: failed to bind TCP port 6800
Exception: [SocketCore.cc:312] errorCode=1 Failed to bind a socket, cause: Address already in use
2026-08-15 14:18:17.113317 [ERROR] [HttpListenCommand.cc:112] IPv6 RPC: failed to bind TCP port 6800
Exception: [SocketCore.cc:312] errorCode=1 Failed to bind a socket, cause: Name or service not known
2026-08-15 14:18:17.113360 [ERROR] [MultiUrlRequestInfo.cc:297] Exception caught
Exception: [DownloadEngineFactory.cc:219] errorCode=1 Failed to setup RPC server.
2026-08-15 14:18:18.120912 [NOTICE] [DownloadEngine.cc:265] Emergency shutdown sequence commencing...
2026-08-15 14:18:18.122971 [NOTICE] [MultiUrlRequestInfo.cc:341] Serialized session to '/config/aria2.session' successfully.
2026-08-15 14:18:47.468120 [NOTICE] [HttpListenCommand.cc:108] IPv4 RPC: listening on TCP port 6800
2026-08-15 14:18:47.476174 [ERROR] [HttpListenCommand.cc:112] IPv6 RPC: failed to bind TCP port 6800
Exception: [SocketCore.cc:312] errorCode=1 Failed to bind a socket, cause: Name or service not known
2026-08-15 14:18:47.484306 [ERROR] [HttpListenCommand.cc:112] IPv4 RPC: failed to bind TCP port 6800
Exception: [SocketCore.cc:312] errorCode=1 Failed to bind a socket, cause: Address already in use
2026-08-15 14:18:47.484581 [ERROR] [HttpListenCommand.cc:112] IPv6 RPC: failed to bind TCP port 6800
Exception: [SocketCore.cc:312] errorCode=1 Failed to bind a socket, cause: Name or service not known
2026-08-15 14:18:47.484692 [ERROR] [MultiUrlRequestInfo.cc:297] Exception caught
Exception: [DownloadEngineFactory.cc:219] errorCode=1 Failed to setup RPC server.
2026-08-15 14:18:48.492716 [NOTICE] [DownloadEngine.cc:265] Emergency shutdown sequence commencing...
2026-08-15 14:18:48.495029 [NOTICE] [MultiUrlRequestInfo.cc:341] Serialized session to '/config/aria2.session' successfully.
2026-08-15 14:19:43.453653 [NOTICE] [HttpListenCommand.cc:108] IPv4 RPC: listening on TCP port 6800
2026-08-15 14:19:43.461673 [ERROR] [HttpListenCommand.cc:112] IPv6 RPC: failed to bind TCP port 6800
Exception: [SocketCore.cc:312] errorCode=1 Failed to bind a socket, cause: Name or service not known
2026-08-15 14:19:43.468925 [ERROR] [HttpListenCommand.cc:112] IPv4 RPC: failed to bind TCP port 6800
Exception: [SocketCore.cc:312] errorCode=1 Failed to bind a socket, cause: Address already in use
2026-08-15 14:19:43.469118 [ERROR] [HttpListenCommand.cc:112] IPv6 RPC: failed to bind TCP port 6800
Exception: [SocketCore.cc:312] errorCode=1 Failed to bind a socket, cause: Name or service not known
2026-08-15 14:19:43.469186 [ERROR] [MultiUrlRequestInfo.cc:297] Exception caught
Exception: [DownloadEngineFactory.cc:219] errorCode=1 Failed to setup RPC server.
2026-08-15 14:19:44.476936 [NOTICE] [DownloadEngine.cc:265] Emergency shutdown sequence commencing...
2026-08-15 14:19:44.479252 [NOTICE] [MultiUrlRequestInfo.cc:341] Serialized session to '/config/aria2.session' successfully.
2026-08-15 06:21:50.518531 [NOTICE] [HttpListenCommand.cc:108] IPv4 RPC: listening on TCP port 6800
2026-08-15 06:21:50.519872 [ERROR] [HttpListenCommand.cc:112] IPv6 RPC: failed to bind TCP port 6800
Exception: [SocketCore.cc:312] errorCode=1 Failed to bind a socket, cause: Name or service not known
2026-08-15 06:22:50.592521 [NOTICE] [SaveSessionCommand.cc:81] Serialized session to '/config/aria2.session' successfully.
2026-08-15 06:24:34.973965 [NOTICE] [DownloadEngine.cc:265] Emergency shutdown sequence commencing...
2026-08-15 06:24:34.976109 [NOTICE] [MultiUrlRequestInfo.cc:341] Serialized session to '/config/aria2.session' successfully.
2026-08-15 06:24:35.195537 [NOTICE] [HttpListenCommand.cc:108] IPv4 RPC: listening on TCP port 6800
2026-08-15 06:25:35.268562 [NOTICE] [SaveSessionCommand.cc:81] Serialized session to '/config/aria2.session' successfully.
2026-08-15 06:31:04.332640 [NOTICE] [DownloadEngine.cc:265] Emergency shutdown sequence commencing...
2026-08-15 06:31:04.334610 [NOTICE] [MultiUrlRequestInfo.cc:341] Serialized session to '/config/aria2.session' successfully.
2026-08-15 06:31:04.570585 [NOTICE] [HttpListenCommand.cc:108] IPv4 RPC: listening on TCP port 6800
2026-08-15 06:32:04.666787 [NOTICE] [SaveSessionCommand.cc:81] Serialized session to '/config/aria2.session' successfully.
2026-08-15 06:34:23.200259 [NOTICE] [DownloadEngine.cc:265] Emergency shutdown sequence commencing...
2026-08-15 06:34:23.202601 [NOTICE] [MultiUrlRequestInfo.cc:341] Serialized session to '/config/aria2.session' successfully.
2026-08-15 06:34:23.422742 [NOTICE] [HttpListenCommand.cc:108] IPv4 RPC: listening on TCP port 6800
2026-08-15 06:35:23.728767 [NOTICE] [SaveSessionCommand.cc:81] Serialized session to '/config/aria2.session' successfully.
2026-08-15 06:36:24.468813 [ERROR] [DHTSetup.cc:106] Exception caught while loading DHT routing table from /root/.cache/aria2/dht.dat
Exception: [DHTRoutingTableDeserializer.cc:82] errorCode=1 Failed to load DHT routing table from /root/.cache/aria2/dht.dat
2026-08-15 06:36:24.468967 [NOTICE] [DHTConnectionImpl.cc:82] IPv4 DHT: listening on UDP port 6946
2026-08-15 06:36:24.469472 [NOTICE] [PeerListenCommand.cc:78] IPv4 BitTorrent: listening on TCP port 6901
2026-08-15 06:37:23.803385 [NOTICE] [SaveSessionCommand.cc:81] Serialized session to '/config/aria2.session' successfully.
2026-08-15 06:40:05.629047 [NOTICE] [RequestGroupMan.cc:424] Download GID#92bdda0bc6a54856 not complete: /downloads/incomplete/ubuntu-26.04-desktop-arm64.iso
2026-08-15 06:53:44.915867 [NOTICE] [DownloadEngine.cc:265] Emergency shutdown sequence commencing...
2026-08-15 06:53:44.922788 [NOTICE] [MultiUrlRequestInfo.cc:341] Serialized session to '/config/aria2.session' successfully.
2026-08-15 06:54:06.403990 [ERROR] [download_helper.cc:454] Unrecognized URI or unsupported protocol: /downloads/incomplete/810db755a71868668703bf289dcd5bdc87e29a41.torrent
2026-08-15 06:54:06.404201 [NOTICE] [HttpListenCommand.cc:108] IPv4 RPC: listening on TCP port 6800
2026-08-15 06:55:06.479465 [NOTICE] [SaveSessionCommand.cc:81] Serialized session to '/config/aria2.session' successfully.
2026-08-15 07:03:50.328111 [NOTICE] [DownloadEngine.cc:265] Emergency shutdown sequence commencing...
2026-08-15 07:03:50.329997 [NOTICE] [MultiUrlRequestInfo.cc:341] Serialized session to '/config/aria2.session' successfully.
2026-08-15 07:03:50.555390 [NOTICE] [HttpListenCommand.cc:108] IPv4 RPC: listening on TCP port 6800
2026-08-15 07:04:50.653519 [NOTICE] [SaveSessionCommand.cc:81] Serialized session to '/config/aria2.session' successfully.
2026-08-15 07:25:21.334283 [ERROR] [DHTSetup.cc:106] Exception caught while loading DHT routing table from /root/.cache/aria2/dht.dat
Exception: [DHTRoutingTableDeserializer.cc:82] errorCode=1 Failed to load DHT routing table from /root/.cache/aria2/dht.dat
2026-08-15 07:25:21.334470 [NOTICE] [DHTConnectionImpl.cc:82] IPv4 DHT: listening on UDP port 6945
2026-08-15 07:25:21.334808 [NOTICE] [PeerListenCommand.cc:78] IPv4 BitTorrent: listening on TCP port 6881
2026-08-15 07:25:52.972539 [NOTICE] [SaveSessionCommand.cc:81] Serialized session to '/config/aria2.session' successfully.
2026-08-15 07:26:47.607521 [NOTICE] [SeedCheckCommand.cc:79] Seeding is over.
2026-08-15 07:27:04.338198 [NOTICE] [RequestGroup.cc:1214] Download complete: /downloads/incomplete/Reacher.S04E01.1080p.x265-ELiTE
2026-08-15 07:27:04.338273 [NOTICE] [RequestGroup.cc:1228] Your share ratio was 0.0, uploaded/downloaded=0B/723MiB
2026-08-15 08:23:33.686645 [NOTICE] [RequestGroup.cc:1214] Download complete: [MEMORY][METADATA]Reacher.S04E02.1080p.x265-ELiTE
2026-08-15 08:24:05.944530 [NOTICE] [SaveSessionCommand.cc:81] Serialized session to '/config/aria2.session' successfully.
2026-08-15 08:24:48.031728 [NOTICE] [SeedCheckCommand.cc:79] Seeding is over.
2026-08-15 08:24:51.854825 [NOTICE] [RequestGroup.cc:1214] Download complete: /downloads/incomplete/Reacher.S04E02.1080p.x265-ELiTE
2026-08-15 08:24:51.854869 [NOTICE] [RequestGroup.cc:1228] Your share ratio was 0.0, uploaded/downloaded=0B/713MiB
2026-08-15 09:02:45.964394 [NOTICE] [RequestGroup.cc:1214] Download complete: [MEMORY][METADATA]Reacher.S04E03.1080p.x265-ELiTE
2026-08-15 09:03:15.672147 [NOTICE] [SaveSessionCommand.cc:81] Serialized session to '/config/aria2.session' successfully.
2026-08-15 09:04:36.603133 [NOTICE] [SeedCheckCommand.cc:79] Seeding is over.
2026-08-15 09:04:41.687302 [NOTICE] [RequestGroup.cc:1214] Download complete: /downloads/incomplete/Reacher.S04E03.1080p.x265-ELiTE
2026-08-15 09:04:41.687347 [NOTICE] [RequestGroup.cc:1228] Your share ratio was 0.0, uploaded/downloaded=0B/598MiB
2026-08-15 09:23:03.483282 [NOTICE] [RequestGroup.cc:1214] Download complete: [MEMORY][METADATA]The.Rookie.S08E16.1080p.x265-ELiTE
2026-08-15 09:23:19.559056 [NOTICE] [SaveSessionCommand.cc:81] Serialized session to '/config/aria2.session' successfully.
2026-08-15 09:23:44.598521 [NOTICE] [SeedCheckCommand.cc:79] Seeding is over.
2026-08-15 09:23:54.806961 [NOTICE] [RequestGroup.cc:1214] Download complete: /downloads/incomplete/The.Rookie.S08E16.1080p.x265-ELiTE
2026-08-15 09:23:54.807006 [NOTICE] [RequestGroup.cc:1228] Your share ratio was 0.0, uploaded/downloaded=0B/0.9GiB
2026-08-15 18:20:41.112763 [NOTICE] [SaveSessionCommand.cc:81] Serialized session to '/config/aria2.session' successfully.
2026-08-15 18:20:42.659536 [NOTICE] [RequestGroup.cc:1214] Download complete: [MEMORY][METADATA]Now.You.See.Me.Now.You.Dont.2025.1080p.WEBRip.10Bit.DDP5.1.x265-NeoNoir
2026-08-15 18:22:27.875771 [NOTICE] [SeedCheckCommand.cc:79] Seeding is over.
2026-08-15 18:22:41.819991 [NOTICE] [RequestGroup.cc:1214] Download complete: /downloads/incomplete/Now.You.See.Me.Now.You.Dont.2025.1080p.WEBRip.10Bit.DDP5.1.x265-NeoNoir.mkv
2026-08-15 18:22:41.820038 [NOTICE] [RequestGroup.cc:1228] Your share ratio was 0.0, uploaded/downloaded=128KiB/1.7GiB
2026-08-15 18:24:42.360705 [NOTICE] [SaveSessionCommand.cc:81] Serialized session to '/config/aria2.session' successfully.
2026-08-15 18:25:56.391795 [ERROR] [AbstractCommand.cc:377] CUID#9143 - Download aborted. URI=http://tracker.tntvillage.scambioetico.org:2710/announce?info_hash=%2A%AF%3B%C1%80%92%280%97%D6%A41_%1D%89%92%AD%AEz%A4&peer_id=A2-1-37-0-%D1%2AIX%C4%2F6%C7%CC%E3&uploaded=0&downloaded=0&left=0&compact=1&key=IX%C4%2F6%C7%CC%E3&numwant=50&no_peer_id=1&port=6881&event=started&supportcrypto=1
Exception: [AbstractCommand.cc:340] errorCode=2 Timeout.
2026-08-15 18:26:37.575903 [ERROR] [AbstractCommand.cc:349] CUID#9328 - Download aborted. URI=http://tracker.openbittorrent.com:80/announce?info_hash=%2A%AF%3B%C1%80%92%280%97%D6%A41_%1D%89%92%AD%AEz%A4&peer_id=A2-1-37-0-%D1%2AIX%C4%2F6%C7%CC%E3&uploaded=0&downloaded=0&left=0&compact=1&key=IX%C4%2F6%C7%CC%E3&numwant=50&no_peer_id=1&port=6881&event=started&supportcrypto=1
Exception: [AbstractCommand.cc:351] errorCode=22 URI=http://tracker.openbittorrent.com:80/announce?info_hash=%2A%AF%3B%C1%80%92%280%97%D6%A41_%1D%89%92%AD%AEz%A4&peer_id=A2-1-37-0-%D1%2AIX%C4%2F6%C7%CC%E3&uploaded=0&downloaded=0&left=0&compact=1&key=IX%C4%2F6%C7%CC%E3&numwant=50&no_peer_id=1&port=6881&event=started&supportcrypto=1
  -> [HttpSkipResponseCommand.cc:239] errorCode=22 The response status is not successful. status=403
2026-08-15 18:27:04.704119 [NOTICE] [RequestGroup.cc:1214] Download complete: [MEMORY][METADATA]The+Mentalist+(2008)+S01+WEBDL-1080p+AV1+Opus+5.1+[Castiel]
2026-08-15 18:27:43.979487 [NOTICE] [SaveSessionCommand.cc:81] Serialized session to '/config/aria2.session' successfully.
2026-08-15 18:31:37.707377 [ERROR] [AbstractCommand.cc:377] CUID#9804 - Download aborted. URI=http://tracker.tntvillage.scambioetico.org:2710/announce?info_hash=%2A%AF%3B%C1%80%92%280%97%D6%A41_%1D%89%92%AD%AEz%A4&peer_id=A2-1-37-0-%D1%2AIX%C4%2F6%C7%CC%E3&uploaded=0&downloaded=0&left=0&compact=1&key=IX%C4%2F6%C7%CC%E3&numwant=50&no_peer_id=1&port=6881&event=started&supportcrypto=1
Exception: [AbstractCommand.cc:340] errorCode=2 Timeout.
2026-08-15 18:32:14.683637 [ERROR] [AbstractCommand.cc:349] CUID#9968 - Download aborted. URI=http://tracker.openbittorrent.com:80/announce?info_hash=%2A%AF%3B%C1%80%92%280%97%D6%A41_%1D%89%92%AD%AEz%A4&peer_id=A2-1-37-0-%D1%2AIX%C4%2F6%C7%CC%E3&uploaded=0&downloaded=0&left=0&compact=1&key=IX%C4%2F6%C7%CC%E3&numwant=50&no_peer_id=1&port=6881&event=started&supportcrypto=1
Exception: [AbstractCommand.cc:351] errorCode=22 URI=http://tracker.openbittorrent.com:80/announce?info_hash=%2A%AF%3B%C1%80%92%280%97%D6%A41_%1D%89%92%AD%AEz%A4&peer_id=A2-1-37-0-%D1%2AIX%C4%2F6%C7%CC%E3&uploaded=0&downloaded=0&left=0&compact=1&key=IX%C4%2F6%C7%CC%E3&numwant=50&no_peer_id=1&port=6881&event=started&supportcrypto=1
  -> [HttpSkipResponseCommand.cc:239] errorCode=22 The response status is not successful. status=403
2026-08-15 18:37:12.214511 [ERROR] [AbstractCommand.cc:377] CUID#10318 - Download aborted. URI=http://tracker.tntvillage.scambioetico.org:2710/announce?info_hash=%2A%AF%3B%C1%80%92%280%97%D6%A41_%1D%89%92%AD%AEz%A4&peer_id=A2-1-37-0-%D1%2AIX%C4%2F6%C7%CC%E3&uploaded=0&downloaded=0&left=0&compact=1&key=IX%C4%2F6%C7%CC%E3&numwant=50&no_peer_id=1&port=6881&event=started&supportcrypto=1
Exception: [AbstractCommand.cc:340] errorCode=2 Timeout.
2026-08-15 18:37:52.693914 [ERROR] [AbstractCommand.cc:349] CUID#10426 - Download aborted. URI=http://tracker.openbittorrent.com:80/announce?info_hash=%2A%AF%3B%C1%80%92%280%97%D6%A41_%1D%89%92%AD%AEz%A4&peer_id=A2-1-37-0-%D1%2AIX%C4%2F6%C7%CC%E3&uploaded=0&downloaded=0&left=0&compact=1&key=IX%C4%2F6%C7%CC%E3&numwant=50&no_peer_id=1&port=6881&event=started&supportcrypto=1
Exception: [AbstractCommand.cc:351] errorCode=22 URI=http://tracker.openbittorrent.com:80/announce?info_hash=%2A%AF%3B%C1%80%92%280%97%D6%A41_%1D%89%92%AD%AEz%A4&peer_id=A2-1-37-0-%D1%2AIX%C4%2F6%C7%CC%E3&uploaded=0&downloaded=0&left=0&compact=1&key=IX%C4%2F6%C7%CC%E3&numwant=50&no_peer_id=1&port=6881&event=started&supportcrypto=1
  -> [HttpSkipResponseCommand.cc:239] errorCode=22 The response status is not successful. status=403
2026-08-15 18:42:49.213920 [ERROR] [AbstractCommand.cc:377] CUID#10687 - Download aborted. URI=http://tracker.tntvillage.scambioetico.org:2710/announce?info_hash=%2A%AF%3B%C1%80%92%280%97%D6%A41_%1D%89%92%AD%AEz%A4&peer_id=A2-1-37-0-%D1%2AIX%C4%2F6%C7%CC%E3&uploaded=0&downloaded=0&left=0&compact=1&key=IX%C4%2F6%C7%CC%E3&numwant=50&no_peer_id=1&port=6881&event=started&supportcrypto=1
Exception: [AbstractCommand.cc:340] errorCode=2 Timeout.
2026-08-15 18:47:20.528374 [ERROR] [AbstractCommand.cc:377] CUID#11025 - Download aborted. URI=http://tracker.tntvillage.scambioetico.org:2710/announce?info_hash=%2A%AF%3B%C1%80%92%280%97%D6%A41_%1D%89%92%AD%AEz%A4&peer_id=A2-1-37-0-%D1%2AIX%C4%2F6%C7%CC%E3&uploaded=0&downloaded=0&left=0&compact=1&key=IX%C4%2F6%C7%CC%E3&numwant=50&no_peer_id=1&port=6881&event=started&supportcrypto=1
Exception: [AbstractCommand.cc:340] errorCode=2 Timeout.
2026-08-15 18:48:01.604240 [ERROR] [AbstractCommand.cc:349] CUID#11138 - Download aborted. URI=http://tracker.openbittorrent.com:80/announce?info_hash=%2A%AF%3B%C1%80%92%280%97%D6%A41_%1D%89%92%AD%AEz%A4&peer_id=A2-1-37-0-%D1%2AIX%C4%2F6%C7%CC%E3&uploaded=0&downloaded=0&left=0&compact=1&key=IX%C4%2F6%C7%CC%E3&numwant=50&no_peer_id=1&port=6881&event=started&supportcrypto=1
Exception: [AbstractCommand.cc:351] errorCode=22 URI=http://tracker.openbittorrent.com:80/announce?info_hash=%2A%AF%3B%C1%80%92%280%97%D6%A41_%1D%89%92%AD%AEz%A4&peer_id=A2-1-37-0-%D1%2AIX%C4%2F6%C7%CC%E3&uploaded=0&downloaded=0&left=0&compact=1&key=IX%C4%2F6%C7%CC%E3&numwant=50&no_peer_id=1&port=6881&event=started&supportcrypto=1
  -> [HttpSkipResponseCommand.cc:239] errorCode=22 The response status is not successful. status=403
2026-08-15 18:53:04.927070 [ERROR] [AbstractCommand.cc:377] CUID#11428 - Download aborted. URI=http://tracker.tntvillage.scambioetico.org:2710/announce?info_hash=%2A%AF%3B%C1%80%92%280%97%D6%A41_%1D%89%92%AD%AEz%A4&peer_id=A2-1-37-0-%D1%2AIX%C4%2F6%C7%CC%E3&uploaded=0&downloaded=0&left=0&compact=1&key=IX%C4%2F6%C7%CC%E3&numwant=50&no_peer_id=1&port=6881&event=started&supportcrypto=1
Exception: [AbstractCommand.cc:340] errorCode=2 Timeout.
2026-08-15 18:53:41.531861 [ERROR] [AbstractCommand.cc:349] CUID#11512 - Download aborted. URI=http://tracker.openbittorrent.com:80/announce?info_hash=%2A%AF%3B%C1%80%92%280%97%D6%A41_%1D%89%92%AD%AEz%A4&peer_id=A2-1-37-0-%D1%2AIX%C4%2F6%C7%CC%E3&uploaded=0&downloaded=0&left=0&compact=1&key=IX%C4%2F6%C7%CC%E3&numwant=50&no_peer_id=1&port=6881&event=started&supportcrypto=1
Exception: [AbstractCommand.cc:351] errorCode=22 URI=http://tracker.openbittorrent.com:80/announce?info_hash=%2A%AF%3B%C1%80%92%280%97%D6%A41_%1D%89%92%AD%AEz%A4&peer_id=A2-1-37-0-%D1%2AIX%C4%2F6%C7%CC%E3&uploaded=0&downloaded=0&left=0&compact=1&key=IX%C4%2F6%C7%CC%E3&numwant=50&no_peer_id=1&port=6881&event=started&supportcrypto=1
  -> [HttpSkipResponseCommand.cc:239] errorCode=22 The response status is not successful. status=403
2026-08-15 18:58:52.153097 [ERROR] [AbstractCommand.cc:377] CUID#11833 - Download aborted. URI=http://tracker.tntvillage.scambioetico.org:2710/announce?info_hash=%2A%AF%3B%C1%80%92%280%97%D6%A41_%1D%89%92%AD%AEz%A4&peer_id=A2-1-37-0-%D1%2AIX%C4%2F6%C7%CC%E3&uploaded=0&downloaded=0&left=0&compact=1&key=IX%C4%2F6%C7%CC%E3&numwant=50&no_peer_id=1&port=6881&event=started&supportcrypto=1
Exception: [AbstractCommand.cc:340] errorCode=2 Timeout.
2026-08-15 19:03:13.576318 [ERROR] [AbstractCommand.cc:377] CUID#12129 - Download aborted. URI=http://tracker.tntvillage.scambioetico.org:2710/announce?info_hash=%2A%AF%3B%C1%80%92%280%97%D6%A41_%1D%89%92%AD%AEz%A4&peer_id=A2-1-37-0-%D1%2AIX%C4%2F6%C7%CC%E3&uploaded=0&downloaded=0&left=0&compact=1&key=IX%C4%2F6%C7%CC%E3&numwant=50&no_peer_id=1&port=6881&event=started&supportcrypto=1
Exception: [AbstractCommand.cc:340] errorCode=2 Timeout.
2026-08-15 19:04:49.252307 [NOTICE] [SeedCheckCommand.cc:79] Seeding is over.
2026-08-15 19:04:50.796475 [NOTICE] [RequestGroup.cc:1214] Download complete: /downloads/incomplete/The Mentalist (2008) {imdb-tt1196946}
2026-08-15 19:04:50.796522 [NOTICE] [RequestGroup.cc:1228] Your share ratio was 0.0, uploaded/downloaded=0B/24GiB
2026-08-15 19:05:48.312033 [NOTICE] [SaveSessionCommand.cc:81] Serialized session to '/config/aria2.session' successfully.
2026-08-15 19:07:41.111194 [ERROR] [AbstractCommand.cc:377] CUID#12326 - Download aborted. URI=http://tracker.tntvillage.scambioetico.org:2710/announce?info_hash=%2A%AF%3B%C1%80%92%280%97%D6%A41_%1D%89%92%AD%AEz%A4&peer_id=A2-1-37-0-%D1%2AIX%C4%2F6%C7%CC%E3&uploaded=0&downloaded=0&left=0&compact=1&key=IX%C4%2F6%C7%CC%E3&numwant=50&no_peer_id=1&port=6881&event=started&supportcrypto=1
Exception: [AbstractCommand.cc:340] errorCode=2 Timeout.
2026-08-15 19:08:19.310483 [ERROR] [AbstractCommand.cc:349] CUID#12343 - Download aborted. URI=http://tracker.openbittorrent.com:80/announce?info_hash=%2A%AF%3B%C1%80%92%280%97%D6%A41_%1D%89%92%AD%AEz%A4&peer_id=A2-1-37-0-%D1%2AIX%C4%2F6%C7%CC%E3&uploaded=0&downloaded=0&left=0&compact=1&key=IX%C4%2F6%C7%CC%E3&numwant=50&no_peer_id=1&port=6881&event=started&supportcrypto=1
Exception: [AbstractCommand.cc:351] errorCode=22 URI=http://tracker.openbittorrent.com:80/announce?info_hash=%2A%AF%3B%C1%80%92%280%97%D6%A41_%1D%89%92%AD%AEz%A4&peer_id=A2-1-37-0-%D1%2AIX%C4%2F6%C7%CC%E3&uploaded=0&downloaded=0&left=0&compact=1&key=IX%C4%2F6%C7%CC%E3&numwant=50&no_peer_id=1&port=6881&event=started&supportcrypto=1
  -> [HttpSkipResponseCommand.cc:239] errorCode=22 The response status is not successful. status=403
2026-08-15 19:13:18.836792 [ERROR] [AbstractCommand.cc:377] CUID#12362 - Download aborted. URI=http://tracker.tntvillage.scambioetico.org:2710/announce?info_hash=%2A%AF%3B%C1%80%92%280%97%D6%A41_%1D%89%92%AD%AEz%A4&peer_id=A2-1-37-0-%D1%2AIX%C4%2F6%C7%CC%E3&uploaded=0&downloaded=0&left=0&compact=1&key=IX%C4%2F6%C7%CC%E3&numwant=50&no_peer_id=1&port=6881&event=started&supportcrypto=1
Exception: [AbstractCommand.cc:340] errorCode=2 Timeout.
2026-08-15 19:17:52.999114 [ERROR] [AbstractCommand.cc:377] CUID#12381 - Download aborted. URI=http://tracker.tntvillage.scambioetico.org:2710/announce?info_hash=%2A%AF%3B%C1%80%92%280%97%D6%A41_%1D%89%92%AD%AEz%A4&peer_id=A2-1-37-0-%D1%2AIX%C4%2F6%C7%CC%E3&uploaded=0&downloaded=0&left=0&compact=1&key=IX%C4%2F6%C7%CC%E3&numwant=50&no_peer_id=1&port=6881&event=started&supportcrypto=1
Exception: [AbstractCommand.cc:340] errorCode=2 Timeout.
2026-08-15 19:18:30.317652 [ERROR] [AbstractCommand.cc:349] CUID#12393 - Download aborted. URI=http://tracker.openbittorrent.com:80/announce?info_hash=%2A%AF%3B%C1%80%92%280%97%D6%A41_%1D%89%92%AD%AEz%A4&peer_id=A2-1-37-0-%D1%2AIX%C4%2F6%C7%CC%E3&uploaded=0&downloaded=0&left=0&compact=1&key=IX%C4%2F6%C7%CC%E3&numwant=50&no_peer_id=1&port=6881&event=started&supportcrypto=1
Exception: [AbstractCommand.cc:351] errorCode=22 URI=http://tracker.openbittorrent.com:80/announce?info_hash=%2A%AF%3B%C1%80%92%280%97%D6%A41_%1D%89%92%AD%AEz%A4&peer_id=A2-1-37-0-%D1%2AIX%C4%2F6%C7%CC%E3&uploaded=0&downloaded=0&left=0&compact=1&key=IX%C4%2F6%C7%CC%E3&numwant=50&no_peer_id=1&port=6881&event=started&supportcrypto=1
  -> [HttpSkipResponseCommand.cc:239] errorCode=22 The response status is not successful. status=403
2026-08-15 19:23:30.497603 [ERROR] [AbstractCommand.cc:377] CUID#12422 - Download aborted. URI=http://tracker.tntvillage.scambioetico.org:2710/announce?info_hash=%2A%AF%3B%C1%80%92%280%97%D6%A41_%1D%89%92%AD%AEz%A4&peer_id=A2-1-37-0-%D1%2AIX%C4%2F6%C7%CC%E3&uploaded=0&downloaded=0&left=0&compact=1&key=IX%C4%2F6%C7%CC%E3&numwant=50&no_peer_id=1&port=6881&event=started&supportcrypto=1
Exception: [AbstractCommand.cc:340] errorCode=2 Timeout.
2026-08-15 19:27:53.686582 [ERROR] [AbstractCommand.cc:377] CUID#12500 - Download aborted. URI=http://tracker.tntvillage.scambioetico.org:2710/announce?info_hash=%2A%AF%3B%C1%80%92%280%97%D6%A41_%1D%89%92%AD%AEz%A4&peer_id=A2-1-37-0-%D1%2AIX%C4%2F6%C7%CC%E3&uploaded=0&downloaded=0&left=0&compact=1&key=IX%C4%2F6%C7%CC%E3&numwant=50&no_peer_id=1&port=6881&event=started&supportcrypto=1
Exception: [AbstractCommand.cc:340] errorCode=2 Timeout.
2026-08-15 19:32:16.859666 [ERROR] [AbstractCommand.cc:377] CUID#12581 - Download aborted. URI=http://tracker.tntvillage.scambioetico.org:2710/announce?info_hash=%2A%AF%3B%C1%80%92%280%97%D6%A41_%1D%89%92%AD%AEz%A4&peer_id=A2-1-37-0-%D1%2AIX%C4%2F6%C7%CC%E3&uploaded=0&downloaded=0&left=0&compact=1&key=IX%C4%2F6%C7%CC%E3&numwant=50&no_peer_id=1&port=6881&event=started&supportcrypto=1
Exception: [AbstractCommand.cc:340] errorCode=2 Timeout.
2026-08-15 19:32:55.890148 [ERROR] [AbstractCommand.cc:349] CUID#12635 - Download aborted. URI=http://tracker.openbittorrent.com:80/announce?info_hash=%2A%AF%3B%C1%80%92%280%97%D6%A41_%1D%89%92%AD%AEz%A4&peer_id=A2-1-37-0-%D1%2AIX%C4%2F6%C7%CC%E3&uploaded=0&downloaded=0&left=0&compact=1&key=IX%C4%2F6%C7%CC%E3&numwant=50&no_peer_id=1&port=6881&event=started&supportcrypto=1
Exception: [AbstractCommand.cc:351] errorCode=22 URI=http://tracker.openbittorrent.com:80/announce?info_hash=%2A%AF%3B%C1%80%92%280%97%D6%A41_%1D%89%92%AD%AEz%A4&peer_id=A2-1-37-0-%D1%2AIX%C4%2F6%C7%CC%E3&uploaded=0&downloaded=0&left=0&compact=1&key=IX%C4%2F6%C7%CC%E3&numwant=50&no_peer_id=1&port=6881&event=started&supportcrypto=1
  -> [HttpSkipResponseCommand.cc:239] errorCode=22 The response status is not successful. status=403
2026-08-15 19:37:57.078474 [ERROR] [AbstractCommand.cc:377] CUID#12722 - Download aborted. URI=http://tracker.tntvillage.scambioetico.org:2710/announce?info_hash=%2A%AF%3B%C1%80%92%280%97%D6%A41_%1D%89%92%AD%AEz%A4&peer_id=A2-1-37-0-%D1%2AIX%C4%2F6%C7%CC%E3&uploaded=0&downloaded=0&left=0&compact=1&key=IX%C4%2F6%C7%CC%E3&numwant=50&no_peer_id=1&port=6881&event=started&supportcrypto=1
Exception: [AbstractCommand.cc:340] errorCode=2 Timeout.
2026-08-15 19:38:36.110844 [ERROR] [AbstractCommand.cc:349] CUID#12798 - Download aborted. URI=http://tracker.openbittorrent.com:80/announce?info_hash=%2A%AF%3B%C1%80%92%280%97%D6%A41_%1D%89%92%AD%AEz%A4&peer_id=A2-1-37-0-%D1%2AIX%C4%2F6%C7%CC%E3&uploaded=0&downloaded=0&left=0&compact=1&key=IX%C4%2F6%C7%CC%E3&numwant=50&no_peer_id=1&port=6881&event=started&supportcrypto=1
Exception: [AbstractCommand.cc:351] errorCode=22 URI=http://tracker.openbittorrent.com:80/announce?info_hash=%2A%AF%3B%C1%80%92%280%97%D6%A41_%1D%89%92%AD%AEz%A4&peer_id=A2-1-37-0-%D1%2AIX%C4%2F6%C7%CC%E3&uploaded=0&downloaded=0&left=0&compact=1&key=IX%C4%2F6%C7%CC%E3&numwant=50&no_peer_id=1&port=6881&event=started&supportcrypto=1
  -> [HttpSkipResponseCommand.cc:239] errorCode=22 The response status is not successful. status=403
2026-08-15 19:43:39.806469 [ERROR] [AbstractCommand.cc:377] CUID#12879 - Download aborted. URI=http://tracker.tntvillage.scambioetico.org:2710/announce?info_hash=%2A%AF%3B%C1%80%92%280%97%D6%A41_%1D%89%92%AD%AEz%A4&peer_id=A2-1-37-0-%D1%2AIX%C4%2F6%C7%CC%E3&uploaded=0&downloaded=0&left=0&compact=1&key=IX%C4%2F6%C7%CC%E3&numwant=50&no_peer_id=1&port=6881&event=started&supportcrypto=1
Exception: [AbstractCommand.cc:340] errorCode=2 Timeout.
2026-08-15 19:48:02.466533 [ERROR] [AbstractCommand.cc:377] CUID#13007 - Download aborted. URI=http://tracker.tntvillage.scambioetico.org:2710/announce?info_hash=%2A%AF%3B%C1%80%92%280%97%D6%A41_%1D%89%92%AD%AEz%A4&peer_id=A2-1-37-0-%D1%2AIX%C4%2F6%C7%CC%E3&uploaded=0&downloaded=0&left=0&compact=1&key=IX%C4%2F6%C7%CC%E3&numwant=50&no_peer_id=1&port=6881&event=started&supportcrypto=1
Exception: [AbstractCommand.cc:340] errorCode=2 Timeout.
2026-08-15 19:48:41.509003 [ERROR] [AbstractCommand.cc:349] CUID#13098 - Download aborted. URI=http://tracker.openbittorrent.com:80/announce?info_hash=%2A%AF%3B%C1%80%92%280%97%D6%A41_%1D%89%92%AD%AEz%A4&peer_id=A2-1-37-0-%D1%2AIX%C4%2F6%C7%CC%E3&uploaded=0&downloaded=0&left=0&compact=1&key=IX%C4%2F6%C7%CC%E3&numwant=50&no_peer_id=1&port=6881&event=started&supportcrypto=1
Exception: [AbstractCommand.cc:351] errorCode=22 URI=http://tracker.openbittorrent.com:80/announce?info_hash=%2A%AF%3B%C1%80%92%280%97%D6%A41_%1D%89%92%AD%AEz%A4&peer_id=A2-1-37-0-%D1%2AIX%C4%2F6%C7%CC%E3&uploaded=0&downloaded=0&left=0&compact=1&key=IX%C4%2F6%C7%CC%E3&numwant=50&no_peer_id=1&port=6881&event=started&supportcrypto=1
  -> [HttpSkipResponseCommand.cc:239] errorCode=22 The response status is not successful. status=403
2026-08-15 19:53:41.693713 [ERROR] [AbstractCommand.cc:377] CUID#13196 - Download aborted. URI=http://tracker.tntvillage.scambioetico.org:2710/announce?info_hash=%2A%AF%3B%C1%80%92%280%97%D6%A41_%1D%89%92%AD%AEz%A4&peer_id=A2-1-37-0-%D1%2AIX%C4%2F6%C7%CC%E3&uploaded=0&downloaded=0&left=0&compact=1&key=IX%C4%2F6%C7%CC%E3&numwant=50&no_peer_id=1&port=6881&event=started&supportcrypto=1
Exception: [AbstractCommand.cc:340] errorCode=2 Timeout.
2026-08-15 19:54:21.727502 [ERROR] [AbstractCommand.cc:349] CUID#13287 - Download aborted. URI=http://tracker.openbittorrent.com:80/announce?info_hash=%2A%AF%3B%C1%80%92%280%97%D6%A41_%1D%89%92%AD%AEz%A4&peer_id=A2-1-37-0-%D1%2AIX%C4%2F6%C7%CC%E3&uploaded=0&downloaded=0&left=0&compact=1&key=IX%C4%2F6%C7%CC%E3&numwant=50&no_peer_id=1&port=6881&event=started&supportcrypto=1
Exception: [AbstractCommand.cc:351] errorCode=22 URI=http://tracker.openbittorrent.com:80/announce?info_hash=%2A%AF%3B%C1%80%92%280%97%D6%A41_%1D%89%92%AD%AEz%A4&peer_id=A2-1-37-0-%D1%2AIX%C4%2F6%C7%CC%E3&uploaded=0&downloaded=0&left=0&compact=1&key=IX%C4%2F6%C7%CC%E3&numwant=50&no_peer_id=1&port=6881&event=started&supportcrypto=1
  -> [HttpSkipResponseCommand.cc:239] errorCode=22 The response status is not successful. status=403
2026-08-15 19:59:22.917988 [ERROR] [AbstractCommand.cc:377] CUID#13399 - Download aborted. URI=http://tracker.tntvillage.scambioetico.org:2710/announce?info_hash=%2A%AF%3B%C1%80%92%280%97%D6%A41_%1D%89%92%AD%AEz%A4&peer_id=A2-1-37-0-%D1%2AIX%C4%2F6%C7%CC%E3&uploaded=0&downloaded=0&left=0&compact=1&key=IX%C4%2F6%C7%CC%E3&numwant=50&no_peer_id=1&port=6881&event=started&supportcrypto=1
Exception: [AbstractCommand.cc:340] errorCode=2 Timeout.
2026-08-15 20:03:50.267357 [ERROR] [AbstractCommand.cc:377] CUID#13534 - Download aborted. URI=http://tracker.tntvillage.scambioetico.org:2710/announce?info_hash=%2A%AF%3B%C1%80%92%280%97%D6%A41_%1D%89%92%AD%AEz%A4&peer_id=A2-1-37-0-%D1%2AIX%C4%2F6%C7%CC%E3&uploaded=0&downloaded=0&left=0&compact=1&key=IX%C4%2F6%C7%CC%E3&numwant=50&no_peer_id=1&port=6881&event=started&supportcrypto=1
Exception: [AbstractCommand.cc:340] errorCode=2 Timeout.
2026-08-15 20:04:30.852915 [ERROR] [AbstractCommand.cc:349] CUID#13627 - Download aborted. URI=http://tracker.openbittorrent.com:80/announce?info_hash=%2A%AF%3B%C1%80%92%280%97%D6%A41_%1D%89%92%AD%AEz%A4&peer_id=A2-1-37-0-%D1%2AIX%C4%2F6%C7%CC%E3&uploaded=0&downloaded=0&left=0&compact=1&key=IX%C4%2F6%C7%CC%E3&numwant=50&no_peer_id=1&port=6881&event=started&supportcrypto=1
Exception: [AbstractCommand.cc:351] errorCode=22 URI=http://tracker.openbittorrent.com:80/announce?info_hash=%2A%AF%3B%C1%80%92%280%97%D6%A41_%1D%89%92%AD%AEz%A4&peer_id=A2-1-37-0-%D1%2AIX%C4%2F6%C7%CC%E3&uploaded=0&downloaded=0&left=0&compact=1&key=IX%C4%2F6%C7%CC%E3&numwant=50&no_peer_id=1&port=6881&event=started&supportcrypto=1
  -> [HttpSkipResponseCommand.cc:239] errorCode=22 The response status is not successful. status=403
2026-08-15 20:09:32.310322 [ERROR] [AbstractCommand.cc:377] CUID#13682 - Download aborted. URI=http://tracker.tntvillage.scambioetico.org:2710/announce?info_hash=%2A%AF%3B%C1%80%92%280%97%D6%A41_%1D%89%92%AD%AEz%A4&peer_id=A2-1-37-0-%D1%2AIX%C4%2F6%C7%CC%E3&uploaded=0&downloaded=0&left=0&compact=1&key=IX%C4%2F6%C7%CC%E3&numwant=50&no_peer_id=1&port=6881&event=started&supportcrypto=1
Exception: [AbstractCommand.cc:340] errorCode=2 Timeout.
2026-08-15 20:13:54.489875 [ERROR] [AbstractCommand.cc:377] CUID#13759 - Download aborted. URI=http://tracker.tntvillage.scambioetico.org:2710/announce?info_hash=%2A%AF%3B%C1%80%92%280%97%D6%A41_%1D%89%92%AD%AEz%A4&peer_id=A2-1-37-0-%D1%2AIX%C4%2F6%C7%CC%E3&uploaded=0&downloaded=0&left=0&compact=1&key=IX%C4%2F6%C7%CC%E3&numwant=50&no_peer_id=1&port=6881&event=started&supportcrypto=1
Exception: [AbstractCommand.cc:340] errorCode=2 Timeout.
2026-08-15 20:18:20.665816 [ERROR] [AbstractCommand.cc:377] CUID#13838 - Download aborted. URI=http://tracker.tntvillage.scambioetico.org:2710/announce?info_hash=%2A%AF%3B%C1%80%92%280%97%D6%A41_%1D%89%92%AD%AEz%A4&peer_id=A2-1-37-0-%D1%2AIX%C4%2F6%C7%CC%E3&uploaded=0&downloaded=0&left=0&compact=1&key=IX%C4%2F6%C7%CC%E3&numwant=50&no_peer_id=1&port=6881&event=started&supportcrypto=1
Exception: [AbstractCommand.cc:340] errorCode=2 Timeout.
2026-08-15 20:18:58.697781 [ERROR] [AbstractCommand.cc:349] CUID#13881 - Download aborted. URI=http://tracker.openbittorrent.com:80/announce?info_hash=%2A%AF%3B%C1%80%92%280%97%D6%A41_%1D%89%92%AD%AEz%A4&peer_id=A2-1-37-0-%D1%2AIX%C4%2F6%C7%CC%E3&uploaded=0&downloaded=0&left=0&compact=1&key=IX%C4%2F6%C7%CC%E3&numwant=50&no_peer_id=1&port=6881&event=started&supportcrypto=1
Exception: [AbstractCommand.cc:351] errorCode=22 URI=http://tracker.openbittorrent.com:80/announce?info_hash=%2A%AF%3B%C1%80%92%280%97%D6%A41_%1D%89%92%AD%AEz%A4&peer_id=A2-1-37-0-%D1%2AIX%C4%2F6%C7%CC%E3&uploaded=0&downloaded=0&left=0&compact=1&key=IX%C4%2F6%C7%CC%E3&numwant=50&no_peer_id=1&port=6881&event=started&supportcrypto=1
  -> [HttpSkipResponseCommand.cc:239] errorCode=22 The response status is not successful. status=403
2026-08-15 20:24:00.884928 [ERROR] [AbstractCommand.cc:377] CUID#13929 - Download aborted. URI=http://tracker.tntvillage.scambioetico.org:2710/announce?info_hash=%2A%AF%3B%C1%80%92%280%97%D6%A41_%1D%89%92%AD%AEz%A4&peer_id=A2-1-37-0-%D1%2AIX%C4%2F6%C7%CC%E3&uploaded=0&downloaded=0&left=0&compact=1&key=IX%C4%2F6%C7%CC%E3&numwant=50&no_peer_id=1&port=6881&event=started&supportcrypto=1
Exception: [AbstractCommand.cc:340] errorCode=2 Timeout.
2026-08-15 20:24:38.916920 [ERROR] [AbstractCommand.cc:349] CUID#13965 - Download aborted. URI=http://tracker.openbittorrent.com:80/announce?info_hash=%2A%AF%3B%C1%80%92%280%97%D6%A41_%1D%89%92%AD%AEz%A4&peer_id=A2-1-37-0-%D1%2AIX%C4%2F6%C7%CC%E3&uploaded=0&downloaded=0&left=0&compact=1&key=IX%C4%2F6%C7%CC%E3&numwant=50&no_peer_id=1&port=6881&event=started&supportcrypto=1
Exception: [AbstractCommand.cc:351] errorCode=22 URI=http://tracker.openbittorrent.com:80/announce?info_hash=%2A%AF%3B%C1%80%92%280%97%D6%A41_%1D%89%92%AD%AEz%A4&peer_id=A2-1-37-0-%D1%2AIX%C4%2F6%C7%CC%E3&uploaded=0&downloaded=0&left=0&compact=1&key=IX%C4%2F6%C7%CC%E3&numwant=50&no_peer_id=1&port=6881&event=started&supportcrypto=1
  -> [HttpSkipResponseCommand.cc:239] errorCode=22 The response status is not successful. status=403
2026-08-15 20:29:41.107731 [ERROR] [AbstractCommand.cc:377] CUID#14009 - Download aborted. URI=http://tracker.tntvillage.scambioetico.org:2710/announce?info_hash=%2A%AF%3B%C1%80%92%280%97%D6%A41_%1D%89%92%AD%AEz%A4&peer_id=A2-1-37-0-%D1%2AIX%C4%2F6%C7%CC%E3&uploaded=0&downloaded=0&left=0&compact=1&key=IX%C4%2F6%C7%CC%E3&numwant=50&no_peer_id=1&port=6881&event=started&supportcrypto=1
Exception: [AbstractCommand.cc:340] errorCode=2 Timeout.
2026-08-15 20:30:21.141068 [ERROR] [AbstractCommand.cc:349] CUID#14045 - Download aborted. URI=http://tracker.openbittorrent.com:80/announce?info_hash=%2A%AF%3B%C1%80%92%280%97%D6%A41_%1D%89%92%AD%AEz%A4&peer_id=A2-1-37-0-%D1%2AIX%C4%2F6%C7%CC%E3&uploaded=0&downloaded=0&left=0&compact=1&key=IX%C4%2F6%C7%CC%E3&numwant=50&no_peer_id=1&port=6881&event=started&supportcrypto=1
Exception: [AbstractCommand.cc:351] errorCode=22 URI=http://tracker.openbittorrent.com:80/announce?info_hash=%2A%AF%3B%C1%80%92%280%97%D6%A41_%1D%89%92%AD%AEz%A4&peer_id=A2-1-37-0-%D1%2AIX%C4%2F6%C7%CC%E3&uploaded=0&downloaded=0&left=0&compact=1&key=IX%C4%2F6%C7%CC%E3&numwant=50&no_peer_id=1&port=6881&event=started&supportcrypto=1
  -> [HttpSkipResponseCommand.cc:239] errorCode=22 The response status is not successful. status=403
2026-08-15 20:35:24.334231 [ERROR] [AbstractCommand.cc:377] CUID#14090 - Download aborted. URI=http://tracker.tntvillage.scambioetico.org:2710/announce?info_hash=%2A%AF%3B%C1%80%92%280%97%D6%A41_%1D%89%92%AD%AEz%A4&peer_id=A2-1-37-0-%D1%2AIX%C4%2F6%C7%CC%E3&uploaded=0&downloaded=0&left=0&compact=1&key=IX%C4%2F6%C7%CC%E3&numwant=50&no_peer_id=1&port=6881&event=started&supportcrypto=1
Exception: [AbstractCommand.cc:340] errorCode=2 Timeout.
2026-08-15 20:39:51.508474 [ERROR] [AbstractCommand.cc:377] CUID#14151 - Download aborted. URI=http://tracker.tntvillage.scambioetico.org:2710/announce?info_hash=%2A%AF%3B%C1%80%92%280%97%D6%A41_%1D%89%92%AD%AEz%A4&peer_id=A2-1-37-0-%D1%2AIX%C4%2F6%C7%CC%E3&uploaded=0&downloaded=0&left=0&compact=1&key=IX%C4%2F6%C7%CC%E3&numwant=50&no_peer_id=1&port=6881&event=started&supportcrypto=1
Exception: [AbstractCommand.cc:340] errorCode=2 Timeout.
2026-08-15 20:40:35.544292 [ERROR] [AbstractCommand.cc:349] CUID#14189 - Download aborted. URI=http://tracker.openbittorrent.com:80/announce?info_hash=%2A%AF%3B%C1%80%92%280%97%D6%A41_%1D%89%92%AD%AEz%A4&peer_id=A2-1-37-0-%D1%2AIX%C4%2F6%C7%CC%E3&uploaded=0&downloaded=0&left=0&compact=1&key=IX%C4%2F6%C7%CC%E3&numwant=50&no_peer_id=1&port=6881&event=started&supportcrypto=1
Exception: [AbstractCommand.cc:351] errorCode=22 URI=http://tracker.openbittorrent.com:80/announce?info_hash=%2A%AF%3B%C1%80%92%280%97%D6%A41_%1D%89%92%AD%AEz%A4&peer_id=A2-1-37-0-%D1%2AIX%C4%2F6%C7%CC%E3&uploaded=0&downloaded=0&left=0&compact=1&key=IX%C4%2F6%C7%CC%E3&numwant=50&no_peer_id=1&port=6881&event=started&supportcrypto=1
  -> [HttpSkipResponseCommand.cc:239] errorCode=22 The response status is not successful. status=403
2026-08-15 20:45:36.729979 [ERROR] [AbstractCommand.cc:377] CUID#14233 - Download aborted. URI=http://tracker.tntvillage.scambioetico.org:2710/announce?info_hash=%2A%AF%3B%C1%80%92%280%97%D6%A41_%1D%89%92%AD%AEz%A4&peer_id=A2-1-37-0-%D1%2AIX%C4%2F6%C7%CC%E3&uploaded=0&downloaded=0&left=0&compact=1&key=IX%C4%2F6%C7%CC%E3&numwant=50&no_peer_id=1&port=6881&event=started&supportcrypto=1
Exception: [AbstractCommand.cc:340] errorCode=2 Timeout.
2026-08-15 20:46:16.358675 [ERROR] [AbstractCommand.cc:349] CUID#14271 - Download aborted. URI=http://tracker.openbittorrent.com:80/announce?info_hash=%2A%AF%3B%C1%80%92%280%97%D6%A41_%1D%89%92%AD%AEz%A4&peer_id=A2-1-37-0-%D1%2AIX%C4%2F6%C7%CC%E3&uploaded=0&downloaded=0&left=0&compact=1&key=IX%C4%2F6%C7%CC%E3&numwant=50&no_peer_id=1&port=6881&event=started&supportcrypto=1
Exception: [AbstractCommand.cc:351] errorCode=22 URI=http://tracker.openbittorrent.com:80/announce?info_hash=%2A%AF%3B%C1%80%92%280%97%D6%A41_%1D%89%92%AD%AEz%A4&peer_id=A2-1-37-0-%D1%2AIX%C4%2F6%C7%CC%E3&uploaded=0&downloaded=0&left=0&compact=1&key=IX%C4%2F6%C7%CC%E3&numwant=50&no_peer_id=1&port=6881&event=started&supportcrypto=1
  -> [HttpSkipResponseCommand.cc:239] errorCode=22 The response status is not successful. status=403
2026-08-15 20:51:18.403070 [ERROR] [AbstractCommand.cc:377] CUID#14325 - Download aborted. URI=http://tracker.tntvillage.scambioetico.org:2710/announce?info_hash=%2A%AF%3B%C1%80%92%280%97%D6%A41_%1D%89%92%AD%AEz%A4&peer_id=A2-1-37-0-%D1%2AIX%C4%2F6%C7%CC%E3&uploaded=0&downloaded=0&left=0&compact=1&key=IX%C4%2F6%C7%CC%E3&numwant=50&no_peer_id=1&port=6881&event=started&supportcrypto=1
Exception: [AbstractCommand.cc:340] errorCode=2 Timeout.
2026-08-15 20:51:57.989017 [ERROR] [AbstractCommand.cc:349] CUID#14370 - Download aborted. URI=http://tracker.openbittorrent.com:80/announce?info_hash=%2A%AF%3B%C1%80%92%280%97%D6%A41_%1D%89%92%AD%AEz%A4&peer_id=A2-1-37-0-%D1%2AIX%C4%2F6%C7%CC%E3&uploaded=0&downloaded=0&left=0&compact=1&key=IX%C4%2F6%C7%CC%E3&numwant=50&no_peer_id=1&port=6881&event=started&supportcrypto=1
Exception: [AbstractCommand.cc:351] errorCode=22 URI=http://tracker.openbittorrent.com:80/announce?info_hash=%2A%AF%3B%C1%80%92%280%97%D6%A41_%1D%89%92%AD%AEz%A4&peer_id=A2-1-37-0-%D1%2AIX%C4%2F6%C7%CC%E3&uploaded=0&downloaded=0&left=0&compact=1&key=IX%C4%2F6%C7%CC%E3&numwant=50&no_peer_id=1&port=6881&event=started&supportcrypto=1
  -> [HttpSkipResponseCommand.cc:239] errorCode=22 The response status is not successful. status=403
2026-08-15 20:57:01.000970 [ERROR] [AbstractCommand.cc:377] CUID#14427 - Download aborted. URI=http://tracker.tntvillage.scambioetico.org:2710/announce?info_hash=%2A%AF%3B%C1%80%92%280%97%D6%A41_%1D%89%92%AD%AEz%A4&peer_id=A2-1-37-0-%D1%2AIX%C4%2F6%C7%CC%E3&uploaded=0&downloaded=0&left=0&compact=1&key=IX%C4%2F6%C7%CC%E3&numwant=50&no_peer_id=1&port=6881&event=started&supportcrypto=1
Exception: [AbstractCommand.cc:340] errorCode=2 Timeout.
2026-08-15 21:01:28.358531 [ERROR] [AbstractCommand.cc:377] CUID#14506 - Download aborted. URI=http://tracker.tntvillage.scambioetico.org:2710/announce?info_hash=%2A%AF%3B%C1%80%92%280%97%D6%A41_%1D%89%92%AD%AEz%A4&peer_id=A2-1-37-0-%D1%2AIX%C4%2F6%C7%CC%E3&uploaded=0&downloaded=0&left=0&compact=1&key=IX%C4%2F6%C7%CC%E3&numwant=50&no_peer_id=1&port=6881&event=started&supportcrypto=1
Exception: [AbstractCommand.cc:340] errorCode=2 Timeout.
2026-08-15 21:02:07.390733 [ERROR] [AbstractCommand.cc:349] CUID#14557 - Download aborted. URI=http://tracker.openbittorrent.com:80/announce?info_hash=%2A%AF%3B%C1%80%92%280%97%D6%A41_%1D%89%92%AD%AEz%A4&peer_id=A2-1-37-0-%D1%2AIX%C4%2F6%C7%CC%E3&uploaded=0&downloaded=0&left=0&compact=1&key=IX%C4%2F6%C7%CC%E3&numwant=50&no_peer_id=1&port=6881&event=started&supportcrypto=1
Exception: [AbstractCommand.cc:351] errorCode=22 URI=http://tracker.openbittorrent.com:80/announce?info_hash=%2A%AF%3B%C1%80%92%280%97%D6%A41_%1D%89%92%AD%AEz%A4&peer_id=A2-1-37-0-%D1%2AIX%C4%2F6%C7%CC%E3&uploaded=0&downloaded=0&left=0&compact=1&key=IX%C4%2F6%C7%CC%E3&numwant=50&no_peer_id=1&port=6881&event=started&supportcrypto=1
  -> [HttpSkipResponseCommand.cc:239] errorCode=22 The response status is not successful. status=403
2026-08-15 21:07:08.575978 [ERROR] [AbstractCommand.cc:377] CUID#14631 - Download aborted. URI=http://tracker.tntvillage.scambioetico.org:2710/announce?info_hash=%2A%AF%3B%C1%80%92%280%97%D6%A41_%1D%89%92%AD%AEz%A4&peer_id=A2-1-37-0-%D1%2AIX%C4%2F6%C7%CC%E3&uploaded=0&downloaded=0&left=0&compact=1&key=IX%C4%2F6%C7%CC%E3&numwant=50&no_peer_id=1&port=6881&event=started&supportcrypto=1
Exception: [AbstractCommand.cc:340] errorCode=2 Timeout.
2026-08-15 21:07:48.609155 [ERROR] [AbstractCommand.cc:349] CUID#14678 - Download aborted. URI=http://tracker.openbittorrent.com:80/announce?info_hash=%2A%AF%3B%C1%80%92%280%97%D6%A41_%1D%89%92%AD%AEz%A4&peer_id=A2-1-37-0-%D1%2AIX%C4%2F6%C7%CC%E3&uploaded=0&downloaded=0&left=0&compact=1&key=IX%C4%2F6%C7%CC%E3&numwant=50&no_peer_id=1&port=6881&event=started&supportcrypto=1
Exception: [AbstractCommand.cc:351] errorCode=22 URI=http://tracker.openbittorrent.com:80/announce?info_hash=%2A%AF%3B%C1%80%92%280%97%D6%A41_%1D%89%92%AD%AEz%A4&peer_id=A2-1-37-0-%D1%2AIX%C4%2F6%C7%CC%E3&uploaded=0&downloaded=0&left=0&compact=1&key=IX%C4%2F6%C7%CC%E3&numwant=50&no_peer_id=1&port=6881&event=started&supportcrypto=1
  -> [HttpSkipResponseCommand.cc:239] errorCode=22 The response status is not successful. status=403
2026-08-15 21:12:49.851609 [ERROR] [AbstractCommand.cc:377] CUID#14747 - Download aborted. URI=http://tracker.tntvillage.scambioetico.org:2710/announce?info_hash=%2A%AF%3B%C1%80%92%280%97%D6%A41_%1D%89%92%AD%AEz%A4&peer_id=A2-1-37-0-%D1%2AIX%C4%2F6%C7%CC%E3&uploaded=0&downloaded=0&left=0&compact=1&key=IX%C4%2F6%C7%CC%E3&numwant=50&no_peer_id=1&port=6881&event=started&supportcrypto=1
Exception: [AbstractCommand.cc:340] errorCode=2 Timeout.
2026-08-15 21:13:28.828872 [ERROR] [AbstractCommand.cc:349] CUID#14803 - Download aborted. URI=http://tracker.openbittorrent.com:80/announce?info_hash=%2A%AF%3B%C1%80%92%280%97%D6%A41_%1D%89%92%AD%AEz%A4&peer_id=A2-1-37-0-%D1%2AIX%C4%2F6%C7%CC%E3&uploaded=0&downloaded=0&left=0&compact=1&key=IX%C4%2F6%C7%CC%E3&numwant=50&no_peer_id=1&port=6881&event=started&supportcrypto=1
Exception: [AbstractCommand.cc:351] errorCode=22 URI=http://tracker.openbittorrent.com:80/announce?info_hash=%2A%AF%3B%C1%80%92%280%97%D6%A41_%1D%89%92%AD%AEz%A4&peer_id=A2-1-37-0-%D1%2AIX%C4%2F6%C7%CC%E3&uploaded=0&downloaded=0&left=0&compact=1&key=IX%C4%2F6%C7%CC%E3&numwant=50&no_peer_id=1&port=6881&event=started&supportcrypto=1
  -> [HttpSkipResponseCommand.cc:239] errorCode=22 The response status is not successful. status=403
2026-08-15 21:18:31.447122 [ERROR] [AbstractCommand.cc:377] CUID#14870 - Download aborted. URI=http://tracker.tntvillage.scambioetico.org:2710/announce?info_hash=%2A%AF%3B%C1%80%92%280%97%D6%A41_%1D%89%92%AD%AEz%A4&peer_id=A2-1-37-0-%D1%2AIX%C4%2F6%C7%CC%E3&uploaded=0&downloaded=0&left=0&compact=1&key=IX%C4%2F6%C7%CC%E3&numwant=50&no_peer_id=1&port=6881&event=started&supportcrypto=1
Exception: [AbstractCommand.cc:340] errorCode=2 Timeout.
2026-08-15 21:19:16.060139 [ERROR] [AbstractCommand.cc:349] CUID#14940 - Download aborted. URI=http://tracker.openbittorrent.com:80/announce?info_hash=%2A%AF%3B%C1%80%92%280%97%D6%A41_%1D%89%92%AD%AEz%A4&peer_id=A2-1-37-0-%D1%2AIX%C4%2F6%C7%CC%E3&uploaded=0&downloaded=0&left=0&compact=1&key=IX%C4%2F6%C7%CC%E3&numwant=50&no_peer_id=1&port=6881&event=started&supportcrypto=1
Exception: [AbstractCommand.cc:351] errorCode=22 URI=http://tracker.openbittorrent.com:80/announce?info_hash=%2A%AF%3B%C1%80%92%280%97%D6%A41_%1D%89%92%AD%AEz%A4&peer_id=A2-1-37-0-%D1%2AIX%C4%2F6%C7%CC%E3&uploaded=0&downloaded=0&left=0&compact=1&key=IX%C4%2F6%C7%CC%E3&numwant=50&no_peer_id=1&port=6881&event=started&supportcrypto=1
  -> [HttpSkipResponseCommand.cc:239] errorCode=22 The response status is not successful. status=403
2026-08-15 21:24:16.245890 [ERROR] [AbstractCommand.cc:377] CUID#15005 - Download aborted. URI=http://tracker.tntvillage.scambioetico.org:2710/announce?info_hash=%2A%AF%3B%C1%80%92%280%97%D6%A41_%1D%89%92%AD%AEz%A4&peer_id=A2-1-37-0-%D1%2AIX%C4%2F6%C7%CC%E3&uploaded=0&downloaded=0&left=0&compact=1&key=IX%C4%2F6%C7%CC%E3&numwant=50&no_peer_id=1&port=6881&event=started&supportcrypto=1
Exception: [AbstractCommand.cc:340] errorCode=2 Timeout.
2026-08-15 21:24:55.281456 [ERROR] [AbstractCommand.cc:349] CUID#15055 - Download aborted. URI=http://tracker.openbittorrent.com:80/announce?info_hash=%2A%AF%3B%C1%80%92%280%97%D6%A41_%1D%89%92%AD%AEz%A4&peer_id=A2-1-37-0-%D1%2AIX%C4%2F6%C7%CC%E3&uploaded=0&downloaded=0&left=0&compact=1&key=IX%C4%2F6%C7%CC%E3&numwant=50&no_peer_id=1&port=6881&event=started&supportcrypto=1
Exception: [AbstractCommand.cc:351] errorCode=22 URI=http://tracker.openbittorrent.com:80/announce?info_hash=%2A%AF%3B%C1%80%92%280%97%D6%A41_%1D%89%92%AD%AEz%A4&peer_id=A2-1-37-0-%D1%2AIX%C4%2F6%C7%CC%E3&uploaded=0&downloaded=0&left=0&compact=1&key=IX%C4%2F6%C7%CC%E3&numwant=50&no_peer_id=1&port=6881&event=started&supportcrypto=1
  -> [HttpSkipResponseCommand.cc:239] errorCode=22 The response status is not successful. status=403
2026-08-15 21:29:55.468151 [ERROR] [AbstractCommand.cc:377] CUID#15118 - Download aborted. URI=http://tracker.tntvillage.scambioetico.org:2710/announce?info_hash=%2A%AF%3B%C1%80%92%280%97%D6%A41_%1D%89%92%AD%AEz%A4&peer_id=A2-1-37-0-%D1%2AIX%C4%2F6%C7%CC%E3&uploaded=0&downloaded=0&left=0&compact=1&key=IX%C4%2F6%C7%CC%E3&numwant=50&no_peer_id=1&port=6881&event=started&supportcrypto=1
Exception: [AbstractCommand.cc:340] errorCode=2 Timeout.
2026-08-15 21:34:28.646527 [ERROR] [AbstractCommand.cc:377] CUID#15209 - Download aborted. URI=http://tracker.tntvillage.scambioetico.org:2710/announce?info_hash=%2A%AF%3B%C1%80%92%280%97%D6%A41_%1D%89%92%AD%AEz%A4&peer_id=A2-1-37-0-%D1%2AIX%C4%2F6%C7%CC%E3&uploaded=0&downloaded=0&left=0&compact=1&key=IX%C4%2F6%C7%CC%E3&numwant=50&no_peer_id=1&port=6881&event=started&supportcrypto=1
Exception: [AbstractCommand.cc:340] errorCode=2 Timeout.
2026-08-15 21:35:13.684872 [ERROR] [AbstractCommand.cc:349] CUID#15259 - Download aborted. URI=http://tracker.openbittorrent.com:80/announce?info_hash=%2A%AF%3B%C1%80%92%280%97%D6%A41_%1D%89%92%AD%AEz%A4&peer_id=A2-1-37-0-%D1%2AIX%C4%2F6%C7%CC%E3&uploaded=0&downloaded=0&left=0&compact=1&key=IX%C4%2F6%C7%CC%E3&numwant=50&no_peer_id=1&port=6881&event=started&supportcrypto=1
Exception: [AbstractCommand.cc:351] errorCode=22 URI=http://tracker.openbittorrent.com:80/announce?info_hash=%2A%AF%3B%C1%80%92%280%97%D6%A41_%1D%89%92%AD%AEz%A4&peer_id=A2-1-37-0-%D1%2AIX%C4%2F6%C7%CC%E3&uploaded=0&downloaded=0&left=0&compact=1&key=IX%C4%2F6%C7%CC%E3&numwant=50&no_peer_id=1&port=6881&event=started&supportcrypto=1
  -> [HttpSkipResponseCommand.cc:239] errorCode=22 The response status is not successful. status=403
2026-08-15 21:40:15.879802 [ERROR] [AbstractCommand.cc:377] CUID#15321 - Download aborted. URI=http://tracker.tntvillage.scambioetico.org:2710/announce?info_hash=%2A%AF%3B%C1%80%92%280%97%D6%A41_%1D%89%92%AD%AEz%A4&peer_id=A2-1-37-0-%D1%2AIX%C4%2F6%C7%CC%E3&uploaded=0&downloaded=0&left=0&compact=1&key=IX%C4%2F6%C7%CC%E3&numwant=50&no_peer_id=1&port=6881&event=started&supportcrypto=1
Exception: [AbstractCommand.cc:340] errorCode=2 Timeout.
2026-08-15 21:44:38.054486 [ERROR] [AbstractCommand.cc:377] CUID#15401 - Download aborted. URI=http://tracker.tntvillage.scambioetico.org:2710/announce?info_hash=%2A%AF%3B%C1%80%92%280%97%D6%A41_%1D%89%92%AD%AEz%A4&peer_id=A2-1-37-0-%D1%2AIX%C4%2F6%C7%CC%E3&uploaded=0&downloaded=0&left=0&compact=1&key=IX%C4%2F6%C7%CC%E3&numwant=50&no_peer_id=1&port=6881&event=started&supportcrypto=1
Exception: [AbstractCommand.cc:340] errorCode=2 Timeout.
2026-08-15 21:45:17.084010 [ERROR] [AbstractCommand.cc:349] CUID#15448 - Download aborted. URI=http://tracker.openbittorrent.com:80/announce?info_hash=%2A%AF%3B%C1%80%92%280%97%D6%A41_%1D%89%92%AD%AEz%A4&peer_id=A2-1-37-0-%D1%2AIX%C4%2F6%C7%CC%E3&uploaded=0&downloaded=0&left=0&compact=1&key=IX%C4%2F6%C7%CC%E3&numwant=50&no_peer_id=1&port=6881&event=started&supportcrypto=1
Exception: [AbstractCommand.cc:351] errorCode=22 URI=http://tracker.openbittorrent.com:80/announce?info_hash=%2A%AF%3B%C1%80%92%280%97%D6%A41_%1D%89%92%AD%AEz%A4&peer_id=A2-1-37-0-%D1%2AIX%C4%2F6%C7%CC%E3&uploaded=0&downloaded=0&left=0&compact=1&key=IX%C4%2F6%C7%CC%E3&numwant=50&no_peer_id=1&port=6881&event=started&supportcrypto=1
  -> [HttpSkipResponseCommand.cc:239] errorCode=22 The response status is not successful. status=403
2026-08-15 21:50:18.273401 [ERROR] [AbstractCommand.cc:377] CUID#15505 - Download aborted. URI=http://tracker.tntvillage.scambioetico.org:2710/announce?info_hash=%2A%AF%3B%C1%80%92%280%97%D6%A41_%1D%89%92%AD%AEz%A4&peer_id=A2-1-37-0-%D1%2AIX%C4%2F6%C7%CC%E3&uploaded=0&downloaded=0&left=0&compact=1&key=IX%C4%2F6%C7%CC%E3&numwant=50&no_peer_id=1&port=6881&event=started&supportcrypto=1
Exception: [AbstractCommand.cc:340] errorCode=2 Timeout.
2026-08-15 21:50:57.304445 [ERROR] [AbstractCommand.cc:349] CUID#15556 - Download aborted. URI=http://tracker.openbittorrent.com:80/announce?info_hash=%2A%AF%3B%C1%80%92%280%97%D6%A41_%1D%89%92%AD%AEz%A4&peer_id=A2-1-37-0-%D1%2AIX%C4%2F6%C7%CC%E3&uploaded=0&downloaded=0&left=0&compact=1&key=IX%C4%2F6%C7%CC%E3&numwant=50&no_peer_id=1&port=6881&event=started&supportcrypto=1
Exception: [AbstractCommand.cc:351] errorCode=22 URI=http://tracker.openbittorrent.com:80/announce?info_hash=%2A%AF%3B%C1%80%92%280%97%D6%A41_%1D%89%92%AD%AEz%A4&peer_id=A2-1-37-0-%D1%2AIX%C4%2F6%C7%CC%E3&uploaded=0&downloaded=0&left=0&compact=1&key=IX%C4%2F6%C7%CC%E3&numwant=50&no_peer_id=1&port=6881&event=started&supportcrypto=1
  -> [HttpSkipResponseCommand.cc:239] errorCode=22 The response status is not successful. status=403
2026-08-15 21:56:00.515170 [ERROR] [AbstractCommand.cc:377] CUID#15616 - Download aborted. URI=http://tracker.tntvillage.scambioetico.org:2710/announce?info_hash=%2A%AF%3B%C1%80%92%280%97%D6%A41_%1D%89%92%AD%AEz%A4&peer_id=A2-1-37-0-%D1%2AIX%C4%2F6%C7%CC%E3&uploaded=0&downloaded=0&left=0&compact=1&key=IX%C4%2F6%C7%CC%E3&numwant=50&no_peer_id=1&port=6881&event=started&supportcrypto=1
Exception: [AbstractCommand.cc:340] errorCode=2 Timeout.
2026-08-15 21:56:39.689619 [ERROR] [AbstractCommand.cc:349] CUID#15663 - Download aborted. URI=http://tracker.openbittorrent.com:80/announce?info_hash=%2A%AF%3B%C1%80%92%280%97%D6%A41_%1D%89%92%AD%AEz%A4&peer_id=A2-1-37-0-%D1%2AIX%C4%2F6%C7%CC%E3&uploaded=0&downloaded=0&left=0&compact=1&key=IX%C4%2F6%C7%CC%E3&numwant=50&no_peer_id=1&port=6881&event=started&supportcrypto=1
Exception: [AbstractCommand.cc:351] errorCode=22 URI=http://tracker.openbittorrent.com:80/announce?info_hash=%2A%AF%3B%C1%80%92%280%97%D6%A41_%1D%89%92%AD%AEz%A4&peer_id=A2-1-37-0-%D1%2AIX%C4%2F6%C7%CC%E3&uploaded=0&downloaded=0&left=0&compact=1&key=IX%C4%2F6%C7%CC%E3&numwant=50&no_peer_id=1&port=6881&event=started&supportcrypto=1
  -> [HttpSkipResponseCommand.cc:239] errorCode=22 The response status is not successful. status=403
2026-08-15 22:01:42.960466 [ERROR] [AbstractCommand.cc:377] CUID#15718 - Download aborted. URI=http://tracker.tntvillage.scambioetico.org:2710/announce?info_hash=%2A%AF%3B%C1%80%92%280%97%D6%A41_%1D%89%92%AD%AEz%A4&peer_id=A2-1-37-0-%D1%2AIX%C4%2F6%C7%CC%E3&uploaded=0&downloaded=0&left=0&compact=1&key=IX%C4%2F6%C7%CC%E3&numwant=50&no_peer_id=1&port=6881&event=started&supportcrypto=1
Exception: [AbstractCommand.cc:340] errorCode=2 Timeout.
2026-08-15 22:06:06.912903 [ERROR] [AbstractCommand.cc:377] CUID#15814 - Download aborted. URI=http://tracker.tntvillage.scambioetico.org:2710/announce?info_hash=%2A%AF%3B%C1%80%92%280%97%D6%A41_%1D%89%92%AD%AEz%A4&peer_id=A2-1-37-0-%D1%2AIX%C4%2F6%C7%CC%E3&uploaded=0&downloaded=0&left=0&compact=1&key=IX%C4%2F6%C7%CC%E3&numwant=50&no_peer_id=1&port=6881&event=started&supportcrypto=1
Exception: [AbstractCommand.cc:340] errorCode=2 Timeout.
2026-08-15 22:06:46.813780 [ERROR] [AbstractCommand.cc:349] CUID#15871 - Download aborted. URI=http://tracker.openbittorrent.com:80/announce?info_hash=%2A%AF%3B%C1%80%92%280%97%D6%A41_%1D%89%92%AD%AEz%A4&peer_id=A2-1-37-0-%D1%2AIX%C4%2F6%C7%CC%E3&uploaded=0&downloaded=0&left=0&compact=1&key=IX%C4%2F6%C7%CC%E3&numwant=50&no_peer_id=1&port=6881&event=started&supportcrypto=1
Exception: [AbstractCommand.cc:351] errorCode=22 URI=http://tracker.openbittorrent.com:80/announce?info_hash=%2A%AF%3B%C1%80%92%280%97%D6%A41_%1D%89%92%AD%AEz%A4&peer_id=A2-1-37-0-%D1%2AIX%C4%2F6%C7%CC%E3&uploaded=0&downloaded=0&left=0&compact=1&key=IX%C4%2F6%C7%CC%E3&numwant=50&no_peer_id=1&port=6881&event=started&supportcrypto=1
  -> [HttpSkipResponseCommand.cc:239] errorCode=22 The response status is not successful. status=403
2026-08-15 22:11:49.120409 [ERROR] [AbstractCommand.cc:377] CUID#15948 - Download aborted. URI=http://tracker.tntvillage.scambioetico.org:2710/announce?info_hash=%2A%AF%3B%C1%80%92%280%97%D6%A41_%1D%89%92%AD%AEz%A4&peer_id=A2-1-37-0-%D1%2AIX%C4%2F6%C7%CC%E3&uploaded=0&downloaded=0&left=0&compact=1&key=IX%C4%2F6%C7%CC%E3&numwant=50&no_peer_id=1&port=6881&event=started&supportcrypto=1
Exception: [AbstractCommand.cc:340] errorCode=2 Timeout.
2026-08-15 22:12:28.167257 [ERROR] [AbstractCommand.cc:349] CUID#16012 - Download aborted. URI=http://tracker.openbittorrent.com:80/announce?info_hash=%2A%AF%3B%C1%80%92%280%97%D6%A41_%1D%89%92%AD%AEz%A4&peer_id=A2-1-37-0-%D1%2AIX%C4%2F6%C7%CC%E3&uploaded=0&downloaded=0&left=0&compact=1&key=IX%C4%2F6%C7%CC%E3&numwant=50&no_peer_id=1&port=6881&event=started&supportcrypto=1
Exception: [AbstractCommand.cc:351] errorCode=22 URI=http://tracker.openbittorrent.com:80/announce?info_hash=%2A%AF%3B%C1%80%92%280%97%D6%A41_%1D%89%92%AD%AEz%A4&peer_id=A2-1-37-0-%D1%2AIX%C4%2F6%C7%CC%E3&uploaded=0&downloaded=0&left=0&compact=1&key=IX%C4%2F6%C7%CC%E3&numwant=50&no_peer_id=1&port=6881&event=started&supportcrypto=1
  -> [HttpSkipResponseCommand.cc:239] errorCode=22 The response status is not successful. status=403
2026-08-15 22:17:29.354525 [ERROR] [AbstractCommand.cc:377] CUID#16084 - Download aborted. URI=http://tracker.tntvillage.scambioetico.org:2710/announce?info_hash=%2A%AF%3B%C1%80%92%280%97%D6%A41_%1D%89%92%AD%AEz%A4&peer_id=A2-1-37-0-%D1%2AIX%C4%2F6%C7%CC%E3&uploaded=0&downloaded=0&left=0&compact=1&key=IX%C4%2F6%C7%CC%E3&numwant=50&no_peer_id=1&port=6881&event=started&supportcrypto=1
Exception: [AbstractCommand.cc:340] errorCode=2 Timeout.
2026-08-15 22:21:56.520400 [ERROR] [AbstractCommand.cc:377] CUID#16189 - Download aborted. URI=http://tracker.tntvillage.scambioetico.org:2710/announce?info_hash=%2A%AF%3B%C1%80%92%280%97%D6%A41_%1D%89%92%AD%AEz%A4&peer_id=A2-1-37-0-%D1%2AIX%C4%2F6%C7%CC%E3&uploaded=0&downloaded=0&left=0&compact=1&key=IX%C4%2F6%C7%CC%E3&numwant=50&no_peer_id=1&port=6881&event=started&supportcrypto=1
Exception: [AbstractCommand.cc:340] errorCode=2 Timeout.
2026-08-15 22:22:36.554560 [ERROR] [AbstractCommand.cc:349] CUID#16254 - Download aborted. URI=http://tracker.openbittorrent.com:80/announce?info_hash=%2A%AF%3B%C1%80%92%280%97%D6%A41_%1D%89%92%AD%AEz%A4&peer_id=A2-1-37-0-%D1%2AIX%C4%2F6%C7%CC%E3&uploaded=0&downloaded=0&left=0&compact=1&key=IX%C4%2F6%C7%CC%E3&numwant=50&no_peer_id=1&port=6881&event=started&supportcrypto=1
Exception: [AbstractCommand.cc:351] errorCode=22 URI=http://tracker.openbittorrent.com:80/announce?info_hash=%2A%AF%3B%C1%80%92%280%97%D6%A41_%1D%89%92%AD%AEz%A4&peer_id=A2-1-37-0-%D1%2AIX%C4%2F6%C7%CC%E3&uploaded=0&downloaded=0&left=0&compact=1&key=IX%C4%2F6%C7%CC%E3&numwant=50&no_peer_id=1&port=6881&event=started&supportcrypto=1
  -> [HttpSkipResponseCommand.cc:239] errorCode=22 The response status is not successful. status=403
2026-08-15 22:27:37.754338 [ERROR] [AbstractCommand.cc:377] CUID#16322 - Download aborted. URI=http://tracker.tntvillage.scambioetico.org:2710/announce?info_hash=%2A%AF%3B%C1%80%92%280%97%D6%A41_%1D%89%92%AD%AEz%A4&peer_id=A2-1-37-0-%D1%2AIX%C4%2F6%C7%CC%E3&uploaded=0&downloaded=0&left=0&compact=1&key=IX%C4%2F6%C7%CC%E3&numwant=50&no_peer_id=1&port=6881&event=started&supportcrypto=1
Exception: [AbstractCommand.cc:340] errorCode=2 Timeout.
2026-08-15 22:28:16.781823 [ERROR] [AbstractCommand.cc:349] CUID#16381 - Download aborted. URI=http://tracker.openbittorrent.com:80/announce?info_hash=%2A%AF%3B%C1%80%92%280%97%D6%A41_%1D%89%92%AD%AEz%A4&peer_id=A2-1-37-0-%D1%2AIX%C4%2F6%C7%CC%E3&uploaded=0&downloaded=0&left=0&compact=1&key=IX%C4%2F6%C7%CC%E3&numwant=50&no_peer_id=1&port=6881&event=started&supportcrypto=1
Exception: [AbstractCommand.cc:351] errorCode=22 URI=http://tracker.openbittorrent.com:80/announce?info_hash=%2A%AF%3B%C1%80%92%280%97%D6%A41_%1D%89%92%AD%AEz%A4&peer_id=A2-1-37-0-%D1%2AIX%C4%2F6%C7%CC%E3&uploaded=0&downloaded=0&left=0&compact=1&key=IX%C4%2F6%C7%CC%E3&numwant=50&no_peer_id=1&port=6881&event=started&supportcrypto=1
  -> [HttpSkipResponseCommand.cc:239] errorCode=22 The response status is not successful. status=403
2026-08-15 22:33:17.974262 [ERROR] [AbstractCommand.cc:377] CUID#16454 - Download aborted. URI=http://tracker.tntvillage.scambioetico.org:2710/announce?info_hash=%2A%AF%3B%C1%80%92%280%97%D6%A41_%1D%89%92%AD%AEz%A4&peer_id=A2-1-37-0-%D1%2AIX%C4%2F6%C7%CC%E3&uploaded=0&downloaded=0&left=0&compact=1&key=IX%C4%2F6%C7%CC%E3&numwant=50&no_peer_id=1&port=6881&event=started&supportcrypto=1
Exception: [AbstractCommand.cc:340] errorCode=2 Timeout.
2026-08-15 22:33:56.811300 [ERROR] [AbstractCommand.cc:349] CUID#16504 - Download aborted. URI=http://tracker.openbittorrent.com:80/announce?info_hash=%2A%AF%3B%C1%80%92%280%97%D6%A41_%1D%89%92%AD%AEz%A4&peer_id=A2-1-37-0-%D1%2AIX%C4%2F6%C7%CC%E3&uploaded=0&downloaded=0&left=0&compact=1&key=IX%C4%2F6%C7%CC%E3&numwant=50&no_peer_id=1&port=6881&event=started&supportcrypto=1
Exception: [AbstractCommand.cc:351] errorCode=22 URI=http://tracker.openbittorrent.com:80/announce?info_hash=%2A%AF%3B%C1%80%92%280%97%D6%A41_%1D%89%92%AD%AEz%A4&peer_id=A2-1-37-0-%D1%2AIX%C4%2F6%C7%CC%E3&uploaded=0&downloaded=0&left=0&compact=1&key=IX%C4%2F6%C7%CC%E3&numwant=50&no_peer_id=1&port=6881&event=started&supportcrypto=1
  -> [HttpSkipResponseCommand.cc:239] errorCode=22 The response status is not successful. status=403
2026-08-15 22:38:58.193296 [ERROR] [AbstractCommand.cc:377] CUID#16578 - Download aborted. URI=http://tracker.tntvillage.scambioetico.org:2710/announce?info_hash=%2A%AF%3B%C1%80%92%280%97%D6%A41_%1D%89%92%AD%AEz%A4&peer_id=A2-1-37-0-%D1%2AIX%C4%2F6%C7%CC%E3&uploaded=0&downloaded=0&left=0&compact=1&key=IX%C4%2F6%C7%CC%E3&numwant=50&no_peer_id=1&port=6881&event=started&supportcrypto=1
Exception: [AbstractCommand.cc:340] errorCode=2 Timeout.
2026-08-15 22:43:25.465904 [ERROR] [AbstractCommand.cc:377] CUID#16672 - Download aborted. URI=http://tracker.tntvillage.scambioetico.org:2710/announce?info_hash=%2A%AF%3B%C1%80%92%280%97%D6%A41_%1D%89%92%AD%AEz%A4&peer_id=A2-1-37-0-%D1%2AIX%C4%2F6%C7%CC%E3&uploaded=0&downloaded=0&left=0&compact=1&key=IX%C4%2F6%C7%CC%E3&numwant=50&no_peer_id=1&port=6881&event=started&supportcrypto=1
Exception: [AbstractCommand.cc:340] errorCode=2 Timeout.
2026-08-15 22:44:04.402525 [ERROR] [AbstractCommand.cc:349] CUID#16728 - Download aborted. URI=http://tracker.openbittorrent.com:80/announce?info_hash=%2A%AF%3B%C1%80%92%280%97%D6%A41_%1D%89%92%AD%AEz%A4&peer_id=A2-1-37-0-%D1%2AIX%C4%2F6%C7%CC%E3&uploaded=0&downloaded=0&left=0&compact=1&key=IX%C4%2F6%C7%CC%E3&numwant=50&no_peer_id=1&port=6881&event=started&supportcrypto=1
Exception: [AbstractCommand.cc:351] errorCode=22 URI=http://tracker.openbittorrent.com:80/announce?info_hash=%2A%AF%3B%C1%80%92%280%97%D6%A41_%1D%89%92%AD%AEz%A4&peer_id=A2-1-37-0-%D1%2AIX%C4%2F6%C7%CC%E3&uploaded=0&downloaded=0&left=0&compact=1&key=IX%C4%2F6%C7%CC%E3&numwant=50&no_peer_id=1&port=6881&event=started&supportcrypto=1
  -> [HttpSkipResponseCommand.cc:239] errorCode=22 The response status is not successful. status=403
2026-08-15 22:49:06.766230 [ERROR] [AbstractCommand.cc:377] CUID#16787 - Download aborted. URI=http://tracker.tntvillage.scambioetico.org:2710/announce?info_hash=%2A%AF%3B%C1%80%92%280%97%D6%A41_%1D%89%92%AD%AEz%A4&peer_id=A2-1-37-0-%D1%2AIX%C4%2F6%C7%CC%E3&uploaded=0&downloaded=0&left=0&compact=1&key=IX%C4%2F6%C7%CC%E3&numwant=50&no_peer_id=1&port=6881&event=started&supportcrypto=1
Exception: [AbstractCommand.cc:340] errorCode=2 Timeout.
2026-08-15 22:53:36.773604 [ERROR] [AbstractCommand.cc:377] CUID#16879 - Download aborted. URI=http://tracker.tntvillage.scambioetico.org:2710/announce?info_hash=%2A%AF%3B%C1%80%92%280%97%D6%A41_%1D%89%92%AD%AEz%A4&peer_id=A2-1-37-0-%D1%2AIX%C4%2F6%C7%CC%E3&uploaded=0&downloaded=0&left=0&compact=1&key=IX%C4%2F6%C7%CC%E3&numwant=50&no_peer_id=1&port=6881&event=started&supportcrypto=1
Exception: [AbstractCommand.cc:340] errorCode=2 Timeout.
2026-08-15 22:54:22.363957 [ERROR] [AbstractCommand.cc:349] CUID#16933 - Download aborted. URI=http://tracker.openbittorrent.com:80/announce?info_hash=%2A%AF%3B%C1%80%92%280%97%D6%A41_%1D%89%92%AD%AEz%A4&peer_id=A2-1-37-0-%D1%2AIX%C4%2F6%C7%CC%E3&uploaded=0&downloaded=0&left=0&compact=1&key=IX%C4%2F6%C7%CC%E3&numwant=50&no_peer_id=1&port=6881&event=started&supportcrypto=1
Exception: [AbstractCommand.cc:351] errorCode=22 URI=http://tracker.openbittorrent.com:80/announce?info_hash=%2A%AF%3B%C1%80%92%280%97%D6%A41_%1D%89%92%AD%AEz%A4&peer_id=A2-1-37-0-%D1%2AIX%C4%2F6%C7%CC%E3&uploaded=0&downloaded=0&left=0&compact=1&key=IX%C4%2F6%C7%CC%E3&numwant=50&no_peer_id=1&port=6881&event=started&supportcrypto=1
  -> [HttpSkipResponseCommand.cc:239] errorCode=22 The response status is not successful. status=403
2026-08-15 22:59:23.996889 [ERROR] [AbstractCommand.cc:377] CUID#16992 - Download aborted. URI=http://tracker.tntvillage.scambioetico.org:2710/announce?info_hash=%2A%AF%3B%C1%80%92%280%97%D6%A41_%1D%89%92%AD%AEz%A4&peer_id=A2-1-37-0-%D1%2AIX%C4%2F6%C7%CC%E3&uploaded=0&downloaded=0&left=0&compact=1&key=IX%C4%2F6%C7%CC%E3&numwant=50&no_peer_id=1&port=6881&event=started&supportcrypto=1
Exception: [AbstractCommand.cc:340] errorCode=2 Timeout.
2026-08-15 23:00:03.028058 [ERROR] [AbstractCommand.cc:349] CUID#17044 - Download aborted. URI=http://tracker.openbittorrent.com:80/announce?info_hash=%2A%AF%3B%C1%80%92%280%97%D6%A41_%1D%89%92%AD%AEz%A4&peer_id=A2-1-37-0-%D1%2AIX%C4%2F6%C7%CC%E3&uploaded=0&downloaded=0&left=0&compact=1&key=IX%C4%2F6%C7%CC%E3&numwant=50&no_peer_id=1&port=6881&event=started&supportcrypto=1
Exception: [AbstractCommand.cc:351] errorCode=22 URI=http://tracker.openbittorrent.com:80/announce?info_hash=%2A%AF%3B%C1%80%92%280%97%D6%A41_%1D%89%92%AD%AEz%A4&peer_id=A2-1-37-0-%D1%2AIX%C4%2F6%C7%CC%E3&uploaded=0&downloaded=0&left=0&compact=1&key=IX%C4%2F6%C7%CC%E3&numwant=50&no_peer_id=1&port=6881&event=started&supportcrypto=1
  -> [HttpSkipResponseCommand.cc:239] errorCode=22 The response status is not successful. status=403
2026-08-15 23:05:07.219309 [ERROR] [AbstractCommand.cc:377] CUID#17099 - Download aborted. URI=http://tracker.tntvillage.scambioetico.org:2710/announce?info_hash=%2A%AF%3B%C1%80%92%280%97%D6%A41_%1D%89%92%AD%AEz%A4&peer_id=A2-1-37-0-%D1%2AIX%C4%2F6%C7%CC%E3&uploaded=0&downloaded=0&left=0&compact=1&key=IX%C4%2F6%C7%CC%E3&numwant=50&no_peer_id=1&port=6881&event=started&supportcrypto=1
Exception: [AbstractCommand.cc:340] errorCode=2 Timeout.
2026-08-15 23:05:52.252869 [ERROR] [AbstractCommand.cc:349] CUID#17149 - Download aborted. URI=http://tracker.openbittorrent.com:80/announce?info_hash=%2A%AF%3B%C1%80%92%280%97%D6%A41_%1D%89%92%AD%AEz%A4&peer_id=A2-1-37-0-%D1%2AIX%C4%2F6%C7%CC%E3&uploaded=0&downloaded=0&left=0&compact=1&key=IX%C4%2F6%C7%CC%E3&numwant=50&no_peer_id=1&port=6881&event=started&supportcrypto=1
Exception: [AbstractCommand.cc:351] errorCode=22 URI=http://tracker.openbittorrent.com:80/announce?info_hash=%2A%AF%3B%C1%80%92%280%97%D6%A41_%1D%89%92%AD%AEz%A4&peer_id=A2-1-37-0-%D1%2AIX%C4%2F6%C7%CC%E3&uploaded=0&downloaded=0&left=0&compact=1&key=IX%C4%2F6%C7%CC%E3&numwant=50&no_peer_id=1&port=6881&event=started&supportcrypto=1
  -> [HttpSkipResponseCommand.cc:239] errorCode=22 The response status is not successful. status=403
2026-08-15 23:10:53.972001 [ERROR] [AbstractCommand.cc:377] CUID#17207 - Download aborted. URI=http://tracker.tntvillage.scambioetico.org:2710/announce?info_hash=%2A%AF%3B%C1%80%92%280%97%D6%A41_%1D%89%92%AD%AEz%A4&peer_id=A2-1-37-0-%D1%2AIX%C4%2F6%C7%CC%E3&uploaded=0&downloaded=0&left=0&compact=1&key=IX%C4%2F6%C7%CC%E3&numwant=50&no_peer_id=1&port=6881&event=started&supportcrypto=1
Exception: [AbstractCommand.cc:340] errorCode=2 Timeout.
2026-08-15 23:11:34.295286 [ERROR] [AbstractCommand.cc:349] CUID#17249 - Download aborted. URI=http://tracker.openbittorrent.com:80/announce?info_hash=%2A%AF%3B%C1%80%92%280%97%D6%A41_%1D%89%92%AD%AEz%A4&peer_id=A2-1-37-0-%D1%2AIX%C4%2F6%C7%CC%E3&uploaded=0&downloaded=0&left=0&compact=1&key=IX%C4%2F6%C7%CC%E3&numwant=50&no_peer_id=1&port=6881&event=started&supportcrypto=1
Exception: [AbstractCommand.cc:351] errorCode=22 URI=http://tracker.openbittorrent.com:80/announce?info_hash=%2A%AF%3B%C1%80%92%280%97%D6%A41_%1D%89%92%AD%AEz%A4&peer_id=A2-1-37-0-%D1%2AIX%C4%2F6%C7%CC%E3&uploaded=0&downloaded=0&left=0&compact=1&key=IX%C4%2F6%C7%CC%E3&numwant=50&no_peer_id=1&port=6881&event=started&supportcrypto=1
  -> [HttpSkipResponseCommand.cc:239] errorCode=22 The response status is not successful. status=403
2026-08-15 23:16:37.302206 [ERROR] [AbstractCommand.cc:377] CUID#17307 - Download aborted. URI=http://tracker.tntvillage.scambioetico.org:2710/announce?info_hash=%2A%AF%3B%C1%80%92%280%97%D6%A41_%1D%89%92%AD%AEz%A4&peer_id=A2-1-37-0-%D1%2AIX%C4%2F6%C7%CC%E3&uploaded=0&downloaded=0&left=0&compact=1&key=IX%C4%2F6%C7%CC%E3&numwant=50&no_peer_id=1&port=6881&event=started&supportcrypto=1
Exception: [AbstractCommand.cc:340] errorCode=2 Timeout.
2026-08-15 23:17:18.010489 [ERROR] [AbstractCommand.cc:349] CUID#17352 - Download aborted. URI=http://tracker.openbittorrent.com:80/announce?info_hash=%2A%AF%3B%C1%80%92%280%97%D6%A41_%1D%89%92%AD%AEz%A4&peer_id=A2-1-37-0-%D1%2AIX%C4%2F6%C7%CC%E3&uploaded=0&downloaded=0&left=0&compact=1&key=IX%C4%2F6%C7%CC%E3&numwant=50&no_peer_id=1&port=6881&event=started&supportcrypto=1
Exception: [AbstractCommand.cc:351] errorCode=22 URI=http://tracker.openbittorrent.com:80/announce?info_hash=%2A%AF%3B%C1%80%92%280%97%D6%A41_%1D%89%92%AD%AEz%A4&peer_id=A2-1-37-0-%D1%2AIX%C4%2F6%C7%CC%E3&uploaded=0&downloaded=0&left=0&compact=1&key=IX%C4%2F6%C7%CC%E3&numwant=50&no_peer_id=1&port=6881&event=started&supportcrypto=1
  -> [HttpSkipResponseCommand.cc:239] errorCode=22 The response status is not successful. status=403
2026-08-15 23:22:19.894151 [ERROR] [AbstractCommand.cc:377] CUID#17406 - Download aborted. URI=http://tracker.tntvillage.scambioetico.org:2710/announce?info_hash=%2A%AF%3B%C1%80%92%280%97%D6%A41_%1D%89%92%AD%AEz%A4&peer_id=A2-1-37-0-%D1%2AIX%C4%2F6%C7%CC%E3&uploaded=0&downloaded=0&left=0&compact=1&key=IX%C4%2F6%C7%CC%E3&numwant=50&no_peer_id=1&port=6881&event=started&supportcrypto=1
Exception: [AbstractCommand.cc:340] errorCode=2 Timeout.
2026-08-15 23:23:03.931032 [ERROR] [AbstractCommand.cc:349] CUID#17456 - Download aborted. URI=http://tracker.openbittorrent.com:80/announce?info_hash=%2A%AF%3B%C1%80%92%280%97%D6%A41_%1D%89%92%AD%AEz%A4&peer_id=A2-1-37-0-%D1%2AIX%C4%2F6%C7%CC%E3&uploaded=0&downloaded=0&left=0&compact=1&key=IX%C4%2F6%C7%CC%E3&numwant=50&no_peer_id=1&port=6881&event=started&supportcrypto=1
Exception: [AbstractCommand.cc:351] errorCode=22 URI=http://tracker.openbittorrent.com:80/announce?info_hash=%2A%AF%3B%C1%80%92%280%97%D6%A41_%1D%89%92%AD%AEz%A4&peer_id=A2-1-37-0-%D1%2AIX%C4%2F6%C7%CC%E3&uploaded=0&downloaded=0&left=0&compact=1&key=IX%C4%2F6%C7%CC%E3&numwant=50&no_peer_id=1&port=6881&event=started&supportcrypto=1
  -> [HttpSkipResponseCommand.cc:239] errorCode=22 The response status is not successful. status=403
2026-08-15 23:28:06.753883 [ERROR] [AbstractCommand.cc:377] CUID#17511 - Download aborted. URI=http://tracker.tntvillage.scambioetico.org:2710/announce?info_hash=%2A%AF%3B%C1%80%92%280%97%D6%A41_%1D%89%92%AD%AEz%A4&peer_id=A2-1-37-0-%D1%2AIX%C4%2F6%C7%CC%E3&uploaded=0&downloaded=0&left=0&compact=1&key=IX%C4%2F6%C7%CC%E3&numwant=50&no_peer_id=1&port=6881&event=started&supportcrypto=1
Exception: [AbstractCommand.cc:340] errorCode=2 Timeout.
2026-08-15 23:32:35.685357 [ERROR] [AbstractCommand.cc:377] CUID#17587 - Download aborted. URI=http://tracker.tntvillage.scambioetico.org:2710/announce?info_hash=%2A%AF%3B%C1%80%92%280%97%D6%A41_%1D%89%92%AD%AEz%A4&peer_id=A2-1-37-0-%D1%2AIX%C4%2F6%C7%CC%E3&uploaded=0&downloaded=0&left=0&compact=1&key=IX%C4%2F6%C7%CC%E3&numwant=50&no_peer_id=1&port=6881&event=started&supportcrypto=1
Exception: [AbstractCommand.cc:340] errorCode=2 Timeout.
2026-08-15 23:33:20.337413 [ERROR] [AbstractCommand.cc:349] CUID#17640 - Download aborted. URI=http://tracker.openbittorrent.com:80/announce?info_hash=%2A%AF%3B%C1%80%92%280%97%D6%A41_%1D%89%92%AD%AEz%A4&peer_id=A2-1-37-0-%D1%2AIX%C4%2F6%C7%CC%E3&uploaded=0&downloaded=0&left=0&compact=1&key=IX%C4%2F6%C7%CC%E3&numwant=50&no_peer_id=1&port=6881&event=started&supportcrypto=1
Exception: [AbstractCommand.cc:351] errorCode=22 URI=http://tracker.openbittorrent.com:80/announce?info_hash=%2A%AF%3B%C1%80%92%280%97%D6%A41_%1D%89%92%AD%AEz%A4&peer_id=A2-1-37-0-%D1%2AIX%C4%2F6%C7%CC%E3&uploaded=0&downloaded=0&left=0&compact=1&key=IX%C4%2F6%C7%CC%E3&numwant=50&no_peer_id=1&port=6881&event=started&supportcrypto=1
  -> [HttpSkipResponseCommand.cc:239] errorCode=22 The response status is not successful. status=403
2026-08-15 23:38:23.528312 [ERROR] [AbstractCommand.cc:377] CUID#17692 - Download aborted. URI=http://tracker.tntvillage.scambioetico.org:2710/announce?info_hash=%2A%AF%3B%C1%80%92%280%97%D6%A41_%1D%89%92%AD%AEz%A4&peer_id=A2-1-37-0-%D1%2AIX%C4%2F6%C7%CC%E3&uploaded=0&downloaded=0&left=0&compact=1&key=IX%C4%2F6%C7%CC%E3&numwant=50&no_peer_id=1&port=6881&event=started&supportcrypto=1
Exception: [AbstractCommand.cc:340] errorCode=2 Timeout.
2026-08-15 23:42:52.700881 [ERROR] [AbstractCommand.cc:377] CUID#17768 - Download aborted. URI=http://tracker.tntvillage.scambioetico.org:2710/announce?info_hash=%2A%AF%3B%C1%80%92%280%97%D6%A41_%1D%89%92%AD%AEz%A4&peer_id=A2-1-37-0-%D1%2AIX%C4%2F6%C7%CC%E3&uploaded=0&downloaded=0&left=0&compact=1&key=IX%C4%2F6%C7%CC%E3&numwant=50&no_peer_id=1&port=6881&event=started&supportcrypto=1
Exception: [AbstractCommand.cc:340] errorCode=2 Timeout.
2026-08-15 23:47:16.965240 [ERROR] [AbstractCommand.cc:377] CUID#17840 - Download aborted. URI=http://tracker.tntvillage.scambioetico.org:2710/announce?info_hash=%2A%AF%3B%C1%80%92%280%97%D6%A41_%1D%89%92%AD%AEz%A4&peer_id=A2-1-37-0-%D1%2AIX%C4%2F6%C7%CC%E3&uploaded=0&downloaded=0&left=0&compact=1&key=IX%C4%2F6%C7%CC%E3&numwant=50&no_peer_id=1&port=6881&event=started&supportcrypto=1
Exception: [AbstractCommand.cc:340] errorCode=2 Timeout.
2026-08-15 23:47:56.143473 [ERROR] [AbstractCommand.cc:349] CUID#17888 - Download aborted. URI=http://tracker.openbittorrent.com:80/announce?info_hash=%2A%AF%3B%C1%80%92%280%97%D6%A41_%1D%89%92%AD%AEz%A4&peer_id=A2-1-37-0-%D1%2AIX%C4%2F6%C7%CC%E3&uploaded=0&downloaded=0&left=0&compact=1&key=IX%C4%2F6%C7%CC%E3&numwant=50&no_peer_id=1&port=6881&event=started&supportcrypto=1
Exception: [AbstractCommand.cc:351] errorCode=22 URI=http://tracker.openbittorrent.com:80/announce?info_hash=%2A%AF%3B%C1%80%92%280%97%D6%A41_%1D%89%92%AD%AEz%A4&peer_id=A2-1-37-0-%D1%2AIX%C4%2F6%C7%CC%E3&uploaded=0&downloaded=0&left=0&compact=1&key=IX%C4%2F6%C7%CC%E3&numwant=50&no_peer_id=1&port=6881&event=started&supportcrypto=1
  -> [HttpSkipResponseCommand.cc:239] errorCode=22 The response status is not successful. status=403
2026-08-15 23:52:56.923456 [ERROR] [AbstractCommand.cc:377] CUID#17947 - Download aborted. URI=http://tracker.tntvillage.scambioetico.org:2710/announce?info_hash=%2A%AF%3B%C1%80%92%280%97%D6%A41_%1D%89%92%AD%AEz%A4&peer_id=A2-1-37-0-%D1%2AIX%C4%2F6%C7%CC%E3&uploaded=0&downloaded=0&left=0&compact=1&key=IX%C4%2F6%C7%CC%E3&numwant=50&no_peer_id=1&port=6881&event=started&supportcrypto=1
Exception: [AbstractCommand.cc:340] errorCode=2 Timeout.
2026-08-15 23:57:21.274682 [ERROR] [AbstractCommand.cc:377] CUID#18016 - Download aborted. URI=http://tracker.tntvillage.scambioetico.org:2710/announce?info_hash=%2A%AF%3B%C1%80%92%280%97%D6%A41_%1D%89%92%AD%AEz%A4&peer_id=A2-1-37-0-%D1%2AIX%C4%2F6%C7%CC%E3&uploaded=0&downloaded=0&left=0&compact=1&key=IX%C4%2F6%C7%CC%E3&numwant=50&no_peer_id=1&port=6881&event=started&supportcrypto=1
Exception: [AbstractCommand.cc:340] errorCode=2 Timeout.
2026-08-15 23:58:01.306925 [ERROR] [AbstractCommand.cc:349] CUID#18066 - Download aborted. URI=http://tracker.openbittorrent.com:80/announce?info_hash=%2A%AF%3B%C1%80%92%280%97%D6%A41_%1D%89%92%AD%AEz%A4&peer_id=A2-1-37-0-%D1%2AIX%C4%2F6%C7%CC%E3&uploaded=0&downloaded=0&left=0&compact=1&key=IX%C4%2F6%C7%CC%E3&numwant=50&no_peer_id=1&port=6881&event=started&supportcrypto=1
Exception: [AbstractCommand.cc:351] errorCode=22 URI=http://tracker.openbittorrent.com:80/announce?info_hash=%2A%AF%3B%C1%80%92%280%97%D6%A41_%1D%89%92%AD%AEz%A4&peer_id=A2-1-37-0-%D1%2AIX%C4%2F6%C7%CC%E3&uploaded=0&downloaded=0&left=0&compact=1&key=IX%C4%2F6%C7%CC%E3&numwant=50&no_peer_id=1&port=6881&event=started&supportcrypto=1
  -> [HttpSkipResponseCommand.cc:239] errorCode=22 The response status is not successful. status=403
2026-08-16 00:03:02.496001 [ERROR] [AbstractCommand.cc:377] CUID#18115 - Download aborted. URI=http://tracker.tntvillage.scambioetico.org:2710/announce?info_hash=%2A%AF%3B%C1%80%92%280%97%D6%A41_%1D%89%92%AD%AEz%A4&peer_id=A2-1-37-0-%D1%2AIX%C4%2F6%C7%CC%E3&uploaded=0&downloaded=0&left=0&compact=1&key=IX%C4%2F6%C7%CC%E3&numwant=50&no_peer_id=1&port=6881&event=started&supportcrypto=1
Exception: [AbstractCommand.cc:340] errorCode=2 Timeout.
2026-08-16 00:07:36.675920 [ERROR] [AbstractCommand.cc:377] CUID#18192 - Download aborted. URI=http://tracker.tntvillage.scambioetico.org:2710/announce?info_hash=%2A%AF%3B%C1%80%92%280%97%D6%A41_%1D%89%92%AD%AEz%A4&peer_id=A2-1-37-0-%D1%2AIX%C4%2F6%C7%CC%E3&uploaded=0&downloaded=0&left=0&compact=1&key=IX%C4%2F6%C7%CC%E3&numwant=50&no_peer_id=1&port=6881&event=started&supportcrypto=1
Exception: [AbstractCommand.cc:340] errorCode=2 Timeout.
2026-08-16 00:08:16.639581 [ERROR] [AbstractCommand.cc:349] CUID#18238 - Download aborted. URI=http://tracker.openbittorrent.com:80/announce?info_hash=%2A%AF%3B%C1%80%92%280%97%D6%A41_%1D%89%92%AD%AEz%A4&peer_id=A2-1-37-0-%D1%2AIX%C4%2F6%C7%CC%E3&uploaded=0&downloaded=0&left=0&compact=1&key=IX%C4%2F6%C7%CC%E3&numwant=50&no_peer_id=1&port=6881&event=started&supportcrypto=1
Exception: [AbstractCommand.cc:351] errorCode=22 URI=http://tracker.openbittorrent.com:80/announce?info_hash=%2A%AF%3B%C1%80%92%280%97%D6%A41_%1D%89%92%AD%AEz%A4&peer_id=A2-1-37-0-%D1%2AIX%C4%2F6%C7%CC%E3&uploaded=0&downloaded=0&left=0&compact=1&key=IX%C4%2F6%C7%CC%E3&numwant=50&no_peer_id=1&port=6881&event=started&supportcrypto=1
  -> [HttpSkipResponseCommand.cc:239] errorCode=22 The response status is not successful. status=403
2026-08-16 00:13:18.900380 [ERROR] [AbstractCommand.cc:377] CUID#18293 - Download aborted. URI=http://tracker.tntvillage.scambioetico.org:2710/announce?info_hash=%2A%AF%3B%C1%80%92%280%97%D6%A41_%1D%89%92%AD%AEz%A4&peer_id=A2-1-37-0-%D1%2AIX%C4%2F6%C7%CC%E3&uploaded=0&downloaded=0&left=0&compact=1&key=IX%C4%2F6%C7%CC%E3&numwant=50&no_peer_id=1&port=6881&event=started&supportcrypto=1
Exception: [AbstractCommand.cc:340] errorCode=2 Timeout.
2026-08-16 00:13:59.482476 [ERROR] [AbstractCommand.cc:349] CUID#18335 - Download aborted. URI=http://tracker.openbittorrent.com:80/announce?info_hash=%2A%AF%3B%C1%80%92%280%97%D6%A41_%1D%89%92%AD%AEz%A4&peer_id=A2-1-37-0-%D1%2AIX%C4%2F6%C7%CC%E3&uploaded=0&downloaded=0&left=0&compact=1&key=IX%C4%2F6%C7%CC%E3&numwant=50&no_peer_id=1&port=6881&event=started&supportcrypto=1
Exception: [AbstractCommand.cc:351] errorCode=22 URI=http://tracker.openbittorrent.com:80/announce?info_hash=%2A%AF%3B%C1%80%92%280%97%D6%A41_%1D%89%92%AD%AEz%A4&peer_id=A2-1-37-0-%D1%2AIX%C4%2F6%C7%CC%E3&uploaded=0&downloaded=0&left=0&compact=1&key=IX%C4%2F6%C7%CC%E3&numwant=50&no_peer_id=1&port=6881&event=started&supportcrypto=1
  -> [HttpSkipResponseCommand.cc:239] errorCode=22 The response status is not successful. status=403
2026-08-16 00:19:02.131999 [ERROR] [AbstractCommand.cc:377] CUID#18390 - Download aborted. URI=http://tracker.tntvillage.scambioetico.org:2710/announce?info_hash=%2A%AF%3B%C1%80%92%280%97%D6%A41_%1D%89%92%AD%AEz%A4&peer_id=A2-1-37-0-%D1%2AIX%C4%2F6%C7%CC%E3&uploaded=0&downloaded=0&left=0&compact=1&key=IX%C4%2F6%C7%CC%E3&numwant=50&no_peer_id=1&port=6881&event=started&supportcrypto=1
Exception: [AbstractCommand.cc:340] errorCode=2 Timeout.
2026-08-16 00:19:40.270935 [ERROR] [AbstractCommand.cc:349] CUID#18430 - Download aborted. URI=http://tracker.openbittorrent.com:80/announce?info_hash=%2A%AF%3B%C1%80%92%280%97%D6%A41_%1D%89%92%AD%AEz%A4&peer_id=A2-1-37-0-%D1%2AIX%C4%2F6%C7%CC%E3&uploaded=0&downloaded=0&left=0&compact=1&key=IX%C4%2F6%C7%CC%E3&numwant=50&no_peer_id=1&port=6881&event=started&supportcrypto=1
Exception: [AbstractCommand.cc:351] errorCode=22 URI=http://tracker.openbittorrent.com:80/announce?info_hash=%2A%AF%3B%C1%80%92%280%97%D6%A41_%1D%89%92%AD%AEz%A4&peer_id=A2-1-37-0-%D1%2AIX%C4%2F6%C7%CC%E3&uploaded=0&downloaded=0&left=0&compact=1&key=IX%C4%2F6%C7%CC%E3&numwant=50&no_peer_id=1&port=6881&event=started&supportcrypto=1
  -> [HttpSkipResponseCommand.cc:239] errorCode=22 The response status is not successful. status=403
2026-08-16 00:24:42.352762 [ERROR] [AbstractCommand.cc:377] CUID#18483 - Download aborted. URI=http://tracker.tntvillage.scambioetico.org:2710/announce?info_hash=%2A%AF%3B%C1%80%92%280%97%D6%A41_%1D%89%92%AD%AEz%A4&peer_id=A2-1-37-0-%D1%2AIX%C4%2F6%C7%CC%E3&uploaded=0&downloaded=0&left=0&compact=1&key=IX%C4%2F6%C7%CC%E3&numwant=50&no_peer_id=1&port=6881&event=started&supportcrypto=1
Exception: [AbstractCommand.cc:340] errorCode=2 Timeout.
2026-08-16 00:29:11.527479 [ERROR] [AbstractCommand.cc:377] CUID#18559 - Download aborted. URI=http://tracker.tntvillage.scambioetico.org:2710/announce?info_hash=%2A%AF%3B%C1%80%92%280%97%D6%A41_%1D%89%92%AD%AEz%A4&peer_id=A2-1-37-0-%D1%2AIX%C4%2F6%C7%CC%E3&uploaded=0&downloaded=0&left=0&compact=1&key=IX%C4%2F6%C7%CC%E3&numwant=50&no_peer_id=1&port=6881&event=started&supportcrypto=1
Exception: [AbstractCommand.cc:340] errorCode=2 Timeout.
2026-08-16 00:29:50.968898 [ERROR] [AbstractCommand.cc:349] CUID#18600 - Download aborted. URI=http://tracker.openbittorrent.com:80/announce?info_hash=%2A%AF%3B%C1%80%92%280%97%D6%A41_%1D%89%92%AD%AEz%A4&peer_id=A2-1-37-0-%D1%2AIX%C4%2F6%C7%CC%E3&uploaded=0&downloaded=0&left=0&compact=1&key=IX%C4%2F6%C7%CC%E3&numwant=50&no_peer_id=1&port=6881&event=started&supportcrypto=1
Exception: [AbstractCommand.cc:351] errorCode=22 URI=http://tracker.openbittorrent.com:80/announce?info_hash=%2A%AF%3B%C1%80%92%280%97%D6%A41_%1D%89%92%AD%AEz%A4&peer_id=A2-1-37-0-%D1%2AIX%C4%2F6%C7%CC%E3&uploaded=0&downloaded=0&left=0&compact=1&key=IX%C4%2F6%C7%CC%E3&numwant=50&no_peer_id=1&port=6881&event=started&supportcrypto=1
  -> [HttpSkipResponseCommand.cc:239] errorCode=22 The response status is not successful. status=403
2026-08-16 00:34:52.757409 [ERROR] [AbstractCommand.cc:377] CUID#18656 - Download aborted. URI=http://tracker.tntvillage.scambioetico.org:2710/announce?info_hash=%2A%AF%3B%C1%80%92%280%97%D6%A41_%1D%89%92%AD%AEz%A4&peer_id=A2-1-37-0-%D1%2AIX%C4%2F6%C7%CC%E3&uploaded=0&downloaded=0&left=0&compact=1&key=IX%C4%2F6%C7%CC%E3&numwant=50&no_peer_id=1&port=6881&event=started&supportcrypto=1
Exception: [AbstractCommand.cc:340] errorCode=2 Timeout.
2026-08-16 00:35:31.530188 [ERROR] [AbstractCommand.cc:349] CUID#18704 - Download aborted. URI=http://tracker.openbittorrent.com:80/announce?info_hash=%2A%AF%3B%C1%80%92%280%97%D6%A41_%1D%89%92%AD%AEz%A4&peer_id=A2-1-37-0-%D1%2AIX%C4%2F6%C7%CC%E3&uploaded=0&downloaded=0&left=0&compact=1&key=IX%C4%2F6%C7%CC%E3&numwant=50&no_peer_id=1&port=6881&event=started&supportcrypto=1
Exception: [AbstractCommand.cc:351] errorCode=22 URI=http://tracker.openbittorrent.com:80/announce?info_hash=%2A%AF%3B%C1%80%92%280%97%D6%A41_%1D%89%92%AD%AEz%A4&peer_id=A2-1-37-0-%D1%2AIX%C4%2F6%C7%CC%E3&uploaded=0&downloaded=0&left=0&compact=1&key=IX%C4%2F6%C7%CC%E3&numwant=50&no_peer_id=1&port=6881&event=started&supportcrypto=1
  -> [HttpSkipResponseCommand.cc:239] errorCode=22 The response status is not successful. status=403
2026-08-16 00:40:34.295975 [ERROR] [AbstractCommand.cc:377] CUID#18774 - Download aborted. URI=http://tracker.tntvillage.scambioetico.org:2710/announce?info_hash=%2A%AF%3B%C1%80%92%280%97%D6%A41_%1D%89%92%AD%AEz%A4&peer_id=A2-1-37-0-%D1%2AIX%C4%2F6%C7%CC%E3&uploaded=0&downloaded=0&left=0&compact=1&key=IX%C4%2F6%C7%CC%E3&numwant=50&no_peer_id=1&port=6881&event=started&supportcrypto=1
Exception: [AbstractCommand.cc:340] errorCode=2 Timeout.
2026-08-16 00:44:59.172504 [ERROR] [AbstractCommand.cc:377] CUID#18863 - Download aborted. URI=http://tracker.tntvillage.scambioetico.org:2710/announce?info_hash=%2A%AF%3B%C1%80%92%280%97%D6%A41_%1D%89%92%AD%AEz%A4&peer_id=A2-1-37-0-%D1%2AIX%C4%2F6%C7%CC%E3&uploaded=0&downloaded=0&left=0&compact=1&key=IX%C4%2F6%C7%CC%E3&numwant=50&no_peer_id=1&port=6881&event=started&supportcrypto=1
Exception: [AbstractCommand.cc:340] errorCode=2 Timeout.
2026-08-16 00:49:22.334516 [ERROR] [AbstractCommand.cc:377] CUID#18949 - Download aborted. URI=http://tracker.tntvillage.scambioetico.org:2710/announce?info_hash=%2A%AF%3B%C1%80%92%280%97%D6%A41_%1D%89%92%AD%AEz%A4&peer_id=A2-1-37-0-%D1%2AIX%C4%2F6%C7%CC%E3&uploaded=0&downloaded=0&left=0&compact=1&key=IX%C4%2F6%C7%CC%E3&numwant=50&no_peer_id=1&port=6881&event=started&supportcrypto=1
Exception: [AbstractCommand.cc:340] errorCode=2 Timeout.
2026-08-16 00:53:44.512120 [ERROR] [AbstractCommand.cc:377] CUID#19035 - Download aborted. URI=http://tracker.tntvillage.scambioetico.org:2710/announce?info_hash=%2A%AF%3B%C1%80%92%280%97%D6%A41_%1D%89%92%AD%AEz%A4&peer_id=A2-1-37-0-%D1%2AIX%C4%2F6%C7%CC%E3&uploaded=0&downloaded=0&left=0&compact=1&key=IX%C4%2F6%C7%CC%E3&numwant=50&no_peer_id=1&port=6881&event=started&supportcrypto=1
Exception: [AbstractCommand.cc:340] errorCode=2 Timeout.
2026-08-16 00:58:17.322053 [ERROR] [AbstractCommand.cc:377] CUID#19116 - Download aborted. URI=http://tracker.tntvillage.scambioetico.org:2710/announce?info_hash=%2A%AF%3B%C1%80%92%280%97%D6%A41_%1D%89%92%AD%AEz%A4&peer_id=A2-1-37-0-%D1%2AIX%C4%2F6%C7%CC%E3&uploaded=0&downloaded=0&left=0&compact=1&key=IX%C4%2F6%C7%CC%E3&numwant=50&no_peer_id=1&port=6881&event=started&supportcrypto=1
Exception: [AbstractCommand.cc:340] errorCode=2 Timeout.
2026-08-16 01:02:40.144343 [ERROR] [AbstractCommand.cc:377] CUID#19195 - Download aborted. URI=http://tracker.tntvillage.scambioetico.org:2710/announce?info_hash=%2A%AF%3B%C1%80%92%280%97%D6%A41_%1D%89%92%AD%AEz%A4&peer_id=A2-1-37-0-%D1%2AIX%C4%2F6%C7%CC%E3&uploaded=0&downloaded=0&left=0&compact=1&key=IX%C4%2F6%C7%CC%E3&numwant=50&no_peer_id=1&port=6881&event=started&supportcrypto=1
Exception: [AbstractCommand.cc:340] errorCode=2 Timeout.
2026-08-16 01:07:09.339576 [ERROR] [AbstractCommand.cc:377] CUID#19274 - Download aborted. URI=http://tracker.tntvillage.scambioetico.org:2710/announce?info_hash=%2A%AF%3B%C1%80%92%280%97%D6%A41_%1D%89%92%AD%AEz%A4&peer_id=A2-1-37-0-%D1%2AIX%C4%2F6%C7%CC%E3&uploaded=0&downloaded=0&left=0&compact=1&key=IX%C4%2F6%C7%CC%E3&numwant=50&no_peer_id=1&port=6881&event=started&supportcrypto=1
Exception: [AbstractCommand.cc:340] errorCode=2 Timeout.
2026-08-16 01:07:50.081219 [ERROR] [AbstractCommand.cc:349] CUID#19324 - Download aborted. URI=http://tracker.openbittorrent.com:80/announce?info_hash=%2A%AF%3B%C1%80%92%280%97%D6%A41_%1D%89%92%AD%AEz%A4&peer_id=A2-1-37-0-%D1%2AIX%C4%2F6%C7%CC%E3&uploaded=0&downloaded=0&left=0&compact=1&key=IX%C4%2F6%C7%CC%E3&numwant=50&no_peer_id=1&port=6881&event=started&supportcrypto=1
Exception: [AbstractCommand.cc:351] errorCode=22 URI=http://tracker.openbittorrent.com:80/announce?info_hash=%2A%AF%3B%C1%80%92%280%97%D6%A41_%1D%89%92%AD%AEz%A4&peer_id=A2-1-37-0-%D1%2AIX%C4%2F6%C7%CC%E3&uploaded=0&downloaded=0&left=0&compact=1&key=IX%C4%2F6%C7%CC%E3&numwant=50&no_peer_id=1&port=6881&event=started&supportcrypto=1
  -> [HttpSkipResponseCommand.cc:239] errorCode=22 The response status is not successful. status=403
2026-08-16 01:12:53.261388 [ERROR] [AbstractCommand.cc:377] CUID#19378 - Download aborted. URI=http://tracker.tntvillage.scambioetico.org:2710/announce?info_hash=%2A%AF%3B%C1%80%92%280%97%D6%A41_%1D%89%92%AD%AEz%A4&peer_id=A2-1-37-0-%D1%2AIX%C4%2F6%C7%CC%E3&uploaded=0&downloaded=0&left=0&compact=1&key=IX%C4%2F6%C7%CC%E3&numwant=50&no_peer_id=1&port=6881&event=started&supportcrypto=1
Exception: [AbstractCommand.cc:340] errorCode=2 Timeout.
2026-08-16 01:13:32.959681 [ERROR] [AbstractCommand.cc:349] CUID#19430 - Download aborted. URI=http://tracker.openbittorrent.com:80/announce?info_hash=%2A%AF%3B%C1%80%92%280%97%D6%A41_%1D%89%92%AD%AEz%A4&peer_id=A2-1-37-0-%D1%2AIX%C4%2F6%C7%CC%E3&uploaded=0&downloaded=0&left=0&compact=1&key=IX%C4%2F6%C7%CC%E3&numwant=50&no_peer_id=1&port=6881&event=started&supportcrypto=1
Exception: [AbstractCommand.cc:351] errorCode=22 URI=http://tracker.openbittorrent.com:80/announce?info_hash=%2A%AF%3B%C1%80%92%280%97%D6%A41_%1D%89%92%AD%AEz%A4&peer_id=A2-1-37-0-%D1%2AIX%C4%2F6%C7%CC%E3&uploaded=0&downloaded=0&left=0&compact=1&key=IX%C4%2F6%C7%CC%E3&numwant=50&no_peer_id=1&port=6881&event=started&supportcrypto=1
  -> [HttpSkipResponseCommand.cc:239] errorCode=22 The response status is not successful. status=403
2026-08-16 01:18:36.951770 [ERROR] [AbstractCommand.cc:377] CUID#19488 - Download aborted. URI=http://tracker.tntvillage.scambioetico.org:2710/announce?info_hash=%2A%AF%3B%C1%80%92%280%97%D6%A41_%1D%89%92%AD%AEz%A4&peer_id=A2-1-37-0-%D1%2AIX%C4%2F6%C7%CC%E3&uploaded=0&downloaded=0&left=0&compact=1&key=IX%C4%2F6%C7%CC%E3&numwant=50&no_peer_id=1&port=6881&event=started&supportcrypto=1
Exception: [AbstractCommand.cc:340] errorCode=2 Timeout.
2026-08-16 01:19:15.763018 [ERROR] [AbstractCommand.cc:349] CUID#19543 - Download aborted. URI=http://tracker.openbittorrent.com:80/announce?info_hash=%2A%AF%3B%C1%80%92%280%97%D6%A41_%1D%89%92%AD%AEz%A4&peer_id=A2-1-37-0-%D1%2AIX%C4%2F6%C7%CC%E3&uploaded=0&downloaded=0&left=0&compact=1&key=IX%C4%2F6%C7%CC%E3&numwant=50&no_peer_id=1&port=6881&event=started&supportcrypto=1
Exception: [AbstractCommand.cc:351] errorCode=22 URI=http://tracker.openbittorrent.com:80/announce?info_hash=%2A%AF%3B%C1%80%92%280%97%D6%A41_%1D%89%92%AD%AEz%A4&peer_id=A2-1-37-0-%D1%2AIX%C4%2F6%C7%CC%E3&uploaded=0&downloaded=0&left=0&compact=1&key=IX%C4%2F6%C7%CC%E3&numwant=50&no_peer_id=1&port=6881&event=started&supportcrypto=1
  -> [HttpSkipResponseCommand.cc:239] errorCode=22 The response status is not successful. status=403
2026-08-16 01:24:15.717036 [ERROR] [AbstractCommand.cc:377] CUID#19598 - Download aborted. URI=http://tracker.tntvillage.scambioetico.org:2710/announce?info_hash=%2A%AF%3B%C1%80%92%280%97%D6%A41_%1D%89%92%AD%AEz%A4&peer_id=A2-1-37-0-%D1%2AIX%C4%2F6%C7%CC%E3&uploaded=0&downloaded=0&left=0&compact=1&key=IX%C4%2F6%C7%CC%E3&numwant=50&no_peer_id=1&port=6881&event=started&supportcrypto=1
Exception: [AbstractCommand.cc:340] errorCode=2 Timeout.
2026-08-16 01:28:43.647603 [ERROR] [AbstractCommand.cc:377] CUID#19679 - Download aborted. URI=http://tracker.tntvillage.scambioetico.org:2710/announce?info_hash=%2A%AF%3B%C1%80%92%280%97%D6%A41_%1D%89%92%AD%AEz%A4&peer_id=A2-1-37-0-%D1%2AIX%C4%2F6%C7%CC%E3&uploaded=0&downloaded=0&left=0&compact=1&key=IX%C4%2F6%C7%CC%E3&numwant=50&no_peer_id=1&port=6881&event=started&supportcrypto=1
Exception: [AbstractCommand.cc:340] errorCode=2 Timeout.
2026-08-16 01:29:21.925080 [ERROR] [AbstractCommand.cc:349] CUID#19726 - Download aborted. URI=http://tracker.openbittorrent.com:80/announce?info_hash=%2A%AF%3B%C1%80%92%280%97%D6%A41_%1D%89%92%AD%AEz%A4&peer_id=A2-1-37-0-%D1%2AIX%C4%2F6%C7%CC%E3&uploaded=0&downloaded=0&left=0&compact=1&key=IX%C4%2F6%C7%CC%E3&numwant=50&no_peer_id=1&port=6881&event=started&supportcrypto=1
Exception: [AbstractCommand.cc:351] errorCode=22 URI=http://tracker.openbittorrent.com:80/announce?info_hash=%2A%AF%3B%C1%80%92%280%97%D6%A41_%1D%89%92%AD%AEz%A4&peer_id=A2-1-37-0-%D1%2AIX%C4%2F6%C7%CC%E3&uploaded=0&downloaded=0&left=0&compact=1&key=IX%C4%2F6%C7%CC%E3&numwant=50&no_peer_id=1&port=6881&event=started&supportcrypto=1
  -> [HttpSkipResponseCommand.cc:239] errorCode=22 The response status is not successful. status=403
2026-08-16 01:34:25.108219 [ERROR] [AbstractCommand.cc:377] CUID#19784 - Download aborted. URI=http://tracker.tntvillage.scambioetico.org:2710/announce?info_hash=%2A%AF%3B%C1%80%92%280%97%D6%A41_%1D%89%92%AD%AEz%A4&peer_id=A2-1-37-0-%D1%2AIX%C4%2F6%C7%CC%E3&uploaded=0&downloaded=0&left=0&compact=1&key=IX%C4%2F6%C7%CC%E3&numwant=50&no_peer_id=1&port=6881&event=started&supportcrypto=1
Exception: [AbstractCommand.cc:340] errorCode=2 Timeout.
2026-08-16 01:39:42.781547 [ERROR] [AbstractCommand.cc:377] CUID#19880 - Download aborted. URI=http://tracker.tntvillage.scambioetico.org:2710/announce?info_hash=%2A%AF%3B%C1%80%92%280%97%D6%A41_%1D%89%92%AD%AEz%A4&peer_id=A2-1-37-0-%D1%2AIX%C4%2F6%C7%CC%E3&uploaded=0&downloaded=0&left=0&compact=1&key=IX%C4%2F6%C7%CC%E3&numwant=50&no_peer_id=1&port=6881&event=started&supportcrypto=1
Exception: [AbstractCommand.cc:340] errorCode=2 Timeout.
2026-08-16 01:44:11.497404 [ERROR] [AbstractCommand.cc:377] CUID#19963 - Download aborted. URI=http://tracker.tntvillage.scambioetico.org:2710/announce?info_hash=%2A%AF%3B%C1%80%92%280%97%D6%A41_%1D%89%92%AD%AEz%A4&peer_id=A2-1-37-0-%D1%2AIX%C4%2F6%C7%CC%E3&uploaded=0&downloaded=0&left=0&compact=1&key=IX%C4%2F6%C7%CC%E3&numwant=50&no_peer_id=1&port=6881&event=started&supportcrypto=1
Exception: [AbstractCommand.cc:340] errorCode=2 Timeout.
2026-08-16 01:48:40.670930 [ERROR] [AbstractCommand.cc:377] CUID#20044 - Download aborted. URI=http://tracker.tntvillage.scambioetico.org:2710/announce?info_hash=%2A%AF%3B%C1%80%92%280%97%D6%A41_%1D%89%92%AD%AEz%A4&peer_id=A2-1-37-0-%D1%2AIX%C4%2F6%C7%CC%E3&uploaded=0&downloaded=0&left=0&compact=1&key=IX%C4%2F6%C7%CC%E3&numwant=50&no_peer_id=1&port=6881&event=started&supportcrypto=1
Exception: [AbstractCommand.cc:340] errorCode=2 Timeout.
2026-08-16 01:49:19.783878 [ERROR] [AbstractCommand.cc:349] CUID#20095 - Download aborted. URI=http://tracker.openbittorrent.com:80/announce?info_hash=%2A%AF%3B%C1%80%92%280%97%D6%A41_%1D%89%92%AD%AEz%A4&peer_id=A2-1-37-0-%D1%2AIX%C4%2F6%C7%CC%E3&uploaded=0&downloaded=0&left=0&compact=1&key=IX%C4%2F6%C7%CC%E3&numwant=50&no_peer_id=1&port=6881&event=started&supportcrypto=1
Exception: [AbstractCommand.cc:351] errorCode=22 URI=http://tracker.openbittorrent.com:80/announce?info_hash=%2A%AF%3B%C1%80%92%280%97%D6%A41_%1D%89%92%AD%AEz%A4&peer_id=A2-1-37-0-%D1%2AIX%C4%2F6%C7%CC%E3&uploaded=0&downloaded=0&left=0&compact=1&key=IX%C4%2F6%C7%CC%E3&numwant=50&no_peer_id=1&port=6881&event=started&supportcrypto=1
  -> [HttpSkipResponseCommand.cc:239] errorCode=22 The response status is not successful. status=403
2026-08-16 01:54:21.989004 [ERROR] [AbstractCommand.cc:377] CUID#20148 - Download aborted. URI=http://tracker.tntvillage.scambioetico.org:2710/announce?info_hash=%2A%AF%3B%C1%80%92%280%97%D6%A41_%1D%89%92%AD%AEz%A4&peer_id=A2-1-37-0-%D1%2AIX%C4%2F6%C7%CC%E3&uploaded=0&downloaded=0&left=0&compact=1&key=IX%C4%2F6%C7%CC%E3&numwant=50&no_peer_id=1&port=6881&event=started&supportcrypto=1
Exception: [AbstractCommand.cc:340] errorCode=2 Timeout.
2026-08-16 01:55:02.779306 [ERROR] [AbstractCommand.cc:349] CUID#20201 - Download aborted. URI=http://tracker.openbittorrent.com:80/announce?info_hash=%2A%AF%3B%C1%80%92%280%97%D6%A41_%1D%89%92%AD%AEz%A4&peer_id=A2-1-37-0-%D1%2AIX%C4%2F6%C7%CC%E3&uploaded=0&downloaded=0&left=0&compact=1&key=IX%C4%2F6%C7%CC%E3&numwant=50&no_peer_id=1&port=6881&event=started&supportcrypto=1
Exception: [AbstractCommand.cc:351] errorCode=22 URI=http://tracker.openbittorrent.com:80/announce?info_hash=%2A%AF%3B%C1%80%92%280%97%D6%A41_%1D%89%92%AD%AEz%A4&peer_id=A2-1-37-0-%D1%2AIX%C4%2F6%C7%CC%E3&uploaded=0&downloaded=0&left=0&compact=1&key=IX%C4%2F6%C7%CC%E3&numwant=50&no_peer_id=1&port=6881&event=started&supportcrypto=1
  -> [HttpSkipResponseCommand.cc:239] errorCode=22 The response status is not successful. status=403
2026-08-16 02:01:54.706236 [ERROR] [AbstractCommand.cc:377] CUID#20315 - Download aborted. URI=http://tracker.tntvillage.scambioetico.org:2710/announce?info_hash=%2A%AF%3B%C1%80%92%280%97%D6%A41_%1D%89%92%AD%AEz%A4&peer_id=A2-1-37-0-%D1%2AIX%C4%2F6%C7%CC%E3&uploaded=0&downloaded=0&left=0&compact=1&key=IX%C4%2F6%C7%CC%E3&numwant=50&no_peer_id=1&port=6881&event=started&supportcrypto=1
Exception: [AbstractCommand.cc:340] errorCode=2 Timeout.
2026-08-16 02:06:23.308247 [ERROR] [AbstractCommand.cc:377] CUID#20413 - Download aborted. URI=http://tracker.tntvillage.scambioetico.org:2710/announce?info_hash=%2A%AF%3B%C1%80%92%280%97%D6%A41_%1D%89%92%AD%AEz%A4&peer_id=A2-1-37-0-%D1%2AIX%C4%2F6%C7%CC%E3&uploaded=0&downloaded=0&left=0&compact=1&key=IX%C4%2F6%C7%CC%E3&numwant=50&no_peer_id=1&port=6881&event=started&supportcrypto=1
Exception: [AbstractCommand.cc:340] errorCode=2 Timeout.
2026-08-16 02:10:50.553209 [ERROR] [AbstractCommand.cc:377] CUID#20506 - Download aborted. URI=http://tracker.tntvillage.scambioetico.org:2710/announce?info_hash=%2A%AF%3B%C1%80%92%280%97%D6%A41_%1D%89%92%AD%AEz%A4&peer_id=A2-1-37-0-%D1%2AIX%C4%2F6%C7%CC%E3&uploaded=0&downloaded=0&left=0&compact=1&key=IX%C4%2F6%C7%CC%E3&numwant=50&no_peer_id=1&port=6881&event=started&supportcrypto=1
Exception: [AbstractCommand.cc:340] errorCode=2 Timeout.
2026-08-16 02:15:56.751819 [ERROR] [AbstractCommand.cc:377] CUID#20606 - Download aborted. URI=http://tracker.tntvillage.scambioetico.org:2710/announce?info_hash=%2A%AF%3B%C1%80%92%280%97%D6%A41_%1D%89%92%AD%AEz%A4&peer_id=A2-1-37-0-%D1%2AIX%C4%2F6%C7%CC%E3&uploaded=0&downloaded=0&left=0&compact=1&key=IX%C4%2F6%C7%CC%E3&numwant=50&no_peer_id=1&port=6881&event=started&supportcrypto=1
Exception: [AbstractCommand.cc:340] errorCode=2 Timeout.
2026-08-16 02:16:36.784703 [ERROR] [AbstractCommand.cc:349] CUID#20658 - Download aborted. URI=http://tracker.openbittorrent.com:80/announce?info_hash=%2A%AF%3B%C1%80%92%280%97%D6%A41_%1D%89%92%AD%AEz%A4&peer_id=A2-1-37-0-%D1%2AIX%C4%2F6%C7%CC%E3&uploaded=0&downloaded=0&left=0&compact=1&key=IX%C4%2F6%C7%CC%E3&numwant=50&no_peer_id=1&port=6881&event=started&supportcrypto=1
Exception: [AbstractCommand.cc:351] errorCode=22 URI=http://tracker.openbittorrent.com:80/announce?info_hash=%2A%AF%3B%C1%80%92%280%97%D6%A41_%1D%89%92%AD%AEz%A4&peer_id=A2-1-37-0-%D1%2AIX%C4%2F6%C7%CC%E3&uploaded=0&downloaded=0&left=0&compact=1&key=IX%C4%2F6%C7%CC%E3&numwant=50&no_peer_id=1&port=6881&event=started&supportcrypto=1
  -> [HttpSkipResponseCommand.cc:239] errorCode=22 The response status is not successful. status=403
2026-08-16 02:21:37.976129 [ERROR] [AbstractCommand.cc:377] CUID#20716 - Download aborted. URI=http://tracker.tntvillage.scambioetico.org:2710/announce?info_hash=%2A%AF%3B%C1%80%92%280%97%D6%A41_%1D%89%92%AD%AEz%A4&peer_id=A2-1-37-0-%D1%2AIX%C4%2F6%C7%CC%E3&uploaded=0&downloaded=0&left=0&compact=1&key=IX%C4%2F6%C7%CC%E3&numwant=50&no_peer_id=1&port=6881&event=started&supportcrypto=1
Exception: [AbstractCommand.cc:340] errorCode=2 Timeout.
2026-08-16 02:22:18.008825 [ERROR] [AbstractCommand.cc:349] CUID#20767 - Download aborted. URI=http://tracker.openbittorrent.com:80/announce?info_hash=%2A%AF%3B%C1%80%92%280%97%D6%A41_%1D%89%92%AD%AEz%A4&peer_id=A2-1-37-0-%D1%2AIX%C4%2F6%C7%CC%E3&uploaded=0&downloaded=0&left=0&compact=1&key=IX%C4%2F6%C7%CC%E3&numwant=50&no_peer_id=1&port=6881&event=started&supportcrypto=1
Exception: [AbstractCommand.cc:351] errorCode=22 URI=http://tracker.openbittorrent.com:80/announce?info_hash=%2A%AF%3B%C1%80%92%280%97%D6%A41_%1D%89%92%AD%AEz%A4&peer_id=A2-1-37-0-%D1%2AIX%C4%2F6%C7%CC%E3&uploaded=0&downloaded=0&left=0&compact=1&key=IX%C4%2F6%C7%CC%E3&numwant=50&no_peer_id=1&port=6881&event=started&supportcrypto=1
  -> [HttpSkipResponseCommand.cc:239] errorCode=22 The response status is not successful. status=403
2026-08-16 02:27:18.206559 [ERROR] [AbstractCommand.cc:377] CUID#20825 - Download aborted. URI=http://tracker.tntvillage.scambioetico.org:2710/announce?info_hash=%2A%AF%3B%C1%80%92%280%97%D6%A41_%1D%89%92%AD%AEz%A4&peer_id=A2-1-37-0-%D1%2AIX%C4%2F6%C7%CC%E3&uploaded=0&downloaded=0&left=0&compact=1&key=IX%C4%2F6%C7%CC%E3&numwant=50&no_peer_id=1&port=6881&event=started&supportcrypto=1
Exception: [AbstractCommand.cc:340] errorCode=2 Timeout.
2026-08-16 02:27:58.434947 [ERROR] [AbstractCommand.cc:349] CUID#20876 - Download aborted. URI=http://tracker.openbittorrent.com:80/announce?info_hash=%2A%AF%3B%C1%80%92%280%97%D6%A41_%1D%89%92%AD%AEz%A4&peer_id=A2-1-37-0-%D1%2AIX%C4%2F6%C7%CC%E3&uploaded=0&downloaded=0&left=0&compact=1&key=IX%C4%2F6%C7%CC%E3&numwant=50&no_peer_id=1&port=6881&event=started&supportcrypto=1
Exception: [AbstractCommand.cc:351] errorCode=22 URI=http://tracker.openbittorrent.com:80/announce?info_hash=%2A%AF%3B%C1%80%92%280%97%D6%A41_%1D%89%92%AD%AEz%A4&peer_id=A2-1-37-0-%D1%2AIX%C4%2F6%C7%CC%E3&uploaded=0&downloaded=0&left=0&compact=1&key=IX%C4%2F6%C7%CC%E3&numwant=50&no_peer_id=1&port=6881&event=started&supportcrypto=1
  -> [HttpSkipResponseCommand.cc:239] errorCode=22 The response status is not successful. status=403
2026-08-16 02:32:58.437334 [ERROR] [AbstractCommand.cc:377] CUID#20934 - Download aborted. URI=http://tracker.tntvillage.scambioetico.org:2710/announce?info_hash=%2A%AF%3B%C1%80%92%280%97%D6%A41_%1D%89%92%AD%AEz%A4&peer_id=A2-1-37-0-%D1%2AIX%C4%2F6%C7%CC%E3&uploaded=0&downloaded=0&left=0&compact=1&key=IX%C4%2F6%C7%CC%E3&numwant=50&no_peer_id=1&port=6881&event=started&supportcrypto=1
Exception: [AbstractCommand.cc:340] errorCode=2 Timeout.
2026-08-16 02:33:38.470607 [ERROR] [AbstractCommand.cc:349] CUID#20985 - Download aborted. URI=http://tracker.openbittorrent.com:80/announce?info_hash=%2A%AF%3B%C1%80%92%280%97%D6%A41_%1D%89%92%AD%AEz%A4&peer_id=A2-1-37-0-%D1%2AIX%C4%2F6%C7%CC%E3&uploaded=0&downloaded=0&left=0&compact=1&key=IX%C4%2F6%C7%CC%E3&numwant=50&no_peer_id=1&port=6881&event=started&supportcrypto=1
Exception: [AbstractCommand.cc:351] errorCode=22 URI=http://tracker.openbittorrent.com:80/announce?info_hash=%2A%AF%3B%C1%80%92%280%97%D6%A41_%1D%89%92%AD%AEz%A4&peer_id=A2-1-37-0-%D1%2AIX%C4%2F6%C7%CC%E3&uploaded=0&downloaded=0&left=0&compact=1&key=IX%C4%2F6%C7%CC%E3&numwant=50&no_peer_id=1&port=6881&event=started&supportcrypto=1
  -> [HttpSkipResponseCommand.cc:239] errorCode=22 The response status is not successful. status=403
2026-08-16 02:38:39.661808 [ERROR] [AbstractCommand.cc:377] CUID#21041 - Download aborted. URI=http://tracker.tntvillage.scambioetico.org:2710/announce?info_hash=%2A%AF%3B%C1%80%92%280%97%D6%A41_%1D%89%92%AD%AEz%A4&peer_id=A2-1-37-0-%D1%2AIX%C4%2F6%C7%CC%E3&uploaded=0&downloaded=0&left=0&compact=1&key=IX%C4%2F6%C7%CC%E3&numwant=50&no_peer_id=1&port=6881&event=started&supportcrypto=1
Exception: [AbstractCommand.cc:340] errorCode=2 Timeout.
2026-08-16 02:39:18.691554 [ERROR] [AbstractCommand.cc:349] CUID#21093 - Download aborted. URI=http://tracker.openbittorrent.com:80/announce?info_hash=%2A%AF%3B%C1%80%92%280%97%D6%A41_%1D%89%92%AD%AEz%A4&peer_id=A2-1-37-0-%D1%2AIX%C4%2F6%C7%CC%E3&uploaded=0&downloaded=0&left=0&compact=1&key=IX%C4%2F6%C7%CC%E3&numwant=50&no_peer_id=1&port=6881&event=started&supportcrypto=1
Exception: [AbstractCommand.cc:351] errorCode=22 URI=http://tracker.openbittorrent.com:80/announce?info_hash=%2A%AF%3B%C1%80%92%280%97%D6%A41_%1D%89%92%AD%AEz%A4&peer_id=A2-1-37-0-%D1%2AIX%C4%2F6%C7%CC%E3&uploaded=0&downloaded=0&left=0&compact=1&key=IX%C4%2F6%C7%CC%E3&numwant=50&no_peer_id=1&port=6881&event=started&supportcrypto=1
  -> [HttpSkipResponseCommand.cc:239] errorCode=22 The response status is not successful. status=403
2026-08-16 02:44:19.688335 [ERROR] [AbstractCommand.cc:377] CUID#21150 - Download aborted. URI=http://tracker.tntvillage.scambioetico.org:2710/announce?info_hash=%2A%AF%3B%C1%80%92%280%97%D6%A41_%1D%89%92%AD%AEz%A4&peer_id=A2-1-37-0-%D1%2AIX%C4%2F6%C7%CC%E3&uploaded=0&downloaded=0&left=0&compact=1&key=IX%C4%2F6%C7%CC%E3&numwant=50&no_peer_id=1&port=6881&event=started&supportcrypto=1
Exception: [AbstractCommand.cc:340] errorCode=2 Timeout.
2026-08-16 02:48:48.054865 [ERROR] [AbstractCommand.cc:377] CUID#21232 - Download aborted. URI=http://tracker.tntvillage.scambioetico.org:2710/announce?info_hash=%2A%AF%3B%C1%80%92%280%97%D6%A41_%1D%89%92%AD%AEz%A4&peer_id=A2-1-37-0-%D1%2AIX%C4%2F6%C7%CC%E3&uploaded=0&downloaded=0&left=0&compact=1&key=IX%C4%2F6%C7%CC%E3&numwant=50&no_peer_id=1&port=6881&event=started&supportcrypto=1
Exception: [AbstractCommand.cc:340] errorCode=2 Timeout.
2026-08-16 02:49:26.303793 [ERROR] [AbstractCommand.cc:349] CUID#21278 - Download aborted. URI=http://tracker.openbittorrent.com:80/announce?info_hash=%2A%AF%3B%C1%80%92%280%97%D6%A41_%1D%89%92%AD%AEz%A4&peer_id=A2-1-37-0-%D1%2AIX%C4%2F6%C7%CC%E3&uploaded=0&downloaded=0&left=0&compact=1&key=IX%C4%2F6%C7%CC%E3&numwant=50&no_peer_id=1&port=6881&event=started&supportcrypto=1
Exception: [AbstractCommand.cc:351] errorCode=22 URI=http://tracker.openbittorrent.com:80/announce?info_hash=%2A%AF%3B%C1%80%92%280%97%D6%A41_%1D%89%92%AD%AEz%A4&peer_id=A2-1-37-0-%D1%2AIX%C4%2F6%C7%CC%E3&uploaded=0&downloaded=0&left=0&compact=1&key=IX%C4%2F6%C7%CC%E3&numwant=50&no_peer_id=1&port=6881&event=started&supportcrypto=1
  -> [HttpSkipResponseCommand.cc:239] errorCode=22 The response status is not successful. status=403
2026-08-16 02:54:28.290966 [ERROR] [AbstractCommand.cc:377] CUID#21337 - Download aborted. URI=http://tracker.tntvillage.scambioetico.org:2710/announce?info_hash=%2A%AF%3B%C1%80%92%280%97%D6%A41_%1D%89%92%AD%AEz%A4&peer_id=A2-1-37-0-%D1%2AIX%C4%2F6%C7%CC%E3&uploaded=0&downloaded=0&left=0&compact=1&key=IX%C4%2F6%C7%CC%E3&numwant=50&no_peer_id=1&port=6881&event=started&supportcrypto=1
Exception: [AbstractCommand.cc:340] errorCode=2 Timeout.
2026-08-16 02:58:50.462043 [ERROR] [AbstractCommand.cc:377] CUID#21417 - Download aborted. URI=http://tracker.tntvillage.scambioetico.org:2710/announce?info_hash=%2A%AF%3B%C1%80%92%280%97%D6%A41_%1D%89%92%AD%AEz%A4&peer_id=A2-1-37-0-%D1%2AIX%C4%2F6%C7%CC%E3&uploaded=0&downloaded=0&left=0&compact=1&key=IX%C4%2F6%C7%CC%E3&numwant=50&no_peer_id=1&port=6881&event=started&supportcrypto=1
Exception: [AbstractCommand.cc:340] errorCode=2 Timeout.
2026-08-16 03:03:17.628235 [ERROR] [AbstractCommand.cc:377] CUID#21494 - Download aborted. URI=http://tracker.tntvillage.scambioetico.org:2710/announce?info_hash=%2A%AF%3B%C1%80%92%280%97%D6%A41_%1D%89%92%AD%AEz%A4&peer_id=A2-1-37-0-%D1%2AIX%C4%2F6%C7%CC%E3&uploaded=0&downloaded=0&left=0&compact=1&key=IX%C4%2F6%C7%CC%E3&numwant=50&no_peer_id=1&port=6881&event=started&supportcrypto=1
Exception: [AbstractCommand.cc:340] errorCode=2 Timeout.
2026-08-16 03:03:55.666062 [ERROR] [AbstractCommand.cc:349] CUID#21540 - Download aborted. URI=http://tracker.openbittorrent.com:80/announce?info_hash=%2A%AF%3B%C1%80%92%280%97%D6%A41_%1D%89%92%AD%AEz%A4&peer_id=A2-1-37-0-%D1%2AIX%C4%2F6%C7%CC%E3&uploaded=0&downloaded=0&left=0&compact=1&key=IX%C4%2F6%C7%CC%E3&numwant=50&no_peer_id=1&port=6881&event=started&supportcrypto=1
Exception: [AbstractCommand.cc:351] errorCode=22 URI=http://tracker.openbittorrent.com:80/announce?info_hash=%2A%AF%3B%C1%80%92%280%97%D6%A41_%1D%89%92%AD%AEz%A4&peer_id=A2-1-37-0-%D1%2AIX%C4%2F6%C7%CC%E3&uploaded=0&downloaded=0&left=0&compact=1&key=IX%C4%2F6%C7%CC%E3&numwant=50&no_peer_id=1&port=6881&event=started&supportcrypto=1
  -> [HttpSkipResponseCommand.cc:239] errorCode=22 The response status is not successful. status=403
2026-08-16 03:08:58.855525 [ERROR] [AbstractCommand.cc:377] CUID#21604 - Download aborted. URI=http://tracker.tntvillage.scambioetico.org:2710/announce?info_hash=%2A%AF%3B%C1%80%92%280%97%D6%A41_%1D%89%92%AD%AEz%A4&peer_id=A2-1-37-0-%D1%2AIX%C4%2F6%C7%CC%E3&uploaded=0&downloaded=0&left=0&compact=1&key=IX%C4%2F6%C7%CC%E3&numwant=50&no_peer_id=1&port=6881&event=started&supportcrypto=1
Exception: [AbstractCommand.cc:340] errorCode=2 Timeout.
2026-08-16 03:09:37.577493 [ERROR] [AbstractCommand.cc:349] CUID#21647 - Download aborted. URI=http://tracker.openbittorrent.com:80/announce?info_hash=%2A%AF%3B%C1%80%92%280%97%D6%A41_%1D%89%92%AD%AEz%A4&peer_id=A2-1-37-0-%D1%2AIX%C4%2F6%C7%CC%E3&uploaded=0&downloaded=0&left=0&compact=1&key=IX%C4%2F6%C7%CC%E3&numwant=50&no_peer_id=1&port=6881&event=started&supportcrypto=1
Exception: [AbstractCommand.cc:351] errorCode=22 URI=http://tracker.openbittorrent.com:80/announce?info_hash=%2A%AF%3B%C1%80%92%280%97%D6%A41_%1D%89%92%AD%AEz%A4&peer_id=A2-1-37-0-%D1%2AIX%C4%2F6%C7%CC%E3&uploaded=0&downloaded=0&left=0&compact=1&key=IX%C4%2F6%C7%CC%E3&numwant=50&no_peer_id=1&port=6881&event=started&supportcrypto=1
  -> [HttpSkipResponseCommand.cc:239] errorCode=22 The response status is not successful. status=403
2026-08-16 03:14:39.086829 [ERROR] [AbstractCommand.cc:377] CUID#21708 - Download aborted. URI=http://tracker.tntvillage.scambioetico.org:2710/announce?info_hash=%2A%AF%3B%C1%80%92%280%97%D6%A41_%1D%89%92%AD%AEz%A4&peer_id=A2-1-37-0-%D1%2AIX%C4%2F6%C7%CC%E3&uploaded=0&downloaded=0&left=0&compact=1&key=IX%C4%2F6%C7%CC%E3&numwant=50&no_peer_id=1&port=6881&event=started&supportcrypto=1
Exception: [AbstractCommand.cc:340] errorCode=2 Timeout.
2026-08-16 03:19:01.258145 [ERROR] [AbstractCommand.cc:377] CUID#21785 - Download aborted. URI=http://tracker.tntvillage.scambioetico.org:2710/announce?info_hash=%2A%AF%3B%C1%80%92%280%97%D6%A41_%1D%89%92%AD%AEz%A4&peer_id=A2-1-37-0-%D1%2AIX%C4%2F6%C7%CC%E3&uploaded=0&downloaded=0&left=0&compact=1&key=IX%C4%2F6%C7%CC%E3&numwant=50&no_peer_id=1&port=6881&event=started&supportcrypto=1
Exception: [AbstractCommand.cc:340] errorCode=2 Timeout.
2026-08-16 03:19:40.289119 [ERROR] [AbstractCommand.cc:349] CUID#21830 - Download aborted. URI=http://tracker.openbittorrent.com:80/announce?info_hash=%2A%AF%3B%C1%80%92%280%97%D6%A41_%1D%89%92%AD%AEz%A4&peer_id=A2-1-37-0-%D1%2AIX%C4%2F6%C7%CC%E3&uploaded=0&downloaded=0&left=0&compact=1&key=IX%C4%2F6%C7%CC%E3&numwant=50&no_peer_id=1&port=6881&event=started&supportcrypto=1
Exception: [AbstractCommand.cc:351] errorCode=22 URI=http://tracker.openbittorrent.com:80/announce?info_hash=%2A%AF%3B%C1%80%92%280%97%D6%A41_%1D%89%92%AD%AEz%A4&peer_id=A2-1-37-0-%D1%2AIX%C4%2F6%C7%CC%E3&uploaded=0&downloaded=0&left=0&compact=1&key=IX%C4%2F6%C7%CC%E3&numwant=50&no_peer_id=1&port=6881&event=started&supportcrypto=1
  -> [HttpSkipResponseCommand.cc:239] errorCode=22 The response status is not successful. status=403
2026-08-16 03:24:41.887891 [ERROR] [AbstractCommand.cc:377] CUID#21891 - Download aborted. URI=http://tracker.tntvillage.scambioetico.org:2710/announce?info_hash=%2A%AF%3B%C1%80%92%280%97%D6%A41_%1D%89%92%AD%AEz%A4&peer_id=A2-1-37-0-%D1%2AIX%C4%2F6%C7%CC%E3&uploaded=0&downloaded=0&left=0&compact=1&key=IX%C4%2F6%C7%CC%E3&numwant=50&no_peer_id=1&port=6881&event=started&supportcrypto=1
Exception: [AbstractCommand.cc:340] errorCode=2 Timeout.
2026-08-16 03:25:20.510736 [ERROR] [AbstractCommand.cc:349] CUID#21939 - Download aborted. URI=http://tracker.openbittorrent.com:80/announce?info_hash=%2A%AF%3B%C1%80%92%280%97%D6%A41_%1D%89%92%AD%AEz%A4&peer_id=A2-1-37-0-%D1%2AIX%C4%2F6%C7%CC%E3&uploaded=0&downloaded=0&left=0&compact=1&key=IX%C4%2F6%C7%CC%E3&numwant=50&no_peer_id=1&port=6881&event=started&supportcrypto=1
Exception: [AbstractCommand.cc:351] errorCode=22 URI=http://tracker.openbittorrent.com:80/announce?info_hash=%2A%AF%3B%C1%80%92%280%97%D6%A41_%1D%89%92%AD%AEz%A4&peer_id=A2-1-37-0-%D1%2AIX%C4%2F6%C7%CC%E3&uploaded=0&downloaded=0&left=0&compact=1&key=IX%C4%2F6%C7%CC%E3&numwant=50&no_peer_id=1&port=6881&event=started&supportcrypto=1
  -> [HttpSkipResponseCommand.cc:239] errorCode=22 The response status is not successful. status=403
2026-08-16 03:30:21.698975 [ERROR] [AbstractCommand.cc:377] CUID#21997 - Download aborted. URI=http://tracker.tntvillage.scambioetico.org:2710/announce?info_hash=%2A%AF%3B%C1%80%92%280%97%D6%A41_%1D%89%92%AD%AEz%A4&peer_id=A2-1-37-0-%D1%2AIX%C4%2F6%C7%CC%E3&uploaded=0&downloaded=0&left=0&compact=1&key=IX%C4%2F6%C7%CC%E3&numwant=50&no_peer_id=1&port=6881&event=started&supportcrypto=1
Exception: [AbstractCommand.cc:340] errorCode=2 Timeout.
2026-08-16 03:34:49.881789 [ERROR] [AbstractCommand.cc:377] CUID#22080 - Download aborted. URI=http://tracker.tntvillage.scambioetico.org:2710/announce?info_hash=%2A%AF%3B%C1%80%92%280%97%D6%A41_%1D%89%92%AD%AEz%A4&peer_id=A2-1-37-0-%D1%2AIX%C4%2F6%C7%CC%E3&uploaded=0&downloaded=0&left=0&compact=1&key=IX%C4%2F6%C7%CC%E3&numwant=50&no_peer_id=1&port=6881&event=started&supportcrypto=1
Exception: [AbstractCommand.cc:340] errorCode=2 Timeout.
2026-08-16 03:35:34.919298 [ERROR] [AbstractCommand.cc:349] CUID#22127 - Download aborted. URI=http://tracker.openbittorrent.com:80/announce?info_hash=%2A%AF%3B%C1%80%92%280%97%D6%A41_%1D%89%92%AD%AEz%A4&peer_id=A2-1-37-0-%D1%2AIX%C4%2F6%C7%CC%E3&uploaded=0&downloaded=0&left=0&compact=1&key=IX%C4%2F6%C7%CC%E3&numwant=50&no_peer_id=1&port=6881&event=started&supportcrypto=1
Exception: [AbstractCommand.cc:351] errorCode=22 URI=http://tracker.openbittorrent.com:80/announce?info_hash=%2A%AF%3B%C1%80%92%280%97%D6%A41_%1D%89%92%AD%AEz%A4&peer_id=A2-1-37-0-%D1%2AIX%C4%2F6%C7%CC%E3&uploaded=0&downloaded=0&left=0&compact=1&key=IX%C4%2F6%C7%CC%E3&numwant=50&no_peer_id=1&port=6881&event=started&supportcrypto=1
  -> [HttpSkipResponseCommand.cc:239] errorCode=22 The response status is not successful. status=403
2026-08-16 03:41:16.003820 [ERROR] [AbstractCommand.cc:377] CUID#22197 - Download aborted. URI=http://tracker.tntvillage.scambioetico.org:2710/announce?info_hash=%2A%AF%3B%C1%80%92%280%97%D6%A41_%1D%89%92%AD%AEz%A4&peer_id=A2-1-37-0-%D1%2AIX%C4%2F6%C7%CC%E3&uploaded=0&downloaded=0&left=0&compact=1&key=IX%C4%2F6%C7%CC%E3&numwant=50&no_peer_id=1&port=6881&event=started&supportcrypto=1
Exception: [AbstractCommand.cc:340] errorCode=2 Timeout.
2026-08-16 03:46:02.322538 [ERROR] [AbstractCommand.cc:377] CUID#22286 - Download aborted. URI=http://tracker.tntvillage.scambioetico.org:2710/announce?info_hash=%2A%AF%3B%C1%80%92%280%97%D6%A41_%1D%89%92%AD%AEz%A4&peer_id=A2-1-37-0-%D1%2AIX%C4%2F6%C7%CC%E3&uploaded=0&downloaded=0&left=0&compact=1&key=IX%C4%2F6%C7%CC%E3&numwant=50&no_peer_id=1&port=6881&event=started&supportcrypto=1
Exception: [AbstractCommand.cc:340] errorCode=2 Timeout.
2026-08-16 03:50:24.909697 [ERROR] [AbstractCommand.cc:377] CUID#22365 - Download aborted. URI=http://tracker.tntvillage.scambioetico.org:2710/announce?info_hash=%2A%AF%3B%C1%80%92%280%97%D6%A41_%1D%89%92%AD%AEz%A4&peer_id=A2-1-37-0-%D1%2AIX%C4%2F6%C7%CC%E3&uploaded=0&downloaded=0&left=0&compact=1&key=IX%C4%2F6%C7%CC%E3&numwant=50&no_peer_id=1&port=6881&event=started&supportcrypto=1
Exception: [AbstractCommand.cc:340] errorCode=2 Timeout.
2026-08-16 03:51:05.304448 [ERROR] [AbstractCommand.cc:349] CUID#22416 - Download aborted. URI=http://tracker.openbittorrent.com:80/announce?info_hash=%2A%AF%3B%C1%80%92%280%97%D6%A41_%1D%89%92%AD%AEz%A4&peer_id=A2-1-37-0-%D1%2AIX%C4%2F6%C7%CC%E3&uploaded=0&downloaded=0&left=0&compact=1&key=IX%C4%2F6%C7%CC%E3&numwant=50&no_peer_id=1&port=6881&event=started&supportcrypto=1
Exception: [AbstractCommand.cc:351] errorCode=22 URI=http://tracker.openbittorrent.com:80/announce?info_hash=%2A%AF%3B%C1%80%92%280%97%D6%A41_%1D%89%92%AD%AEz%A4&peer_id=A2-1-37-0-%D1%2AIX%C4%2F6%C7%CC%E3&uploaded=0&downloaded=0&left=0&compact=1&key=IX%C4%2F6%C7%CC%E3&numwant=50&no_peer_id=1&port=6881&event=started&supportcrypto=1
  -> [HttpSkipResponseCommand.cc:239] errorCode=22 The response status is not successful. status=403
2026-08-16 03:56:08.420419 [ERROR] [AbstractCommand.cc:377] CUID#22474 - Download aborted. URI=http://tracker.tntvillage.scambioetico.org:2710/announce?info_hash=%2A%AF%3B%C1%80%92%280%97%D6%A41_%1D%89%92%AD%AEz%A4&peer_id=A2-1-37-0-%D1%2AIX%C4%2F6%C7%CC%E3&uploaded=0&downloaded=0&left=0&compact=1&key=IX%C4%2F6%C7%CC%E3&numwant=50&no_peer_id=1&port=6881&event=started&supportcrypto=1
Exception: [AbstractCommand.cc:340] errorCode=2 Timeout.
2026-08-16 03:56:45.801096 [ERROR] [AbstractCommand.cc:349] CUID#22524 - Download aborted. URI=http://tracker.openbittorrent.com:80/announce?info_hash=%2A%AF%3B%C1%80%92%280%97%D6%A41_%1D%89%92%AD%AEz%A4&peer_id=A2-1-37-0-%D1%2AIX%C4%2F6%C7%CC%E3&uploaded=0&downloaded=0&left=0&compact=1&key=IX%C4%2F6%C7%CC%E3&numwant=50&no_peer_id=1&port=6881&event=started&supportcrypto=1
Exception: [AbstractCommand.cc:351] errorCode=22 URI=http://tracker.openbittorrent.com:80/announce?info_hash=%2A%AF%3B%C1%80%92%280%97%D6%A41_%1D%89%92%AD%AEz%A4&peer_id=A2-1-37-0-%D1%2AIX%C4%2F6%C7%CC%E3&uploaded=0&downloaded=0&left=0&compact=1&key=IX%C4%2F6%C7%CC%E3&numwant=50&no_peer_id=1&port=6881&event=started&supportcrypto=1
  -> [HttpSkipResponseCommand.cc:239] errorCode=22 The response status is not successful. status=403
2026-08-16 04:02:43.987262 [ERROR] [AbstractCommand.cc:377] CUID#22602 - Download aborted. URI=http://tracker.tntvillage.scambioetico.org:2710/announce?info_hash=%2A%AF%3B%C1%80%92%280%97%D6%A41_%1D%89%92%AD%AEz%A4&peer_id=A2-1-37-0-%D1%2AIX%C4%2F6%C7%CC%E3&uploaded=0&downloaded=0&left=0&compact=1&key=IX%C4%2F6%C7%CC%E3&numwant=50&no_peer_id=1&port=6881&event=started&supportcrypto=1
Exception: [AbstractCommand.cc:340] errorCode=2 Timeout.
2026-08-16 04:07:13.309628 [ERROR] [AbstractCommand.cc:377] CUID#22683 - Download aborted. URI=http://tracker.tntvillage.scambioetico.org:2710/announce?info_hash=%2A%AF%3B%C1%80%92%280%97%D6%A41_%1D%89%92%AD%AEz%A4&peer_id=A2-1-37-0-%D1%2AIX%C4%2F6%C7%CC%E3&uploaded=0&downloaded=0&left=0&compact=1&key=IX%C4%2F6%C7%CC%E3&numwant=50&no_peer_id=1&port=6881&event=started&supportcrypto=1
Exception: [AbstractCommand.cc:340] errorCode=2 Timeout.
2026-08-16 04:11:38.376348 [ERROR] [AbstractCommand.cc:377] CUID#22761 - Download aborted. URI=http://tracker.tntvillage.scambioetico.org:2710/announce?info_hash=%2A%AF%3B%C1%80%92%280%97%D6%A41_%1D%89%92%AD%AEz%A4&peer_id=A2-1-37-0-%D1%2AIX%C4%2F6%C7%CC%E3&uploaded=0&downloaded=0&left=0&compact=1&key=IX%C4%2F6%C7%CC%E3&numwant=50&no_peer_id=1&port=6881&event=started&supportcrypto=1
Exception: [AbstractCommand.cc:340] errorCode=2 Timeout.
2026-08-16 04:16:02.350814 [ERROR] [AbstractCommand.cc:377] CUID#22843 - Download aborted. URI=http://tracker.tntvillage.scambioetico.org:2710/announce?info_hash=%2A%AF%3B%C1%80%92%280%97%D6%A41_%1D%89%92%AD%AEz%A4&peer_id=A2-1-37-0-%D1%2AIX%C4%2F6%C7%CC%E3&uploaded=0&downloaded=0&left=0&compact=1&key=IX%C4%2F6%C7%CC%E3&numwant=50&no_peer_id=1&port=6881&event=started&supportcrypto=1
Exception: [AbstractCommand.cc:340] errorCode=2 Timeout.
2026-08-16 04:20:25.905809 [ERROR] [AbstractCommand.cc:377] CUID#22922 - Download aborted. URI=http://tracker.tntvillage.scambioetico.org:2710/announce?info_hash=%2A%AF%3B%C1%80%92%280%97%D6%A41_%1D%89%92%AD%AEz%A4&peer_id=A2-1-37-0-%D1%2AIX%C4%2F6%C7%CC%E3&uploaded=0&downloaded=0&left=0&compact=1&key=IX%C4%2F6%C7%CC%E3&numwant=50&no_peer_id=1&port=6881&event=started&supportcrypto=1
Exception: [AbstractCommand.cc:340] errorCode=2 Timeout.
2026-08-16 04:21:05.718504 [ERROR] [AbstractCommand.cc:349] CUID#22972 - Download aborted. URI=http://tracker.openbittorrent.com:80/announce?info_hash=%2A%AF%3B%C1%80%92%280%97%D6%A41_%1D%89%92%AD%AEz%A4&peer_id=A2-1-37-0-%D1%2AIX%C4%2F6%C7%CC%E3&uploaded=0&downloaded=0&left=0&compact=1&key=IX%C4%2F6%C7%CC%E3&numwant=50&no_peer_id=1&port=6881&event=started&supportcrypto=1
Exception: [AbstractCommand.cc:351] errorCode=22 URI=http://tracker.openbittorrent.com:80/announce?info_hash=%2A%AF%3B%C1%80%92%280%97%D6%A41_%1D%89%92%AD%AEz%A4&peer_id=A2-1-37-0-%D1%2AIX%C4%2F6%C7%CC%E3&uploaded=0&downloaded=0&left=0&compact=1&key=IX%C4%2F6%C7%CC%E3&numwant=50&no_peer_id=1&port=6881&event=started&supportcrypto=1
  -> [HttpSkipResponseCommand.cc:239] errorCode=22 The response status is not successful. status=403
2026-08-16 04:26:08.825992 [ERROR] [AbstractCommand.cc:377] CUID#23030 - Download aborted. URI=http://tracker.tntvillage.scambioetico.org:2710/announce?info_hash=%2A%AF%3B%C1%80%92%280%97%D6%A41_%1D%89%92%AD%AEz%A4&peer_id=A2-1-37-0-%D1%2AIX%C4%2F6%C7%CC%E3&uploaded=0&downloaded=0&left=0&compact=1&key=IX%C4%2F6%C7%CC%E3&numwant=50&no_peer_id=1&port=6881&event=started&supportcrypto=1
Exception: [AbstractCommand.cc:340] errorCode=2 Timeout.
2026-08-16 04:30:32.163211 [ERROR] [AbstractCommand.cc:377] CUID#23107 - Download aborted. URI=http://tracker.tntvillage.scambioetico.org:2710/announce?info_hash=%2A%AF%3B%C1%80%92%280%97%D6%A41_%1D%89%92%AD%AEz%A4&peer_id=A2-1-37-0-%D1%2AIX%C4%2F6%C7%CC%E3&uploaded=0&downloaded=0&left=0&compact=1&key=IX%C4%2F6%C7%CC%E3&numwant=50&no_peer_id=1&port=6881&event=started&supportcrypto=1
Exception: [AbstractCommand.cc:340] errorCode=2 Timeout.
2026-08-16 04:34:54.587261 [ERROR] [AbstractCommand.cc:377] CUID#23190 - Download aborted. URI=http://tracker.tntvillage.scambioetico.org:2710/announce?info_hash=%2A%AF%3B%C1%80%92%280%97%D6%A41_%1D%89%92%AD%AEz%A4&peer_id=A2-1-37-0-%D1%2AIX%C4%2F6%C7%CC%E3&uploaded=0&downloaded=0&left=0&compact=1&key=IX%C4%2F6%C7%CC%E3&numwant=50&no_peer_id=1&port=6881&event=started&supportcrypto=1
Exception: [AbstractCommand.cc:340] errorCode=2 Timeout.
2026-08-16 04:39:16.806506 [ERROR] [AbstractCommand.cc:377] CUID#23266 - Download aborted. URI=http://tracker.tntvillage.scambioetico.org:2710/announce?info_hash=%2A%AF%3B%C1%80%92%280%97%D6%A41_%1D%89%92%AD%AEz%A4&peer_id=A2-1-37-0-%D1%2AIX%C4%2F6%C7%CC%E3&uploaded=0&downloaded=0&left=0&compact=1&key=IX%C4%2F6%C7%CC%E3&numwant=50&no_peer_id=1&port=6881&event=started&supportcrypto=1
Exception: [AbstractCommand.cc:340] errorCode=2 Timeout.
2026-08-16 04:39:55.446508 [ERROR] [AbstractCommand.cc:349] CUID#23318 - Download aborted. URI=http://tracker.openbittorrent.com:80/announce?info_hash=%2A%AF%3B%C1%80%92%280%97%D6%A41_%1D%89%92%AD%AEz%A4&peer_id=A2-1-37-0-%D1%2AIX%C4%2F6%C7%CC%E3&uploaded=0&downloaded=0&left=0&compact=1&key=IX%C4%2F6%C7%CC%E3&numwant=50&no_peer_id=1&port=6881&event=started&supportcrypto=1
Exception: [AbstractCommand.cc:351] errorCode=22 URI=http://tracker.openbittorrent.com:80/announce?info_hash=%2A%AF%3B%C1%80%92%280%97%D6%A41_%1D%89%92%AD%AEz%A4&peer_id=A2-1-37-0-%D1%2AIX%C4%2F6%C7%CC%E3&uploaded=0&downloaded=0&left=0&compact=1&key=IX%C4%2F6%C7%CC%E3&numwant=50&no_peer_id=1&port=6881&event=started&supportcrypto=1
  -> [HttpSkipResponseCommand.cc:239] errorCode=22 The response status is not successful. status=403
2026-08-16 04:44:57.647659 [ERROR] [AbstractCommand.cc:377] CUID#23376 - Download aborted. URI=http://tracker.tntvillage.scambioetico.org:2710/announce?info_hash=%2A%AF%3B%C1%80%92%280%97%D6%A41_%1D%89%92%AD%AEz%A4&peer_id=A2-1-37-0-%D1%2AIX%C4%2F6%C7%CC%E3&uploaded=0&downloaded=0&left=0&compact=1&key=IX%C4%2F6%C7%CC%E3&numwant=50&no_peer_id=1&port=6881&event=started&supportcrypto=1
Exception: [AbstractCommand.cc:340] errorCode=2 Timeout.
2026-08-16 04:45:36.679531 [ERROR] [AbstractCommand.cc:349] CUID#23423 - Download aborted. URI=http://tracker.openbittorrent.com:80/announce?info_hash=%2A%AF%3B%C1%80%92%280%97%D6%A41_%1D%89%92%AD%AEz%A4&peer_id=A2-1-37-0-%D1%2AIX%C4%2F6%C7%CC%E3&uploaded=0&downloaded=0&left=0&compact=1&key=IX%C4%2F6%C7%CC%E3&numwant=50&no_peer_id=1&port=6881&event=started&supportcrypto=1
Exception: [AbstractCommand.cc:351] errorCode=22 URI=http://tracker.openbittorrent.com:80/announce?info_hash=%2A%AF%3B%C1%80%92%280%97%D6%A41_%1D%89%92%AD%AEz%A4&peer_id=A2-1-37-0-%D1%2AIX%C4%2F6%C7%CC%E3&uploaded=0&downloaded=0&left=0&compact=1&key=IX%C4%2F6%C7%CC%E3&numwant=50&no_peer_id=1&port=6881&event=started&supportcrypto=1
  -> [HttpSkipResponseCommand.cc:239] errorCode=22 The response status is not successful. status=403
2026-08-16 04:50:37.862517 [ERROR] [AbstractCommand.cc:377] CUID#23481 - Download aborted. URI=http://tracker.tntvillage.scambioetico.org:2710/announce?info_hash=%2A%AF%3B%C1%80%92%280%97%D6%A41_%1D%89%92%AD%AEz%A4&peer_id=A2-1-37-0-%D1%2AIX%C4%2F6%C7%CC%E3&uploaded=0&downloaded=0&left=0&compact=1&key=IX%C4%2F6%C7%CC%E3&numwant=50&no_peer_id=1&port=6881&event=started&supportcrypto=1
Exception: [AbstractCommand.cc:340] errorCode=2 Timeout.
2026-08-16 04:51:22.904695 [ERROR] [AbstractCommand.cc:349] CUID#23532 - Download aborted. URI=http://tracker.openbittorrent.com:80/announce?info_hash=%2A%AF%3B%C1%80%92%280%97%D6%A41_%1D%89%92%AD%AEz%A4&peer_id=A2-1-37-0-%D1%2AIX%C4%2F6%C7%CC%E3&uploaded=0&downloaded=0&left=0&compact=1&key=IX%C4%2F6%C7%CC%E3&numwant=50&no_peer_id=1&port=6881&event=started&supportcrypto=1
Exception: [AbstractCommand.cc:351] errorCode=22 URI=http://tracker.openbittorrent.com:80/announce?info_hash=%2A%AF%3B%C1%80%92%280%97%D6%A41_%1D%89%92%AD%AEz%A4&peer_id=A2-1-37-0-%D1%2AIX%C4%2F6%C7%CC%E3&uploaded=0&downloaded=0&left=0&compact=1&key=IX%C4%2F6%C7%CC%E3&numwant=50&no_peer_id=1&port=6881&event=started&supportcrypto=1
  -> [HttpSkipResponseCommand.cc:239] errorCode=22 The response status is not successful. status=403
2026-08-16 04:56:23.093277 [ERROR] [AbstractCommand.cc:377] CUID#23591 - Download aborted. URI=http://tracker.tntvillage.scambioetico.org:2710/announce?info_hash=%2A%AF%3B%C1%80%92%280%97%D6%A41_%1D%89%92%AD%AEz%A4&peer_id=A2-1-37-0-%D1%2AIX%C4%2F6%C7%CC%E3&uploaded=0&downloaded=0&left=0&compact=1&key=IX%C4%2F6%C7%CC%E3&numwant=50&no_peer_id=1&port=6881&event=started&supportcrypto=1
Exception: [AbstractCommand.cc:340] errorCode=2 Timeout.
2026-08-16 05:00:43.262176 [ERROR] [AbstractCommand.cc:377] CUID#23670 - Download aborted. URI=http://tracker.tntvillage.scambioetico.org:2710/announce?info_hash=%2A%AF%3B%C1%80%92%280%97%D6%A41_%1D%89%92%AD%AEz%A4&peer_id=A2-1-37-0-%D1%2AIX%C4%2F6%C7%CC%E3&uploaded=0&downloaded=0&left=0&compact=1&key=IX%C4%2F6%C7%CC%E3&numwant=50&no_peer_id=1&port=6881&event=started&supportcrypto=1
Exception: [AbstractCommand.cc:340] errorCode=2 Timeout.
2026-08-16 05:01:24.295847 [ERROR] [AbstractCommand.cc:349] CUID#23721 - Download aborted. URI=http://tracker.openbittorrent.com:80/announce?info_hash=%2A%AF%3B%C1%80%92%280%97%D6%A41_%1D%89%92%AD%AEz%A4&peer_id=A2-1-37-0-%D1%2AIX%C4%2F6%C7%CC%E3&uploaded=0&downloaded=0&left=0&compact=1&key=IX%C4%2F6%C7%CC%E3&numwant=50&no_peer_id=1&port=6881&event=started&supportcrypto=1
Exception: [AbstractCommand.cc:351] errorCode=22 URI=http://tracker.openbittorrent.com:80/announce?info_hash=%2A%AF%3B%C1%80%92%280%97%D6%A41_%1D%89%92%AD%AEz%A4&peer_id=A2-1-37-0-%D1%2AIX%C4%2F6%C7%CC%E3&uploaded=0&downloaded=0&left=0&compact=1&key=IX%C4%2F6%C7%CC%E3&numwant=50&no_peer_id=1&port=6881&event=started&supportcrypto=1
  -> [HttpSkipResponseCommand.cc:239] errorCode=22 The response status is not successful. status=403
2026-08-16 05:06:27.501861 [ERROR] [AbstractCommand.cc:377] CUID#23779 - Download aborted. URI=http://tracker.tntvillage.scambioetico.org:2710/announce?info_hash=%2A%AF%3B%C1%80%92%280%97%D6%A41_%1D%89%92%AD%AEz%A4&peer_id=A2-1-37-0-%D1%2AIX%C4%2F6%C7%CC%E3&uploaded=0&downloaded=0&left=0&compact=1&key=IX%C4%2F6%C7%CC%E3&numwant=50&no_peer_id=1&port=6881&event=started&supportcrypto=1
Exception: [AbstractCommand.cc:340] errorCode=2 Timeout.
2026-08-16 05:10:55.994306 [ERROR] [AbstractCommand.cc:377] CUID#23861 - Download aborted. URI=http://tracker.tntvillage.scambioetico.org:2710/announce?info_hash=%2A%AF%3B%C1%80%92%280%97%D6%A41_%1D%89%92%AD%AEz%A4&peer_id=A2-1-37-0-%D1%2AIX%C4%2F6%C7%CC%E3&uploaded=0&downloaded=0&left=0&compact=1&key=IX%C4%2F6%C7%CC%E3&numwant=50&no_peer_id=1&port=6881&event=started&supportcrypto=1
Exception: [AbstractCommand.cc:340] errorCode=2 Timeout.
2026-08-16 05:15:29.852712 [ERROR] [AbstractCommand.cc:377] CUID#23943 - Download aborted. URI=http://tracker.tntvillage.scambioetico.org:2710/announce?info_hash=%2A%AF%3B%C1%80%92%280%97%D6%A41_%1D%89%92%AD%AEz%A4&peer_id=A2-1-37-0-%D1%2AIX%C4%2F6%C7%CC%E3&uploaded=0&downloaded=0&left=0&compact=1&key=IX%C4%2F6%C7%CC%E3&numwant=50&no_peer_id=1&port=6881&event=started&supportcrypto=1
Exception: [AbstractCommand.cc:340] errorCode=2 Timeout.
2026-08-16 05:19:58.727299 [ERROR] [AbstractCommand.cc:377] CUID#24038 - Download aborted. URI=http://tracker.tntvillage.scambioetico.org:2710/announce?info_hash=%2A%AF%3B%C1%80%92%280%97%D6%A41_%1D%89%92%AD%AEz%A4&peer_id=A2-1-37-0-%D1%2AIX%C4%2F6%C7%CC%E3&uploaded=0&downloaded=0&left=0&compact=1&key=IX%C4%2F6%C7%CC%E3&numwant=50&no_peer_id=1&port=6881&event=started&supportcrypto=1
Exception: [AbstractCommand.cc:340] errorCode=2 Timeout.
2026-08-16 05:24:25.211344 [ERROR] [AbstractCommand.cc:377] CUID#24108 - Download aborted. URI=http://tracker.tntvillage.scambioetico.org:2710/announce?info_hash=%2A%AF%3B%C1%80%92%280%97%D6%A41_%1D%89%92%AD%AEz%A4&peer_id=A2-1-37-0-%D1%2AIX%C4%2F6%C7%CC%E3&uploaded=0&downloaded=0&left=0&compact=1&key=IX%C4%2F6%C7%CC%E3&numwant=50&no_peer_id=1&port=6881&event=started&supportcrypto=1
Exception: [AbstractCommand.cc:340] errorCode=2 Timeout.
2026-08-16 05:28:54.385482 [ERROR] [AbstractCommand.cc:377] CUID#24176 - Download aborted. URI=http://tracker.tntvillage.scambioetico.org:2710/announce?info_hash=%2A%AF%3B%C1%80%92%280%97%D6%A41_%1D%89%92%AD%AEz%A4&peer_id=A2-1-37-0-%D1%2AIX%C4%2F6%C7%CC%E3&uploaded=0&downloaded=0&left=0&compact=1&key=IX%C4%2F6%C7%CC%E3&numwant=50&no_peer_id=1&port=6881&event=started&supportcrypto=1
Exception: [AbstractCommand.cc:340] errorCode=2 Timeout.
2026-08-16 05:33:24.561236 [ERROR] [AbstractCommand.cc:377] CUID#24248 - Download aborted. URI=http://tracker.tntvillage.scambioetico.org:2710/announce?info_hash=%2A%AF%3B%C1%80%92%280%97%D6%A41_%1D%89%92%AD%AEz%A4&peer_id=A2-1-37-0-%D1%2AIX%C4%2F6%C7%CC%E3&uploaded=0&downloaded=0&left=0&compact=1&key=IX%C4%2F6%C7%CC%E3&numwant=50&no_peer_id=1&port=6881&event=started&supportcrypto=1
Exception: [AbstractCommand.cc:340] errorCode=2 Timeout.
2026-08-16 05:37:53.105825 [ERROR] [AbstractCommand.cc:377] CUID#24375 - Download aborted. URI=http://tracker.tntvillage.scambioetico.org:2710/announce?info_hash=%2A%AF%3B%C1%80%92%280%97%D6%A41_%1D%89%92%AD%AEz%A4&peer_id=A2-1-37-0-%D1%2AIX%C4%2F6%C7%CC%E3&uploaded=0&downloaded=0&left=0&compact=1&key=IX%C4%2F6%C7%CC%E3&numwant=50&no_peer_id=1&port=6881&event=started&supportcrypto=1
Exception: [AbstractCommand.cc:340] errorCode=2 Timeout.
2026-08-16 05:42:22.702604 [ERROR] [AbstractCommand.cc:377] CUID#24450 - Download aborted. URI=http://tracker.tntvillage.scambioetico.org:2710/announce?info_hash=%2A%AF%3B%C1%80%92%280%97%D6%A41_%1D%89%92%AD%AEz%A4&peer_id=A2-1-37-0-%D1%2AIX%C4%2F6%C7%CC%E3&uploaded=0&downloaded=0&left=0&compact=1&key=IX%C4%2F6%C7%CC%E3&numwant=50&no_peer_id=1&port=6881&event=started&supportcrypto=1
Exception: [AbstractCommand.cc:340] errorCode=2 Timeout.
2026-08-16 05:43:03.029228 [ERROR] [AbstractCommand.cc:349] CUID#24494 - Download aborted. URI=http://tracker.openbittorrent.com:80/announce?info_hash=%2A%AF%3B%C1%80%92%280%97%D6%A41_%1D%89%92%AD%AEz%A4&peer_id=A2-1-37-0-%D1%2AIX%C4%2F6%C7%CC%E3&uploaded=0&downloaded=0&left=0&compact=1&key=IX%C4%2F6%C7%CC%E3&numwant=50&no_peer_id=1&port=6881&event=started&supportcrypto=1
Exception: [AbstractCommand.cc:351] errorCode=22 URI=http://tracker.openbittorrent.com:80/announce?info_hash=%2A%AF%3B%C1%80%92%280%97%D6%A41_%1D%89%92%AD%AEz%A4&peer_id=A2-1-37-0-%D1%2AIX%C4%2F6%C7%CC%E3&uploaded=0&downloaded=0&left=0&compact=1&key=IX%C4%2F6%C7%CC%E3&numwant=50&no_peer_id=1&port=6881&event=started&supportcrypto=1
  -> [HttpSkipResponseCommand.cc:239] errorCode=22 The response status is not successful. status=403
2026-08-16 05:48:05.142755 [ERROR] [AbstractCommand.cc:377] CUID#24548 - Download aborted. URI=http://tracker.tntvillage.scambioetico.org:2710/announce?info_hash=%2A%AF%3B%C1%80%92%280%97%D6%A41_%1D%89%92%AD%AEz%A4&peer_id=A2-1-37-0-%D1%2AIX%C4%2F6%C7%CC%E3&uploaded=0&downloaded=0&left=0&compact=1&key=IX%C4%2F6%C7%CC%E3&numwant=50&no_peer_id=1&port=6881&event=started&supportcrypto=1
Exception: [AbstractCommand.cc:340] errorCode=2 Timeout.
2026-08-16 05:52:28.318796 [ERROR] [AbstractCommand.cc:377] CUID#24615 - Download aborted. URI=http://tracker.tntvillage.scambioetico.org:2710/announce?info_hash=%2A%AF%3B%C1%80%92%280%97%D6%A41_%1D%89%92%AD%AEz%A4&peer_id=A2-1-37-0-%D1%2AIX%C4%2F6%C7%CC%E3&uploaded=0&downloaded=0&left=0&compact=1&key=IX%C4%2F6%C7%CC%E3&numwant=50&no_peer_id=1&port=6881&event=started&supportcrypto=1
Exception: [AbstractCommand.cc:340] errorCode=2 Timeout.
2026-08-16 05:56:51.230856 [ERROR] [AbstractCommand.cc:377] CUID#24686 - Download aborted. URI=http://tracker.tntvillage.scambioetico.org:2710/announce?info_hash=%2A%AF%3B%C1%80%92%280%97%D6%A41_%1D%89%92%AD%AEz%A4&peer_id=A2-1-37-0-%D1%2AIX%C4%2F6%C7%CC%E3&uploaded=0&downloaded=0&left=0&compact=1&key=IX%C4%2F6%C7%CC%E3&numwant=50&no_peer_id=1&port=6881&event=started&supportcrypto=1
Exception: [AbstractCommand.cc:340] errorCode=2 Timeout.
2026-08-16 06:01:20.663398 [ERROR] [AbstractCommand.cc:377] CUID#24757 - Download aborted. URI=http://tracker.tntvillage.scambioetico.org:2710/announce?info_hash=%2A%AF%3B%C1%80%92%280%97%D6%A41_%1D%89%92%AD%AEz%A4&peer_id=A2-1-37-0-%D1%2AIX%C4%2F6%C7%CC%E3&uploaded=0&downloaded=0&left=0&compact=1&key=IX%C4%2F6%C7%CC%E3&numwant=50&no_peer_id=1&port=6881&event=started&supportcrypto=1
Exception: [AbstractCommand.cc:340] errorCode=2 Timeout.
2026-08-16 06:05:42.846194 [ERROR] [AbstractCommand.cc:377] CUID#24826 - Download aborted. URI=http://tracker.tntvillage.scambioetico.org:2710/announce?info_hash=%2A%AF%3B%C1%80%92%280%97%D6%A41_%1D%89%92%AD%AEz%A4&peer_id=A2-1-37-0-%D1%2AIX%C4%2F6%C7%CC%E3&uploaded=0&downloaded=0&left=0&compact=1&key=IX%C4%2F6%C7%CC%E3&numwant=50&no_peer_id=1&port=6881&event=started&supportcrypto=1
Exception: [AbstractCommand.cc:340] errorCode=2 Timeout.
2026-08-16 06:10:12.018741 [ERROR] [AbstractCommand.cc:377] CUID#24897 - Download aborted. URI=http://tracker.tntvillage.scambioetico.org:2710/announce?info_hash=%2A%AF%3B%C1%80%92%280%97%D6%A41_%1D%89%92%AD%AEz%A4&peer_id=A2-1-37-0-%D1%2AIX%C4%2F6%C7%CC%E3&uploaded=0&downloaded=0&left=0&compact=1&key=IX%C4%2F6%C7%CC%E3&numwant=50&no_peer_id=1&port=6881&event=started&supportcrypto=1
Exception: [AbstractCommand.cc:340] errorCode=2 Timeout.
2026-08-16 06:10:51.589004 [ERROR] [AbstractCommand.cc:349] CUID#24941 - Download aborted. URI=http://tracker.openbittorrent.com:80/announce?info_hash=%2A%AF%3B%C1%80%92%280%97%D6%A41_%1D%89%92%AD%AEz%A4&peer_id=A2-1-37-0-%D1%2AIX%C4%2F6%C7%CC%E3&uploaded=0&downloaded=0&left=0&compact=1&key=IX%C4%2F6%C7%CC%E3&numwant=50&no_peer_id=1&port=6881&event=started&supportcrypto=1
Exception: [AbstractCommand.cc:351] errorCode=22 URI=http://tracker.openbittorrent.com:80/announce?info_hash=%2A%AF%3B%C1%80%92%280%97%D6%A41_%1D%89%92%AD%AEz%A4&peer_id=A2-1-37-0-%D1%2AIX%C4%2F6%C7%CC%E3&uploaded=0&downloaded=0&left=0&compact=1&key=IX%C4%2F6%C7%CC%E3&numwant=50&no_peer_id=1&port=6881&event=started&supportcrypto=1
  -> [HttpSkipResponseCommand.cc:239] errorCode=22 The response status is not successful. status=403
2026-08-16 06:16:09.364187 [ERROR] [AbstractCommand.cc:377] CUID#25133 - Download aborted. URI=http://tracker.tntvillage.scambioetico.org:2710/announce?info_hash=%2A%AF%3B%C1%80%92%280%97%D6%A41_%1D%89%92%AD%AEz%A4&peer_id=A2-1-37-0-%D1%2AIX%C4%2F6%C7%CC%E3&uploaded=0&downloaded=0&left=0&compact=1&key=IX%C4%2F6%C7%CC%E3&numwant=50&no_peer_id=1&port=6881&event=started&supportcrypto=1
Exception: [AbstractCommand.cc:340] errorCode=2 Timeout.
2026-08-16 06:16:48.330846 [ERROR] [AbstractCommand.cc:349] CUID#25177 - Download aborted. URI=http://tracker.openbittorrent.com:80/announce?info_hash=%2A%AF%3B%C1%80%92%280%97%D6%A41_%1D%89%92%AD%AEz%A4&peer_id=A2-1-37-0-%D1%2AIX%C4%2F6%C7%CC%E3&uploaded=0&downloaded=0&left=0&compact=1&key=IX%C4%2F6%C7%CC%E3&numwant=50&no_peer_id=1&port=6881&event=started&supportcrypto=1
Exception: [AbstractCommand.cc:351] errorCode=22 URI=http://tracker.openbittorrent.com:80/announce?info_hash=%2A%AF%3B%C1%80%92%280%97%D6%A41_%1D%89%92%AD%AEz%A4&peer_id=A2-1-37-0-%D1%2AIX%C4%2F6%C7%CC%E3&uploaded=0&downloaded=0&left=0&compact=1&key=IX%C4%2F6%C7%CC%E3&numwant=50&no_peer_id=1&port=6881&event=started&supportcrypto=1
  -> [HttpSkipResponseCommand.cc:239] errorCode=22 The response status is not successful. status=403
2026-08-16 06:21:51.163601 [ERROR] [AbstractCommand.cc:377] CUID#25228 - Download aborted. URI=http://tracker.tntvillage.scambioetico.org:2710/announce?info_hash=%2A%AF%3B%C1%80%92%280%97%D6%A41_%1D%89%92%AD%AEz%A4&peer_id=A2-1-37-0-%D1%2AIX%C4%2F6%C7%CC%E3&uploaded=0&downloaded=0&left=0&compact=1&key=IX%C4%2F6%C7%CC%E3&numwant=50&no_peer_id=1&port=6881&event=started&supportcrypto=1
Exception: [AbstractCommand.cc:340] errorCode=2 Timeout.
2026-08-16 06:22:32.528265 [ERROR] [AbstractCommand.cc:349] CUID#25272 - Download aborted. URI=http://tracker.openbittorrent.com:80/announce?info_hash=%2A%AF%3B%C1%80%92%280%97%D6%A41_%1D%89%92%AD%AEz%A4&peer_id=A2-1-37-0-%D1%2AIX%C4%2F6%C7%CC%E3&uploaded=0&downloaded=0&left=0&compact=1&key=IX%C4%2F6%C7%CC%E3&numwant=50&no_peer_id=1&port=6881&event=started&supportcrypto=1
Exception: [AbstractCommand.cc:351] errorCode=22 URI=http://tracker.openbittorrent.com:80/announce?info_hash=%2A%AF%3B%C1%80%92%280%97%D6%A41_%1D%89%92%AD%AEz%A4&peer_id=A2-1-37-0-%D1%2AIX%C4%2F6%C7%CC%E3&uploaded=0&downloaded=0&left=0&compact=1&key=IX%C4%2F6%C7%CC%E3&numwant=50&no_peer_id=1&port=6881&event=started&supportcrypto=1
  -> [HttpSkipResponseCommand.cc:239] errorCode=22 The response status is not successful. status=403
2026-08-16 06:28:28.738816 [ERROR] [AbstractCommand.cc:377] CUID#25339 - Download aborted. URI=http://tracker.tntvillage.scambioetico.org:2710/announce?info_hash=%2A%AF%3B%C1%80%92%280%97%D6%A41_%1D%89%92%AD%AEz%A4&peer_id=A2-1-37-0-%D1%2AIX%C4%2F6%C7%CC%E3&uploaded=0&downloaded=0&left=0&compact=1&key=IX%C4%2F6%C7%CC%E3&numwant=50&no_peer_id=1&port=6881&event=started&supportcrypto=1
Exception: [AbstractCommand.cc:340] errorCode=2 Timeout.
2026-08-16 06:32:52.258646 [ERROR] [AbstractCommand.cc:377] CUID#25407 - Download aborted. URI=http://tracker.tntvillage.scambioetico.org:2710/announce?info_hash=%2A%AF%3B%C1%80%92%280%97%D6%A41_%1D%89%92%AD%AEz%A4&peer_id=A2-1-37-0-%D1%2AIX%C4%2F6%C7%CC%E3&uploaded=0&downloaded=0&left=0&compact=1&key=IX%C4%2F6%C7%CC%E3&numwant=50&no_peer_id=1&port=6881&event=started&supportcrypto=1
Exception: [AbstractCommand.cc:340] errorCode=2 Timeout.
2026-08-16 06:33:31.943366 [ERROR] [AbstractCommand.cc:349] CUID#25451 - Download aborted. URI=http://tracker.openbittorrent.com:80/announce?info_hash=%2A%AF%3B%C1%80%92%280%97%D6%A41_%1D%89%92%AD%AEz%A4&peer_id=A2-1-37-0-%D1%2AIX%C4%2F6%C7%CC%E3&uploaded=0&downloaded=0&left=0&compact=1&key=IX%C4%2F6%C7%CC%E3&numwant=50&no_peer_id=1&port=6881&event=started&supportcrypto=1
Exception: [AbstractCommand.cc:351] errorCode=22 URI=http://tracker.openbittorrent.com:80/announce?info_hash=%2A%AF%3B%C1%80%92%280%97%D6%A41_%1D%89%92%AD%AEz%A4&peer_id=A2-1-37-0-%D1%2AIX%C4%2F6%C7%CC%E3&uploaded=0&downloaded=0&left=0&compact=1&key=IX%C4%2F6%C7%CC%E3&numwant=50&no_peer_id=1&port=6881&event=started&supportcrypto=1
  -> [HttpSkipResponseCommand.cc:239] errorCode=22 The response status is not successful. status=403
2026-08-16 06:38:34.456496 [ERROR] [AbstractCommand.cc:377] CUID#25502 - Download aborted. URI=http://tracker.tntvillage.scambioetico.org:2710/announce?info_hash=%2A%AF%3B%C1%80%92%280%97%D6%A41_%1D%89%92%AD%AEz%A4&peer_id=A2-1-37-0-%D1%2AIX%C4%2F6%C7%CC%E3&uploaded=0&downloaded=0&left=0&compact=1&key=IX%C4%2F6%C7%CC%E3&numwant=50&no_peer_id=1&port=6881&event=started&supportcrypto=1
Exception: [AbstractCommand.cc:340] errorCode=2 Timeout.
2026-08-16 06:43:03.314577 [ERROR] [AbstractCommand.cc:377] CUID#25573 - Download aborted. URI=http://tracker.tntvillage.scambioetico.org:2710/announce?info_hash=%2A%AF%3B%C1%80%92%280%97%D6%A41_%1D%89%92%AD%AEz%A4&peer_id=A2-1-37-0-%D1%2AIX%C4%2F6%C7%CC%E3&uploaded=0&downloaded=0&left=0&compact=1&key=IX%C4%2F6%C7%CC%E3&numwant=50&no_peer_id=1&port=6881&event=started&supportcrypto=1
Exception: [AbstractCommand.cc:340] errorCode=2 Timeout.
2026-08-16 06:43:42.345314 [ERROR] [AbstractCommand.cc:349] CUID#25617 - Download aborted. URI=http://tracker.openbittorrent.com:80/announce?info_hash=%2A%AF%3B%C1%80%92%280%97%D6%A41_%1D%89%92%AD%AEz%A4&peer_id=A2-1-37-0-%D1%2AIX%C4%2F6%C7%CC%E3&uploaded=0&downloaded=0&left=0&compact=1&key=IX%C4%2F6%C7%CC%E3&numwant=50&no_peer_id=1&port=6881&event=started&supportcrypto=1
Exception: [AbstractCommand.cc:351] errorCode=22 URI=http://tracker.openbittorrent.com:80/announce?info_hash=%2A%AF%3B%C1%80%92%280%97%D6%A41_%1D%89%92%AD%AEz%A4&peer_id=A2-1-37-0-%D1%2AIX%C4%2F6%C7%CC%E3&uploaded=0&downloaded=0&left=0&compact=1&key=IX%C4%2F6%C7%CC%E3&numwant=50&no_peer_id=1&port=6881&event=started&supportcrypto=1
  -> [HttpSkipResponseCommand.cc:239] errorCode=22 The response status is not successful. status=403
2026-08-16 06:48:46.083121 [ERROR] [AbstractCommand.cc:377] CUID#25670 - Download aborted. URI=http://tracker.tntvillage.scambioetico.org:2710/announce?info_hash=%2A%AF%3B%C1%80%92%280%97%D6%A41_%1D%89%92%AD%AEz%A4&peer_id=A2-1-37-0-%D1%2AIX%C4%2F6%C7%CC%E3&uploaded=0&downloaded=0&left=0&compact=1&key=IX%C4%2F6%C7%CC%E3&numwant=50&no_peer_id=1&port=6881&event=started&supportcrypto=1
Exception: [AbstractCommand.cc:340] errorCode=2 Timeout.
2026-08-16 06:53:09.722052 [ERROR] [AbstractCommand.cc:377] CUID#25740 - Download aborted. URI=http://tracker.tntvillage.scambioetico.org:2710/announce?info_hash=%2A%AF%3B%C1%80%92%280%97%D6%A41_%1D%89%92%AD%AEz%A4&peer_id=A2-1-37-0-%D1%2AIX%C4%2F6%C7%CC%E3&uploaded=0&downloaded=0&left=0&compact=1&key=IX%C4%2F6%C7%CC%E3&numwant=50&no_peer_id=1&port=6881&event=started&supportcrypto=1
Exception: [AbstractCommand.cc:340] errorCode=2 Timeout.
2026-08-16 06:53:48.477258 [ERROR] [AbstractCommand.cc:349] CUID#25784 - Download aborted. URI=http://tracker.openbittorrent.com:80/announce?info_hash=%2A%AF%3B%C1%80%92%280%97%D6%A41_%1D%89%92%AD%AEz%A4&peer_id=A2-1-37-0-%D1%2AIX%C4%2F6%C7%CC%E3&uploaded=0&downloaded=0&left=0&compact=1&key=IX%C4%2F6%C7%CC%E3&numwant=50&no_peer_id=1&port=6881&event=started&supportcrypto=1
Exception: [AbstractCommand.cc:351] errorCode=22 URI=http://tracker.openbittorrent.com:80/announce?info_hash=%2A%AF%3B%C1%80%92%280%97%D6%A41_%1D%89%92%AD%AEz%A4&peer_id=A2-1-37-0-%D1%2AIX%C4%2F6%C7%CC%E3&uploaded=0&downloaded=0&left=0&compact=1&key=IX%C4%2F6%C7%CC%E3&numwant=50&no_peer_id=1&port=6881&event=started&supportcrypto=1
  -> [HttpSkipResponseCommand.cc:239] errorCode=22 The response status is not successful. status=403
2026-08-16 06:58:52.479354 [ERROR] [AbstractCommand.cc:377] CUID#25835 - Download aborted. URI=http://tracker.tntvillage.scambioetico.org:2710/announce?info_hash=%2A%AF%3B%C1%80%92%280%97%D6%A41_%1D%89%92%AD%AEz%A4&peer_id=A2-1-37-0-%D1%2AIX%C4%2F6%C7%CC%E3&uploaded=0&downloaded=0&left=0&compact=1&key=IX%C4%2F6%C7%CC%E3&numwant=50&no_peer_id=1&port=6881&event=started&supportcrypto=1
Exception: [AbstractCommand.cc:340] errorCode=2 Timeout.
2026-08-16 06:59:37.979406 [ERROR] [AbstractCommand.cc:349] CUID#25881 - Download aborted. URI=http://tracker.openbittorrent.com:80/announce?info_hash=%2A%AF%3B%C1%80%92%280%97%D6%A41_%1D%89%92%AD%AEz%A4&peer_id=A2-1-37-0-%D1%2AIX%C4%2F6%C7%CC%E3&uploaded=0&downloaded=0&left=0&compact=1&key=IX%C4%2F6%C7%CC%E3&numwant=50&no_peer_id=1&port=6881&event=started&supportcrypto=1
Exception: [AbstractCommand.cc:351] errorCode=22 URI=http://tracker.openbittorrent.com:80/announce?info_hash=%2A%AF%3B%C1%80%92%280%97%D6%A41_%1D%89%92%AD%AEz%A4&peer_id=A2-1-37-0-%D1%2AIX%C4%2F6%C7%CC%E3&uploaded=0&downloaded=0&left=0&compact=1&key=IX%C4%2F6%C7%CC%E3&numwant=50&no_peer_id=1&port=6881&event=started&supportcrypto=1
  -> [HttpSkipResponseCommand.cc:239] errorCode=22 The response status is not successful. status=403
2026-08-16 07:04:38.178808 [ERROR] [AbstractCommand.cc:377] CUID#25935 - Download aborted. URI=http://tracker.tntvillage.scambioetico.org:2710/announce?info_hash=%2A%AF%3B%C1%80%92%280%97%D6%A41_%1D%89%92%AD%AEz%A4&peer_id=A2-1-37-0-%D1%2AIX%C4%2F6%C7%CC%E3&uploaded=0&downloaded=0&left=0&compact=1&key=IX%C4%2F6%C7%CC%E3&numwant=50&no_peer_id=1&port=6881&event=started&supportcrypto=1
Exception: [AbstractCommand.cc:340] errorCode=2 Timeout.
2026-08-16 07:05:17.205812 [ERROR] [AbstractCommand.cc:349] CUID#25976 - Download aborted. URI=http://tracker.openbittorrent.com:80/announce?info_hash=%2A%AF%3B%C1%80%92%280%97%D6%A41_%1D%89%92%AD%AEz%A4&peer_id=A2-1-37-0-%D1%2AIX%C4%2F6%C7%CC%E3&uploaded=0&downloaded=0&left=0&compact=1&key=IX%C4%2F6%C7%CC%E3&numwant=50&no_peer_id=1&port=6881&event=started&supportcrypto=1
Exception: [AbstractCommand.cc:351] errorCode=22 URI=http://tracker.openbittorrent.com:80/announce?info_hash=%2A%AF%3B%C1%80%92%280%97%D6%A41_%1D%89%92%AD%AEz%A4&peer_id=A2-1-37-0-%D1%2AIX%C4%2F6%C7%CC%E3&uploaded=0&downloaded=0&left=0&compact=1&key=IX%C4%2F6%C7%CC%E3&numwant=50&no_peer_id=1&port=6881&event=started&supportcrypto=1
  -> [HttpSkipResponseCommand.cc:239] errorCode=22 The response status is not successful. status=403
2026-08-16 07:10:18.398993 [ERROR] [AbstractCommand.cc:377] CUID#26026 - Download aborted. URI=http://tracker.tntvillage.scambioetico.org:2710/announce?info_hash=%2A%AF%3B%C1%80%92%280%97%D6%A41_%1D%89%92%AD%AEz%A4&peer_id=A2-1-37-0-%D1%2AIX%C4%2F6%C7%CC%E3&uploaded=0&downloaded=0&left=0&compact=1&key=IX%C4%2F6%C7%CC%E3&numwant=50&no_peer_id=1&port=6881&event=started&supportcrypto=1
Exception: [AbstractCommand.cc:340] errorCode=2 Timeout.
2026-08-16 07:10:55.433401 [ERROR] [AbstractCommand.cc:349] CUID#26070 - Download aborted. URI=http://tracker.openbittorrent.com:80/announce?info_hash=%2A%AF%3B%C1%80%92%280%97%D6%A41_%1D%89%92%AD%AEz%A4&peer_id=A2-1-37-0-%D1%2AIX%C4%2F6%C7%CC%E3&uploaded=0&downloaded=0&left=0&compact=1&key=IX%C4%2F6%C7%CC%E3&numwant=50&no_peer_id=1&port=6881&event=started&supportcrypto=1
Exception: [AbstractCommand.cc:351] errorCode=22 URI=http://tracker.openbittorrent.com:80/announce?info_hash=%2A%AF%3B%C1%80%92%280%97%D6%A41_%1D%89%92%AD%AEz%A4&peer_id=A2-1-37-0-%D1%2AIX%C4%2F6%C7%CC%E3&uploaded=0&downloaded=0&left=0&compact=1&key=IX%C4%2F6%C7%CC%E3&numwant=50&no_peer_id=1&port=6881&event=started&supportcrypto=1
  -> [HttpSkipResponseCommand.cc:239] errorCode=22 The response status is not successful. status=403
2026-08-16 07:16:46.239851 [ERROR] [AbstractCommand.cc:377] CUID#26135 - Download aborted. URI=http://tracker.tntvillage.scambioetico.org:2710/announce?info_hash=%2A%AF%3B%C1%80%92%280%97%D6%A41_%1D%89%92%AD%AEz%A4&peer_id=A2-1-37-0-%D1%2AIX%C4%2F6%C7%CC%E3&uploaded=0&downloaded=0&left=0&compact=1&key=IX%C4%2F6%C7%CC%E3&numwant=50&no_peer_id=1&port=6881&event=started&supportcrypto=1
Exception: [AbstractCommand.cc:340] errorCode=2 Timeout.
2026-08-16 07:21:15.145759 [ERROR] [AbstractCommand.cc:377] CUID#26205 - Download aborted. URI=http://tracker.tntvillage.scambioetico.org:2710/announce?info_hash=%2A%AF%3B%C1%80%92%280%97%D6%A41_%1D%89%92%AD%AEz%A4&peer_id=A2-1-37-0-%D1%2AIX%C4%2F6%C7%CC%E3&uploaded=0&downloaded=0&left=0&compact=1&key=IX%C4%2F6%C7%CC%E3&numwant=50&no_peer_id=1&port=6881&event=started&supportcrypto=1
Exception: [AbstractCommand.cc:340] errorCode=2 Timeout.
2026-08-16 07:21:54.506829 [ERROR] [AbstractCommand.cc:349] CUID#26249 - Download aborted. URI=http://tracker.openbittorrent.com:80/announce?info_hash=%2A%AF%3B%C1%80%92%280%97%D6%A41_%1D%89%92%AD%AEz%A4&peer_id=A2-1-37-0-%D1%2AIX%C4%2F6%C7%CC%E3&uploaded=0&downloaded=0&left=0&compact=1&key=IX%C4%2F6%C7%CC%E3&numwant=50&no_peer_id=1&port=6881&event=started&supportcrypto=1
Exception: [AbstractCommand.cc:351] errorCode=22 URI=http://tracker.openbittorrent.com:80/announce?info_hash=%2A%AF%3B%C1%80%92%280%97%D6%A41_%1D%89%92%AD%AEz%A4&peer_id=A2-1-37-0-%D1%2AIX%C4%2F6%C7%CC%E3&uploaded=0&downloaded=0&left=0&compact=1&key=IX%C4%2F6%C7%CC%E3&numwant=50&no_peer_id=1&port=6881&event=started&supportcrypto=1
  -> [HttpSkipResponseCommand.cc:239] errorCode=22 The response status is not successful. status=403
2026-08-16 07:26:59.055659 [ERROR] [AbstractCommand.cc:377] CUID#26300 - Download aborted. URI=http://tracker.tntvillage.scambioetico.org:2710/announce?info_hash=%2A%AF%3B%C1%80%92%280%97%D6%A41_%1D%89%92%AD%AEz%A4&peer_id=A2-1-37-0-%D1%2AIX%C4%2F6%C7%CC%E3&uploaded=0&downloaded=0&left=0&compact=1&key=IX%C4%2F6%C7%CC%E3&numwant=50&no_peer_id=1&port=6881&event=started&supportcrypto=1
Exception: [AbstractCommand.cc:340] errorCode=2 Timeout.
2026-08-16 07:27:39.088646 [ERROR] [AbstractCommand.cc:349] CUID#26346 - Download aborted. URI=http://tracker.openbittorrent.com:80/announce?info_hash=%2A%AF%3B%C1%80%92%280%97%D6%A41_%1D%89%92%AD%AEz%A4&peer_id=A2-1-37-0-%D1%2AIX%C4%2F6%C7%CC%E3&uploaded=0&downloaded=0&left=0&compact=1&key=IX%C4%2F6%C7%CC%E3&numwant=50&no_peer_id=1&port=6881&event=started&supportcrypto=1
Exception: [AbstractCommand.cc:351] errorCode=22 URI=http://tracker.openbittorrent.com:80/announce?info_hash=%2A%AF%3B%C1%80%92%280%97%D6%A41_%1D%89%92%AD%AEz%A4&peer_id=A2-1-37-0-%D1%2AIX%C4%2F6%C7%CC%E3&uploaded=0&downloaded=0&left=0&compact=1&key=IX%C4%2F6%C7%CC%E3&numwant=50&no_peer_id=1&port=6881&event=started&supportcrypto=1
  -> [HttpSkipResponseCommand.cc:239] errorCode=22 The response status is not successful. status=403
2026-08-16 07:32:39.275890 [ERROR] [AbstractCommand.cc:377] CUID#26399 - Download aborted. URI=http://tracker.tntvillage.scambioetico.org:2710/announce?info_hash=%2A%AF%3B%C1%80%92%280%97%D6%A41_%1D%89%92%AD%AEz%A4&peer_id=A2-1-37-0-%D1%2AIX%C4%2F6%C7%CC%E3&uploaded=0&downloaded=0&left=0&compact=1&key=IX%C4%2F6%C7%CC%E3&numwant=50&no_peer_id=1&port=6881&event=started&supportcrypto=1
Exception: [AbstractCommand.cc:340] errorCode=2 Timeout.
2026-08-16 07:33:17.633336 [ERROR] [AbstractCommand.cc:349] CUID#26440 - Download aborted. URI=http://tracker.openbittorrent.com:80/announce?info_hash=%2A%AF%3B%C1%80%92%280%97%D6%A41_%1D%89%92%AD%AEz%A4&peer_id=A2-1-37-0-%D1%2AIX%C4%2F6%C7%CC%E3&uploaded=0&downloaded=0&left=0&compact=1&key=IX%C4%2F6%C7%CC%E3&numwant=50&no_peer_id=1&port=6881&event=started&supportcrypto=1
Exception: [AbstractCommand.cc:351] errorCode=22 URI=http://tracker.openbittorrent.com:80/announce?info_hash=%2A%AF%3B%C1%80%92%280%97%D6%A41_%1D%89%92%AD%AEz%A4&peer_id=A2-1-37-0-%D1%2AIX%C4%2F6%C7%CC%E3&uploaded=0&downloaded=0&left=0&compact=1&key=IX%C4%2F6%C7%CC%E3&numwant=50&no_peer_id=1&port=6881&event=started&supportcrypto=1
  -> [HttpSkipResponseCommand.cc:239] errorCode=22 The response status is not successful. status=403
2026-08-16 07:38:19.496283 [ERROR] [AbstractCommand.cc:377] CUID#26493 - Download aborted. URI=http://tracker.tntvillage.scambioetico.org:2710/announce?info_hash=%2A%AF%3B%C1%80%92%280%97%D6%A41_%1D%89%92%AD%AEz%A4&peer_id=A2-1-37-0-%D1%2AIX%C4%2F6%C7%CC%E3&uploaded=0&downloaded=0&left=0&compact=1&key=IX%C4%2F6%C7%CC%E3&numwant=50&no_peer_id=1&port=6881&event=started&supportcrypto=1
Exception: [AbstractCommand.cc:340] errorCode=2 Timeout.
2026-08-16 07:39:05.454665 [ERROR] [AbstractCommand.cc:349] CUID#26542 - Download aborted. URI=http://tracker.openbittorrent.com:80/announce?info_hash=%2A%AF%3B%C1%80%92%280%97%D6%A41_%1D%89%92%AD%AEz%A4&peer_id=A2-1-37-0-%D1%2AIX%C4%2F6%C7%CC%E3&uploaded=0&downloaded=0&left=0&compact=1&key=IX%C4%2F6%C7%CC%E3&numwant=50&no_peer_id=1&port=6881&event=started&supportcrypto=1
Exception: [AbstractCommand.cc:351] errorCode=22 URI=http://tracker.openbittorrent.com:80/announce?info_hash=%2A%AF%3B%C1%80%92%280%97%D6%A41_%1D%89%92%AD%AEz%A4&peer_id=A2-1-37-0-%D1%2AIX%C4%2F6%C7%CC%E3&uploaded=0&downloaded=0&left=0&compact=1&key=IX%C4%2F6%C7%CC%E3&numwant=50&no_peer_id=1&port=6881&event=started&supportcrypto=1
  -> [HttpSkipResponseCommand.cc:239] errorCode=22 The response status is not successful. status=403
